source_scope	source_path	target_unit	target_layer	target_path	result	note
legacy-root	/data/data/com.termux/files/home/02.ERP-system/.evidence-harvest/.runtime_candidate_files.txt	-	-	/data/data/com.termux/files/home/02.ERP-system/90.transition-triage/20.unclassified-global/module-unknown/.runtime_candidate_files.txt	module_unknown	could not classify module/submodule
legacy-root	/data/data/com.termux/files/home/02.ERP-system/.evidence-harvest/201_runtime_write_path_evidence.txt	-	-	/data/data/com.termux/files/home/02.ERP-system/90.transition-triage/20.unclassified-global/module-unknown/201_runtime_write_path_evidence.txt	module_unknown	could not classify module/submodule
legacy-root	/data/data/com.termux/files/home/02.ERP-system/.evidence-harvest/202_header_write_path_evidence.txt	-	-	/data/data/com.termux/files/home/02.ERP-system/90.transition-triage/20.unclassified-global/module-unknown/202_header_write_path_evidence.txt	module_unknown	could not classify module/submodule
legacy-root	/data/data/com.termux/files/home/02.ERP-system/000.platform/000_PLATFORM_INDEX.md	-	-	/data/data/com.termux/files/home/02.ERP-system/90.transition-triage/20.unclassified-global/module-unknown/000_PLATFORM_INDEX.md	module_unknown	could not classify module/submodule
legacy-root	/data/data/com.termux/files/home/02.ERP-system/000.platform/000_PLATFORM_OVERVIEW.md	-	-	/data/data/com.termux/files/home/02.ERP-system/90.transition-triage/20.unclassified-global/module-unknown/000_PLATFORM_OVERVIEW.md	module_unknown	could not classify module/submodule
legacy-root	/data/data/com.termux/files/home/02.ERP-system/000.platform/010.foundation/010_FOUNDATION_INDEX.md	-	-	/data/data/com.termux/files/home/02.ERP-system/90.transition-triage/20.unclassified-global/module-unknown/010_FOUNDATION_INDEX.md	module_unknown	could not classify module/submodule
legacy-root	/data/data/com.termux/files/home/02.ERP-system/000.platform/010.foundation/011_FOUNDATION_OVERVIEW.md	-	-	/data/data/com.termux/files/home/02.ERP-system/90.transition-triage/20.unclassified-global/module-unknown/011_FOUNDATION_OVERVIEW.md	module_unknown	could not classify module/submodule
legacy-root	/data/data/com.termux/files/home/02.ERP-system/000.platform/010.foundation/014_DOCUMENT_ARCHITECTURE.md	-	-	/data/data/com.termux/files/home/02.ERP-system/90.transition-triage/20.unclassified-global/module-unknown/014_DOCUMENT_ARCHITECTURE.md	module_unknown	could not classify module/submodule
legacy-root	/data/data/com.termux/files/home/02.ERP-system/000.platform/010.foundation/015_DOCUMENT_NUMBERING_MODEL.md	-	-	/data/data/com.termux/files/home/02.ERP-system/90.transition-triage/20.unclassified-global/module-unknown/015_DOCUMENT_NUMBERING_MODEL.md	module_unknown	could not classify module/submodule
legacy-root	/data/data/com.termux/files/home/02.ERP-system/000.platform/010.foundation/016_DOCUMENT_LIFECYCLE_MODEL.md	-	-	/data/data/com.termux/files/home/02.ERP-system/90.transition-triage/20.unclassified-global/module-unknown/016_DOCUMENT_LIFECYCLE_MODEL.md	module_unknown	could not classify module/submodule
legacy-root	/data/data/com.termux/files/home/02.ERP-system/000.platform/010.foundation/094_ERP_DOCUMENT_LIFECYCLE_ARCHITECTURE.md	-	-	/data/data/com.termux/files/home/02.ERP-system/90.transition-triage/20.unclassified-global/module-unknown/094_ERP_DOCUMENT_LIFECYCLE_ARCHITECTURE.md	module_unknown	could not classify module/submodule
legacy-root	/data/data/com.termux/files/home/02.ERP-system/000.platform/020.security/020_SECURITY_INDEX.md	-	-	/data/data/com.termux/files/home/02.ERP-system/90.transition-triage/20.unclassified-global/module-unknown/020_SECURITY_INDEX.md	module_unknown	could not classify module/submodule
legacy-root	/data/data/com.termux/files/home/02.ERP-system/000.platform/020.security/021_SECURITY_OVERVIEW.md	-	-	/data/data/com.termux/files/home/02.ERP-system/90.transition-triage/20.unclassified-global/module-unknown/021_SECURITY_OVERVIEW.md	module_unknown	could not classify module/submodule
legacy-root	/data/data/com.termux/files/home/02.ERP-system/99.archive/20260422_224743/module-design-reset/51.audit/020.architecture/024_AUDIT_ARCHITECTURE.md	51.audit	020.architecture	/data/data/com.termux/files/home/02.ERP-system/51.audit/020.architecture/024_AUDIT_ARCHITECTURE.md	distributed	copied to canonical layer and archived source
legacy-root	/data/data/com.termux/files/home/02.ERP-system/000.platform/020.security/025_OPERATION_LOG_MODEL.md	-	-	/data/data/com.termux/files/home/02.ERP-system/90.transition-triage/20.unclassified-global/module-unknown/025_OPERATION_LOG_MODEL.md	module_unknown	could not classify module/submodule
legacy-root	/data/data/com.termux/files/home/02.ERP-system/99.archive/20260422_224743/module-design-reset/51.audit/030.model/026_COMPLIANCE_AUDIT_MODEL.md	51.audit	030.model	/data/data/com.termux/files/home/02.ERP-system/51.audit/030.model/026_COMPLIANCE_AUDIT_MODEL.md	distributed	copied to canonical layer and archived source
legacy-root	/data/data/com.termux/files/home/02.ERP-system/000.platform/020.security/027_ERP_JOB_MONITORING_MODEL.md	-	-	/data/data/com.termux/files/home/02.ERP-system/90.transition-triage/20.unclassified-global/module-unknown/027_ERP_JOB_MONITORING_MODEL.md	module_unknown	could not classify module/submodule
legacy-root	/data/data/com.termux/files/home/02.ERP-system/000.platform/020.security/028_ERP_RUNTIME_HEALTH_MODEL.md	-	-	/data/data/com.termux/files/home/02.ERP-system/90.transition-triage/20.unclassified-global/module-unknown/028_ERP_RUNTIME_HEALTH_MODEL.md	module_unknown	could not classify module/submodule
legacy-root	/data/data/com.termux/files/home/02.ERP-system/000.platform/020.security/096_ERP_ERROR_HANDLING_ARCHITECTURE.md	-	-	/data/data/com.termux/files/home/02.ERP-system/90.transition-triage/20.unclassified-global/module-unknown/096_ERP_ERROR_HANDLING_ARCHITECTURE.md	module_unknown	could not classify module/submodule
legacy-root	/data/data/com.termux/files/home/02.ERP-system/000.platform/020.security/097_ERP_DATA_RETENTION_POLICY.md	-	-	/data/data/com.termux/files/home/02.ERP-system/90.transition-triage/20.unclassified-global/module-unknown/097_ERP_DATA_RETENTION_POLICY.md	module_unknown	could not classify module/submodule
legacy-root	/data/data/com.termux/files/home/02.ERP-system/000.platform/020.security/098_ERP_DISASTER_RECOVERY_ARCHITECTURE.md	-	-	/data/data/com.termux/files/home/02.ERP-system/90.transition-triage/20.unclassified-global/module-unknown/098_ERP_DISASTER_RECOVERY_ARCHITECTURE.md	module_unknown	could not classify module/submodule
legacy-root	/data/data/com.termux/files/home/02.ERP-system/000.platform/030.identity/030_IDENTITY_INDEX.md	-	-	/data/data/com.termux/files/home/02.ERP-system/90.transition-triage/20.unclassified-global/module-unknown/030_IDENTITY_INDEX.md	module_unknown	could not classify module/submodule
legacy-root	/data/data/com.termux/files/home/02.ERP-system/000.platform/030.identity/031_IDENTITY_OVERVIEW.md	-	-	/data/data/com.termux/files/home/02.ERP-system/90.transition-triage/20.unclassified-global/module-unknown/031_IDENTITY_OVERVIEW.md	module_unknown	could not classify module/submodule
legacy-root	/data/data/com.termux/files/home/02.ERP-system/000.platform/030.identity/034_ERP_IDENTITY_MODEL.md	-	-	/data/data/com.termux/files/home/02.ERP-system/90.transition-triage/20.unclassified-global/module-unknown/034_ERP_IDENTITY_MODEL.md	module_unknown	could not classify module/submodule
legacy-root	/data/data/com.termux/files/home/02.ERP-system/000.platform/040.permission/040_PERMISSION_INDEX.md	-	-	/data/data/com.termux/files/home/02.ERP-system/90.transition-triage/20.unclassified-global/module-unknown/040_PERMISSION_INDEX.md	module_unknown	could not classify module/submodule
legacy-root	/data/data/com.termux/files/home/02.ERP-system/000.platform/040.permission/041_PERMISSION_OVERVIEW.md	-	-	/data/data/com.termux/files/home/02.ERP-system/90.transition-triage/20.unclassified-global/module-unknown/041_PERMISSION_OVERVIEW.md	module_unknown	could not classify module/submodule
legacy-root	/data/data/com.termux/files/home/02.ERP-system/000.platform/040.permission/044_ERP_ROLE_MODEL.md	-	-	/data/data/com.termux/files/home/02.ERP-system/90.transition-triage/20.unclassified-global/module-unknown/044_ERP_ROLE_MODEL.md	module_unknown	could not classify module/submodule
legacy-root	/data/data/com.termux/files/home/02.ERP-system/000.platform/040.permission/045_ERP_PERMISSION_MODEL.md	-	-	/data/data/com.termux/files/home/02.ERP-system/90.transition-triage/20.unclassified-global/module-unknown/045_ERP_PERMISSION_MODEL.md	module_unknown	could not classify module/submodule
legacy-root	/data/data/com.termux/files/home/02.ERP-system/000.platform/040.permission/046_ERP_AUTHORIZATION_MODEL.md	-	-	/data/data/com.termux/files/home/02.ERP-system/90.transition-triage/20.unclassified-global/module-unknown/046_ERP_AUTHORIZATION_MODEL.md	module_unknown	could not classify module/submodule
legacy-root	/data/data/com.termux/files/home/02.ERP-system/000.platform/050.event/050_EVENT_INDEX.md	-	-	/data/data/com.termux/files/home/02.ERP-system/90.transition-triage/20.unclassified-global/module-unknown/050_EVENT_INDEX.md	module_unknown	could not classify module/submodule
legacy-root	/data/data/com.termux/files/home/02.ERP-system/000.platform/050.event/051_EVENT_OVERVIEW.md	-	-	/data/data/com.termux/files/home/02.ERP-system/90.transition-triage/20.unclassified-global/module-unknown/051_EVENT_OVERVIEW.md	module_unknown	could not classify module/submodule
legacy-root	/data/data/com.termux/files/home/02.ERP-system/000.platform/050.event/078_ERP_MODULE_MODEL.md	-	-	/data/data/com.termux/files/home/02.ERP-system/90.transition-triage/20.unclassified-global/module-unknown/078_ERP_MODULE_MODEL.md	module_unknown	could not classify module/submodule
legacy-root	/data/data/com.termux/files/home/02.ERP-system/000.platform/050.event/079_ERP_FUNCTION_MODEL.md	-	-	/data/data/com.termux/files/home/02.ERP-system/90.transition-triage/20.unclassified-global/module-unknown/079_ERP_FUNCTION_MODEL.md	module_unknown	could not classify module/submodule
legacy-root	/data/data/com.termux/files/home/02.ERP-system/000.platform/050.event/080_ERP_COMMAND_EXECUTION_MODEL.md	-	-	/data/data/com.termux/files/home/02.ERP-system/90.transition-triage/20.unclassified-global/module-unknown/080_ERP_COMMAND_EXECUTION_MODEL.md	module_unknown	could not classify module/submodule
legacy-root	/data/data/com.termux/files/home/02.ERP-system/99.archive/20260422_224743/module-design-reset/50.approval/020.architecture/081_ERP_APPROVAL_ENGINE_ARCHITECTURE.md	50.approval	020.architecture	/data/data/com.termux/files/home/02.ERP-system/50.approval/020.architecture/081_ERP_APPROVAL_ENGINE_ARCHITECTURE.md	distributed	copied to canonical layer and archived source
legacy-root	/data/data/com.termux/files/home/02.ERP-system/000.platform/050.event/082_ERP_FINALIZE_EVENT_MODEL.md	-	-	/data/data/com.termux/files/home/02.ERP-system/90.transition-triage/20.unclassified-global/module-unknown/082_ERP_FINALIZE_EVENT_MODEL.md	module_unknown	could not classify module/submodule
legacy-root	/data/data/com.termux/files/home/02.ERP-system/99.archive/20260422_224743/module-design-reset/50.approval/120.implementation/083_ERP_APPROVAL_EXECUTION_MAPPING.md	50.approval	120.implementation	/data/data/com.termux/files/home/02.ERP-system/50.approval/120.implementation/083_ERP_APPROVAL_EXECUTION_MAPPING.md	distributed	copied to canonical layer and archived source
legacy-root	/data/data/com.termux/files/home/02.ERP-system/000.platform/050.event/084_ERP_EVENT_MODEL.md	-	-	/data/data/com.termux/files/home/02.ERP-system/90.transition-triage/20.unclassified-global/module-unknown/084_ERP_EVENT_MODEL.md	module_unknown	could not classify module/submodule
legacy-root	/data/data/com.termux/files/home/02.ERP-system/000.platform/050.event/085_ERP_EVENT_REGISTRY.md	-	-	/data/data/com.termux/files/home/02.ERP-system/90.transition-triage/20.unclassified-global/module-unknown/085_ERP_EVENT_REGISTRY.md	module_unknown	could not classify module/submodule
legacy-root	/data/data/com.termux/files/home/02.ERP-system/000.platform/050.event/086_ERP_EVENT_DISPATCH_MODEL.md	-	-	/data/data/com.termux/files/home/02.ERP-system/90.transition-triage/20.unclassified-global/module-unknown/086_ERP_EVENT_DISPATCH_MODEL.md	module_unknown	could not classify module/submodule
legacy-root	/data/data/com.termux/files/home/02.ERP-system/000.platform/050.event/090_ERP_OPERATION_QUEUE_ARCHITECTURE.md	-	-	/data/data/com.termux/files/home/02.ERP-system/90.transition-triage/20.unclassified-global/module-unknown/090_ERP_OPERATION_QUEUE_ARCHITECTURE.md	module_unknown	could not classify module/submodule
legacy-root	/data/data/com.termux/files/home/02.ERP-system/000.platform/050.event/091_ERP_BUSINESS_FINALIZATION_ARCHITECTURE.md	-	-	/data/data/com.termux/files/home/02.ERP-system/90.transition-triage/20.unclassified-global/module-unknown/091_ERP_BUSINESS_FINALIZATION_ARCHITECTURE.md	module_unknown	could not classify module/submodule
legacy-root	/data/data/com.termux/files/home/02.ERP-system/000.platform/050.event/092_ERP_EXECUTION_RUNTIME_ARCHITECTURE.md	-	-	/data/data/com.termux/files/home/02.ERP-system/90.transition-triage/20.unclassified-global/module-unknown/092_ERP_EXECUTION_RUNTIME_ARCHITECTURE.md	module_unknown	could not classify module/submodule
legacy-root	/data/data/com.termux/files/home/02.ERP-system/000.platform/050.event/093_ERP_NOTIFICATION_DISPATCH_ARCHITECTURE.md	-	-	/data/data/com.termux/files/home/02.ERP-system/90.transition-triage/20.unclassified-global/module-unknown/093_ERP_NOTIFICATION_DISPATCH_ARCHITECTURE.md	module_unknown	could not classify module/submodule
legacy-root	/data/data/com.termux/files/home/02.ERP-system/000.platform/050.event/094_ERP_AI_AUTOMATION_ARCHITECTURE.md	-	-	/data/data/com.termux/files/home/02.ERP-system/90.transition-triage/20.unclassified-global/module-unknown/094_ERP_AI_AUTOMATION_ARCHITECTURE.md	module_unknown	could not classify module/submodule
legacy-root	/data/data/com.termux/files/home/02.ERP-system/000.platform/050.event/094_ERP_TRANSACTION_BOUNDARY_ARCHITECTURE.md	-	-	/data/data/com.termux/files/home/02.ERP-system/90.transition-triage/20.unclassified-global/module-unknown/094_ERP_TRANSACTION_BOUNDARY_ARCHITECTURE.md	module_unknown	could not classify module/submodule
legacy-root	/data/data/com.termux/files/home/02.ERP-system/000.platform/050.event/095_ERP_EVENT_STANDARD.md	-	-	/data/data/com.termux/files/home/02.ERP-system/90.transition-triage/20.unclassified-global/module-unknown/095_ERP_EVENT_STANDARD.md	module_unknown	could not classify module/submodule
legacy-root	/data/data/com.termux/files/home/02.ERP-system/000.platform/050.event/096_ERP_LOOP_SCHEDULER_ARCHITECTURE.md	-	-	/data/data/com.termux/files/home/02.ERP-system/90.transition-triage/20.unclassified-global/module-unknown/096_ERP_LOOP_SCHEDULER_ARCHITECTURE.md	module_unknown	could not classify module/submodule
legacy-root	/data/data/com.termux/files/home/02.ERP-system/000.platform/060.data/060_DATA_INDEX.md	-	-	/data/data/com.termux/files/home/02.ERP-system/90.transition-triage/20.unclassified-global/module-unknown/060_DATA_INDEX.md	module_unknown	could not classify module/submodule
legacy-root	/data/data/com.termux/files/home/02.ERP-system/000.platform/060.data/061_DATA_OVERVIEW.md	-	-	/data/data/com.termux/files/home/02.ERP-system/90.transition-triage/20.unclassified-global/module-unknown/061_DATA_OVERVIEW.md	module_unknown	could not classify module/submodule
legacy-root	/data/data/com.termux/files/home/02.ERP-system/99.archive/20260422_224743/module-design-reset/52.master-data/020.architecture/062_MASTER_DATA_ARCHITECTURE.md	52.master-data	020.architecture	/data/data/com.termux/files/home/02.ERP-system/52.master-data/020.architecture/062_MASTER_DATA_ARCHITECTURE.md	distributed	copied to canonical layer and archived source
legacy-root	/data/data/com.termux/files/home/02.ERP-system/000.platform/060.data/063_COMPANY_MODEL.md	-	-	/data/data/com.termux/files/home/02.ERP-system/90.transition-triage/20.unclassified-global/module-unknown/063_COMPANY_MODEL.md	module_unknown	could not classify module/submodule
legacy-root	/data/data/com.termux/files/home/02.ERP-system/000.platform/060.data/064_ORGANIZATION_MODEL.md	-	-	/data/data/com.termux/files/home/02.ERP-system/90.transition-triage/20.unclassified-global/module-unknown/064_ORGANIZATION_MODEL.md	module_unknown	could not classify module/submodule
legacy-root	/data/data/com.termux/files/home/02.ERP-system/000.platform/060.data/065_PARTNER_MODEL.md	-	-	/data/data/com.termux/files/home/02.ERP-system/90.transition-triage/20.unclassified-global/module-unknown/065_PARTNER_MODEL.md	module_unknown	could not classify module/submodule
legacy-root	/data/data/com.termux/files/home/02.ERP-system/000.platform/060.data/066_PRODUCT_MODEL.md	-	-	/data/data/com.termux/files/home/02.ERP-system/90.transition-triage/20.unclassified-global/module-unknown/066_PRODUCT_MODEL.md	module_unknown	could not classify module/submodule
legacy-root	/data/data/com.termux/files/home/02.ERP-system/000.platform/060.data/067_EMPLOYEE_MODEL.md	-	-	/data/data/com.termux/files/home/02.ERP-system/90.transition-triage/20.unclassified-global/module-unknown/067_EMPLOYEE_MODEL.md	module_unknown	could not classify module/submodule
legacy-root	/data/data/com.termux/files/home/02.ERP-system/000.platform/060.data/068_ERP_CONFIGURATION_ARCHITECTURE.md	-	-	/data/data/com.termux/files/home/02.ERP-system/90.transition-triage/20.unclassified-global/module-unknown/068_ERP_CONFIGURATION_ARCHITECTURE.md	module_unknown	could not classify module/submodule
legacy-root	/data/data/com.termux/files/home/02.ERP-system/000.platform/060.data/069_ERP_PARAMETER_MODEL.md	-	-	/data/data/com.termux/files/home/02.ERP-system/90.transition-triage/20.unclassified-global/module-unknown/069_ERP_PARAMETER_MODEL.md	module_unknown	could not classify module/submodule
legacy-root	/data/data/com.termux/files/home/02.ERP-system/000.platform/060.data/070_ERP_FEATURE_FLAG_MODEL.md	-	-	/data/data/com.termux/files/home/02.ERP-system/90.transition-triage/20.unclassified-global/module-unknown/070_ERP_FEATURE_FLAG_MODEL.md	module_unknown	could not classify module/submodule
legacy-root	/data/data/com.termux/files/home/02.ERP-system/000.platform/060.data/071_ERP_ATTACHMENT_MODEL.md	-	-	/data/data/com.termux/files/home/02.ERP-system/90.transition-triage/20.unclassified-global/module-unknown/071_ERP_ATTACHMENT_MODEL.md	module_unknown	could not classify module/submodule
legacy-root	/data/data/com.termux/files/home/02.ERP-system/000.platform/060.data/072_ERP_FILE_STORAGE_MODEL.md	-	-	/data/data/com.termux/files/home/02.ERP-system/90.transition-triage/20.unclassified-global/module-unknown/072_ERP_FILE_STORAGE_MODEL.md	module_unknown	could not classify module/submodule
legacy-root	/data/data/com.termux/files/home/02.ERP-system/000.platform/060.data/073_ERP_SCHEMA_VERSION_MODEL.md	-	-	/data/data/com.termux/files/home/02.ERP-system/90.transition-triage/20.unclassified-global/module-unknown/073_ERP_SCHEMA_VERSION_MODEL.md	module_unknown	could not classify module/submodule
legacy-root	/data/data/com.termux/files/home/02.ERP-system/000.platform/060.data/074_ERP_MIGRATION_ARCHITECTURE.md	-	-	/data/data/com.termux/files/home/02.ERP-system/90.transition-triage/20.unclassified-global/module-unknown/074_ERP_MIGRATION_ARCHITECTURE.md	module_unknown	could not classify module/submodule
legacy-root	/data/data/com.termux/files/home/02.ERP-system/000.platform/070.integration/070_INTEGRATION_INDEX.md	-	-	/data/data/com.termux/files/home/02.ERP-system/90.transition-triage/20.unclassified-global/module-unknown/070_INTEGRATION_INDEX.md	module_unknown	could not classify module/submodule
legacy-root	/data/data/com.termux/files/home/02.ERP-system/000.platform/070.integration/071_INTEGRATION_OVERVIEW.md	-	-	/data/data/com.termux/files/home/02.ERP-system/90.transition-triage/20.unclassified-global/module-unknown/071_INTEGRATION_OVERVIEW.md	module_unknown	could not classify module/submodule
legacy-root	/data/data/com.termux/files/home/02.ERP-system/000.platform/070.integration/076_CIVILIZATION_ERP_BRIDGE_ARCHITECTURE.md	-	-	/data/data/com.termux/files/home/02.ERP-system/90.transition-triage/20.unclassified-global/module-unknown/076_CIVILIZATION_ERP_BRIDGE_ARCHITECTURE.md	module_unknown	could not classify module/submodule
legacy-root	/data/data/com.termux/files/home/02.ERP-system/000.platform/070.integration/077_BUSINESS_TO_ERP_REQUEST_BRIDGE.md	-	-	/data/data/com.termux/files/home/02.ERP-system/90.transition-triage/20.unclassified-global/module-unknown/077_BUSINESS_TO_ERP_REQUEST_BRIDGE.md	module_unknown	could not classify module/submodule
legacy-root	/data/data/com.termux/files/home/02.ERP-system/000.platform/070.integration/078_ERP_INTEGRATION_ARCHITECTURE.md	-	-	/data/data/com.termux/files/home/02.ERP-system/90.transition-triage/20.unclassified-global/module-unknown/078_ERP_INTEGRATION_ARCHITECTURE.md	module_unknown	could not classify module/submodule
legacy-root	/data/data/com.termux/files/home/02.ERP-system/000.platform/070.integration/079_ERP_EXTERNAL_API_MODEL.md	-	-	/data/data/com.termux/files/home/02.ERP-system/90.transition-triage/20.unclassified-global/module-unknown/079_ERP_EXTERNAL_API_MODEL.md	module_unknown	could not classify module/submodule
legacy-root	/data/data/com.termux/files/home/02.ERP-system/000.platform/070.integration/080_ERP_CONNECTOR_MODEL.md	-	-	/data/data/com.termux/files/home/02.ERP-system/90.transition-triage/20.unclassified-global/module-unknown/080_ERP_CONNECTOR_MODEL.md	module_unknown	could not classify module/submodule
legacy-root	/data/data/com.termux/files/home/02.ERP-system/000.platform/070.integration/090_REAL_WORLD_BOUNDARY_ARCHITECTURE.md	-	-	/data/data/com.termux/files/home/02.ERP-system/90.transition-triage/20.unclassified-global/module-unknown/090_REAL_WORLD_BOUNDARY_ARCHITECTURE.md	module_unknown	could not classify module/submodule
legacy-root	/data/data/com.termux/files/home/02.ERP-system/000.platform/080.workflow/080_WORKFLOW_INDEX.md	-	-	/data/data/com.termux/files/home/02.ERP-system/90.transition-triage/20.unclassified-global/module-unknown/080_WORKFLOW_INDEX.md	module_unknown	could not classify module/submodule
legacy-root	/data/data/com.termux/files/home/02.ERP-system/000.platform/080.workflow/081_WORKFLOW_OVERVIEW.md	-	-	/data/data/com.termux/files/home/02.ERP-system/90.transition-triage/20.unclassified-global/module-unknown/081_WORKFLOW_OVERVIEW.md	module_unknown	could not classify module/submodule
legacy-root	/data/data/com.termux/files/home/02.ERP-system/000.platform/080.workflow/084_ERP_SCHEDULER_ARCHITECTURE.md	-	-	/data/data/com.termux/files/home/02.ERP-system/90.transition-triage/20.unclassified-global/module-unknown/084_ERP_SCHEDULER_ARCHITECTURE.md	module_unknown	could not classify module/submodule
legacy-root	/data/data/com.termux/files/home/02.ERP-system/000.platform/080.workflow/085_ERP_JOB_MODEL.md	-	-	/data/data/com.termux/files/home/02.ERP-system/90.transition-triage/20.unclassified-global/module-unknown/085_ERP_JOB_MODEL.md	module_unknown	could not classify module/submodule
legacy-root	/data/data/com.termux/files/home/02.ERP-system/000.platform/080.workflow/086_ERP_BATCH_RUNTIME.md	-	-	/data/data/com.termux/files/home/02.ERP-system/90.transition-triage/20.unclassified-global/module-unknown/086_ERP_BATCH_RUNTIME.md	module_unknown	could not classify module/submodule
legacy-root	/data/data/com.termux/files/home/02.ERP-system/000.platform/080.workflow/087_ERP_NOTIFICATION_ARCHITECTURE.md	-	-	/data/data/com.termux/files/home/02.ERP-system/90.transition-triage/20.unclassified-global/module-unknown/087_ERP_NOTIFICATION_ARCHITECTURE.md	module_unknown	could not classify module/submodule
legacy-root	/data/data/com.termux/files/home/02.ERP-system/000.platform/080.workflow/088_ERP_ALERT_MODEL.md	-	-	/data/data/com.termux/files/home/02.ERP-system/90.transition-triage/20.unclassified-global/module-unknown/088_ERP_ALERT_MODEL.md	module_unknown	could not classify module/submodule
legacy-root	/data/data/com.termux/files/home/02.ERP-system/99.archive/20260422_224743/module-design-reset/14.logistics/02.delivery/030.model/089_ERP_MESSAGE_DELIVERY_MODEL.md	14.logistics/02.delivery	030.model	/data/data/com.termux/files/home/02.ERP-system/14.logistics/02.delivery/030.model/089_ERP_MESSAGE_DELIVERY_MODEL.md	distributed	copied to canonical layer and archived source
legacy-root	/data/data/com.termux/files/home/02.ERP-system/000.platform/080.workflow/090_ERP_WORKFLOW_ENGINE_ARCHITECTURE.md	-	-	/data/data/com.termux/files/home/02.ERP-system/90.transition-triage/20.unclassified-global/module-unknown/090_ERP_WORKFLOW_ENGINE_ARCHITECTURE.md	module_unknown	could not classify module/submodule
legacy-root	/data/data/com.termux/files/home/02.ERP-system/000.platform/080.workflow/091_ERP_WORKFLOW_MODEL.md	-	-	/data/data/com.termux/files/home/02.ERP-system/90.transition-triage/20.unclassified-global/module-unknown/091_ERP_WORKFLOW_MODEL.md	module_unknown	could not classify module/submodule
legacy-root	/data/data/com.termux/files/home/02.ERP-system/000.platform/080.workflow/092_ERP_WORKFLOW_STATE_MACHINE.md	-	-	/data/data/com.termux/files/home/02.ERP-system/90.transition-triage/20.unclassified-global/module-unknown/092_ERP_WORKFLOW_STATE_MACHINE.md	module_unknown	could not classify module/submodule
legacy-root	/data/data/com.termux/files/home/02.ERP-system/99.archive/20260422_224743/module-design-reset/51.audit/020.architecture/090_AUDIT_ARCHITECTURE.md	51.audit	020.architecture	/data/data/com.termux/files/home/02.ERP-system/51.audit/020.architecture/090_AUDIT_ARCHITECTURE.md	distributed	copied to canonical layer and archived source
legacy-root	/data/data/com.termux/files/home/02.ERP-system/99.archive/20260422_224743/module-design-reset/51.audit/120.implementation/090_AUDIT_INDEX.md	51.audit	120.implementation	/data/data/com.termux/files/home/02.ERP-system/51.audit/120.implementation/090_AUDIT_INDEX.md	distributed	copied to canonical layer and archived source
legacy-root	/data/data/com.termux/files/home/02.ERP-system/99.archive/20260422_224743/module-design-reset/51.audit/020.architecture/091_GOVERNANCE_ARCHITECTURE.md	51.audit	020.architecture	/data/data/com.termux/files/home/02.ERP-system/51.audit/020.architecture/091_GOVERNANCE_ARCHITECTURE.md	distributed	copied to canonical layer and archived source
legacy-root	/data/data/com.termux/files/home/02.ERP-system/000.platform/095.interface/095_INTERFACE_ARCHITECTURE.md	-	-	/data/data/com.termux/files/home/02.ERP-system/90.transition-triage/20.unclassified-global/module-unknown/095_INTERFACE_ARCHITECTURE.md	module_unknown	could not classify module/submodule
legacy-root	/data/data/com.termux/files/home/02.ERP-system/000.platform/095.interface/095_INTERFACE_INDEX.md	-	-	/data/data/com.termux/files/home/02.ERP-system/90.transition-triage/20.unclassified-global/module-unknown/095_INTERFACE_INDEX.md	module_unknown	could not classify module/submodule
legacy-root	/data/data/com.termux/files/home/02.ERP-system/000.platform/400.expansion-program/437_ERP_EXPANSION_PROGRAM_CURRENT_STATE.md	-	-	/data/data/com.termux/files/home/02.ERP-system/90.transition-triage/20.unclassified-global/module-unknown/437_ERP_EXPANSION_PROGRAM_CURRENT_STATE.md	module_unknown	could not classify module/submodule
legacy-root	/data/data/com.termux/files/home/02.ERP-system/99.archive/20260422_224743/module-design-reset/52.master-data/120.implementation/438_ERP_EXPANSION_PROGRAM_MASTER_ROADMAP.md	52.master-data	120.implementation	/data/data/com.termux/files/home/02.ERP-system/52.master-data/120.implementation/438_ERP_EXPANSION_PROGRAM_MASTER_ROADMAP.md	distributed	copied to canonical layer and archived source
legacy-root	/data/data/com.termux/files/home/02.ERP-system/000.platform/400.expansion-program/439_ERP_EXPANSION_PROGRAM_DOMAIN_STATUS_MATRIX.md	-	-	/data/data/com.termux/files/home/02.ERP-system/90.transition-triage/20.unclassified-global/module-unknown/439_ERP_EXPANSION_PROGRAM_DOMAIN_STATUS_MATRIX.md	module_unknown	could not classify module/submodule
legacy-root	/data/data/com.termux/files/home/02.ERP-system/000.platform/400.expansion-program/440_ERP_EXPANSION_PROGRAM_NEXT_DECISION_GATE.md	-	-	/data/data/com.termux/files/home/02.ERP-system/90.transition-triage/20.unclassified-global/module-unknown/440_ERP_EXPANSION_PROGRAM_NEXT_DECISION_GATE.md	module_unknown	could not classify module/submodule
legacy-root	/data/data/com.termux/files/home/02.ERP-system/000.platform/400.expansion-program/441_ERP_EXPANSION_PROGRAM_NAVIGATION_NOTE.md	-	-	/data/data/com.termux/files/home/02.ERP-system/90.transition-triage/20.unclassified-global/module-unknown/441_ERP_EXPANSION_PROGRAM_NAVIGATION_NOTE.md	module_unknown	could not classify module/submodule
legacy-root	/data/data/com.termux/files/home/02.ERP-system/000.platform/400.expansion-program/INDEX.md	-	-	/data/data/com.termux/files/home/02.ERP-system/90.transition-triage/20.unclassified-global/module-unknown/INDEX.md	module_unknown	could not classify module/submodule
legacy-root	/data/data/com.termux/files/home/02.ERP-system/000.platform/400.expansion-program/OVERVIEW.md	-	-	/data/data/com.termux/files/home/02.ERP-system/90.transition-triage/20.unclassified-global/module-unknown/OVERVIEW.md	module_unknown	could not classify module/submodule
legacy-root	/data/data/com.termux/files/home/02.ERP-system/000.platform/410.root-navigation-and-reorg/540_ERP_FOLDER_REORGANIZATION_CURRENT_STATE.md	-	-	/data/data/com.termux/files/home/02.ERP-system/90.transition-triage/20.unclassified-global/module-unknown/540_ERP_FOLDER_REORGANIZATION_CURRENT_STATE.md	module_unknown	could not classify module/submodule
legacy-root	/data/data/com.termux/files/home/02.ERP-system/000.platform/410.root-navigation-and-reorg/541_ERP_ROOT_FOLDER_STRUCTURE_CANONICAL.md	-	-	/data/data/com.termux/files/home/02.ERP-system/90.transition-triage/20.unclassified-global/module-unknown/541_ERP_ROOT_FOLDER_STRUCTURE_CANONICAL.md	module_unknown	could not classify module/submodule
legacy-root	/data/data/com.termux/files/home/02.ERP-system/000.platform/410.root-navigation-and-reorg/542_ERP_DOMAIN_TO_FOLDER_MAPPING_RULE.md	-	-	/data/data/com.termux/files/home/02.ERP-system/90.transition-triage/20.unclassified-global/module-unknown/542_ERP_DOMAIN_TO_FOLDER_MAPPING_RULE.md	module_unknown	could not classify module/submodule
legacy-root	/data/data/com.termux/files/home/02.ERP-system/000.platform/410.root-navigation-and-reorg/543_ERP_ROOT_NAVIGATION_AFTER_REORGANIZATION.md	-	-	/data/data/com.termux/files/home/02.ERP-system/90.transition-triage/20.unclassified-global/module-unknown/543_ERP_ROOT_NAVIGATION_AFTER_REORGANIZATION.md	module_unknown	could not classify module/submodule
legacy-root	/data/data/com.termux/files/home/02.ERP-system/000.platform/410.root-navigation-and-reorg/544_ERP_V3_BOUNDARY_FOLDER_MAPPING_RULE.md	-	-	/data/data/com.termux/files/home/02.ERP-system/90.transition-triage/20.unclassified-global/module-unknown/544_ERP_V3_BOUNDARY_FOLDER_MAPPING_RULE.md	module_unknown	could not classify module/submodule
legacy-root	/data/data/com.termux/files/home/02.ERP-system/000.platform/410.root-navigation-and-reorg/545_ERP_REORGANIZATION_NON_DESTRUCTIVE_POLICY.md	-	-	/data/data/com.termux/files/home/02.ERP-system/90.transition-triage/20.unclassified-global/module-unknown/545_ERP_REORGANIZATION_NON_DESTRUCTIVE_POLICY.md	module_unknown	could not classify module/submodule
legacy-root	/data/data/com.termux/files/home/02.ERP-system/000.platform/410.root-navigation-and-reorg/546_ERP_ROOT_ENTRY_INDEX_REFLECTION_NOTE.md	-	-	/data/data/com.termux/files/home/02.ERP-system/90.transition-triage/20.unclassified-global/module-unknown/546_ERP_ROOT_ENTRY_INDEX_REFLECTION_NOTE.md	module_unknown	could not classify module/submodule
legacy-root	/data/data/com.termux/files/home/02.ERP-system/99.archive/20260422_224743/module-design-reset/52.master-data/120.implementation/547_DESIGN_MASTER_INDEX_FOLDER_REORGANIZATION_PATCH.md	52.master-data	120.implementation	/data/data/com.termux/files/home/02.ERP-system/52.master-data/120.implementation/547_DESIGN_MASTER_INDEX_FOLDER_REORGANIZATION_PATCH.md	distributed	copied to canonical layer and archived source
legacy-root	/data/data/com.termux/files/home/02.ERP-system/99.archive/20260422_224743/module-design-reset/52.master-data/120.implementation/548_ERP_SYSTEM_MASTER_INDEX_FOLDER_REORGANIZATION_PATCH.md	52.master-data	120.implementation	/data/data/com.termux/files/home/02.ERP-system/52.master-data/120.implementation/548_ERP_SYSTEM_MASTER_INDEX_FOLDER_REORGANIZATION_PATCH.md	distributed	copied to canonical layer and archived source
legacy-root	/data/data/com.termux/files/home/02.ERP-system/000.platform/410.root-navigation-and-reorg/549_ERP_FOLDER_REORGANIZATION_SUMMARY.md	-	-	/data/data/com.termux/files/home/02.ERP-system/90.transition-triage/20.unclassified-global/module-unknown/549_ERP_FOLDER_REORGANIZATION_SUMMARY.md	module_unknown	could not classify module/submodule
legacy-root	/data/data/com.termux/files/home/02.ERP-system/000.platform/410.root-navigation-and-reorg/550_ERP_FOLDER_REORGANIZATION_ROOT_NAVIGATION_RULE.md	-	-	/data/data/com.termux/files/home/02.ERP-system/90.transition-triage/20.unclassified-global/module-unknown/550_ERP_FOLDER_REORGANIZATION_ROOT_NAVIGATION_RULE.md	module_unknown	could not classify module/submodule
legacy-root	/data/data/com.termux/files/home/02.ERP-system/000.platform/410.root-navigation-and-reorg/INDEX.md	-	-	/data/data/com.termux/files/home/02.ERP-system/90.transition-triage/20.unclassified-global/module-unknown/INDEX__20260422_182656.md	module_unknown	could not classify module/submodule
legacy-root	/data/data/com.termux/files/home/02.ERP-system/000.platform/410.root-navigation-and-reorg/OVERVIEW.md	-	-	/data/data/com.termux/files/home/02.ERP-system/90.transition-triage/20.unclassified-global/module-unknown/OVERVIEW__20260422_182656.md	module_unknown	could not classify module/submodule
legacy-root	/data/data/com.termux/files/home/02.ERP-system/000.platform/420.additional-systems-roadmap/010.current-state-and-policy/551_ERP_ADDITIONAL_SYSTEMS_CURRENT_STATE.md	-	-	/data/data/com.termux/files/home/02.ERP-system/90.transition-triage/20.unclassified-global/module-unknown/551_ERP_ADDITIONAL_SYSTEMS_CURRENT_STATE.md	module_unknown	could not classify module/submodule
legacy-root	/data/data/com.termux/files/home/02.ERP-system/000.platform/420.additional-systems-roadmap/010.current-state-and-policy/552_ERP_ADDITIONAL_SYSTEMS_CANONICAL_POLICY.md	-	-	/data/data/com.termux/files/home/02.ERP-system/90.transition-triage/20.unclassified-global/module-unknown/552_ERP_ADDITIONAL_SYSTEMS_CANONICAL_POLICY.md	module_unknown	could not classify module/submodule
legacy-root	/data/data/com.termux/files/home/02.ERP-system/000.platform/420.additional-systems-roadmap/010.current-state-and-policy/553_ERP_ADDITIONAL_SYSTEMS_FUTURE_FOLDER_MAPPING.md	-	-	/data/data/com.termux/files/home/02.ERP-system/90.transition-triage/20.unclassified-global/module-unknown/553_ERP_ADDITIONAL_SYSTEMS_FUTURE_FOLDER_MAPPING.md	module_unknown	could not classify module/submodule
legacy-root	/data/data/com.termux/files/home/02.ERP-system/000.platform/420.additional-systems-roadmap/010.current-state-and-policy/554_ERP_ADDITIONAL_SYSTEMS_PRIORITY_ROADMAP.md	-	-	/data/data/com.termux/files/home/02.ERP-system/90.transition-triage/20.unclassified-global/module-unknown/554_ERP_ADDITIONAL_SYSTEMS_PRIORITY_ROADMAP.md	module_unknown	could not classify module/submodule
legacy-root	/data/data/com.termux/files/home/02.ERP-system/000.platform/420.additional-systems-roadmap/010.current-state-and-policy/559_ERP_INDEPENDENT_APP_VS_ERP_SEPARATION_RULE.md	-	-	/data/data/com.termux/files/home/02.ERP-system/90.transition-triage/20.unclassified-global/module-unknown/559_ERP_INDEPENDENT_APP_VS_ERP_SEPARATION_RULE.md	module_unknown	could not classify module/submodule
legacy-root	/data/data/com.termux/files/home/02.ERP-system/000.platform/420.additional-systems-roadmap/010.current-state-and-policy/560_ERP_ADDITIONAL_SYSTEMS_SUMMARY.md	-	-	/data/data/com.termux/files/home/02.ERP-system/90.transition-triage/20.unclassified-global/module-unknown/560_ERP_ADDITIONAL_SYSTEMS_SUMMARY.md	module_unknown	could not classify module/submodule
legacy-root	/data/data/com.termux/files/home/02.ERP-system/000.platform/420.additional-systems-roadmap/010.current-state-and-policy/561_ERP_ADDITIONAL_SYSTEMS_ROOT_PATCH.md	-	-	/data/data/com.termux/files/home/02.ERP-system/90.transition-triage/20.unclassified-global/module-unknown/561_ERP_ADDITIONAL_SYSTEMS_ROOT_PATCH.md	module_unknown	could not classify module/submodule
legacy-root	/data/data/com.termux/files/home/02.ERP-system/99.archive/20260422_224743/module-design-reset/52.master-data/080.policy/562_DESIGN_MASTER_INDEX_ADDITIONAL_SYSTEMS_PATCH.md	52.master-data	080.policy	/data/data/com.termux/files/home/02.ERP-system/52.master-data/080.policy/562_DESIGN_MASTER_INDEX_ADDITIONAL_SYSTEMS_PATCH.md	distributed	copied to canonical layer and archived source
legacy-root	/data/data/com.termux/files/home/02.ERP-system/99.archive/20260422_224743/module-design-reset/52.master-data/080.policy/563_ERP_SYSTEM_MASTER_INDEX_ADDITIONAL_SYSTEMS_PATCH.md	52.master-data	080.policy	/data/data/com.termux/files/home/02.ERP-system/52.master-data/080.policy/563_ERP_SYSTEM_MASTER_INDEX_ADDITIONAL_SYSTEMS_PATCH.md	distributed	copied to canonical layer and archived source
legacy-root	/data/data/com.termux/files/home/02.ERP-system/000.platform/420.additional-systems-roadmap/010.current-state-and-policy/564_ERP_ADDITIONAL_SYSTEMS_ROOT_NAVIGATION_RULE.md	-	-	/data/data/com.termux/files/home/02.ERP-system/90.transition-triage/20.unclassified-global/module-unknown/564_ERP_ADDITIONAL_SYSTEMS_ROOT_NAVIGATION_RULE.md	module_unknown	could not classify module/submodule
legacy-root	/data/data/com.termux/files/home/02.ERP-system/000.platform/420.additional-systems-roadmap/010.current-state-and-policy/INDEX.md	-	-	/data/data/com.termux/files/home/02.ERP-system/90.transition-triage/20.unclassified-global/module-unknown/INDEX__20260422_182656.md	module_unknown	could not classify module/submodule
legacy-root	/data/data/com.termux/files/home/02.ERP-system/000.platform/420.additional-systems-roadmap/010.current-state-and-policy/OVERVIEW.md	-	-	/data/data/com.termux/files/home/02.ERP-system/90.transition-triage/20.unclassified-global/module-unknown/OVERVIEW__20260422_182656.md	module_unknown	could not classify module/submodule
legacy-root	/data/data/com.termux/files/home/02.ERP-system/99.archive/20260422_224743/module-design-reset/01.sales/120.implementation/555_ERP_CUSTOMER_AND_SALES_EXPANSION_POSITION.md	01.sales	120.implementation	/data/data/com.termux/files/home/02.ERP-system/01.sales/120.implementation/555_ERP_CUSTOMER_AND_SALES_EXPANSION_POSITION.md	distributed	copied to canonical layer and archived source
legacy-root	/data/data/com.termux/files/home/02.ERP-system/000.platform/420.additional-systems-roadmap/020.customer-and-sales/INDEX.md	01.sales	120.implementation	/data/data/com.termux/files/home/02.ERP-system/01.sales/900.meta/912.transition-unclassified/conflict-files/INDEX.md	conflict	target already exists at canonical layer
legacy-root	/data/data/com.termux/files/home/02.ERP-system/000.platform/420.additional-systems-roadmap/020.customer-and-sales/OVERVIEW.md	01.sales	120.implementation	/data/data/com.termux/files/home/02.ERP-system/01.sales/900.meta/912.transition-unclassified/conflict-files/OVERVIEW.md	conflict	target already exists at canonical layer
legacy-root	/data/data/com.termux/files/home/02.ERP-system/000.platform/420.additional-systems-roadmap/030.labor-and-workforce/556_ERP_LABOR_AND_WORKFORCE_EXPANSION_POSITION.md	-	-	/data/data/com.termux/files/home/02.ERP-system/90.transition-triage/20.unclassified-global/module-unknown/556_ERP_LABOR_AND_WORKFORCE_EXPANSION_POSITION.md	module_unknown	could not classify module/submodule
legacy-root	/data/data/com.termux/files/home/02.ERP-system/000.platform/420.additional-systems-roadmap/030.labor-and-workforce/INDEX.md	-	-	/data/data/com.termux/files/home/02.ERP-system/90.transition-triage/20.unclassified-global/module-unknown/INDEX__20260422_182656.md	module_unknown	could not classify module/submodule
legacy-root	/data/data/com.termux/files/home/02.ERP-system/000.platform/420.additional-systems-roadmap/030.labor-and-workforce/OVERVIEW.md	-	-	/data/data/com.termux/files/home/02.ERP-system/90.transition-triage/20.unclassified-global/module-unknown/OVERVIEW__20260422_182656.md	module_unknown	could not classify module/submodule
legacy-root	/data/data/com.termux/files/home/02.ERP-system/99.archive/20260422_224743/module-design-reset/15.manufacturing/120.implementation/558_ERP_MANUFACTURING_PROCUREMENT_INVENTORY_EXPANSION_POSITION.md	15.manufacturing	120.implementation	/data/data/com.termux/files/home/02.ERP-system/15.manufacturing/120.implementation/558_ERP_MANUFACTURING_PROCUREMENT_INVENTORY_EXPANSION_POSITION.md	distributed	copied to canonical layer and archived source
legacy-root	/data/data/com.termux/files/home/02.ERP-system/000.platform/420.additional-systems-roadmap/040.manufacturing-procurement-inventory/INDEX.md	15.manufacturing	120.implementation	/data/data/com.termux/files/home/02.ERP-system/15.manufacturing/900.meta/912.transition-unclassified/conflict-files/INDEX.md	conflict	target already exists at canonical layer
legacy-root	/data/data/com.termux/files/home/02.ERP-system/000.platform/420.additional-systems-roadmap/040.manufacturing-procurement-inventory/OVERVIEW.md	15.manufacturing	120.implementation	/data/data/com.termux/files/home/02.ERP-system/15.manufacturing/900.meta/912.transition-unclassified/conflict-files/OVERVIEW.md	conflict	target already exists at canonical layer
legacy-root	/data/data/com.termux/files/home/02.ERP-system/000.platform/420.additional-systems-roadmap/050.enterprise-management/557_ERP_ENTERPRISE_MANAGEMENT_EXPANSION_POSITION.md	-	-	/data/data/com.termux/files/home/02.ERP-system/90.transition-triage/20.unclassified-global/module-unknown/557_ERP_ENTERPRISE_MANAGEMENT_EXPANSION_POSITION.md	module_unknown	could not classify module/submodule
legacy-root	/data/data/com.termux/files/home/02.ERP-system/000.platform/420.additional-systems-roadmap/050.enterprise-management/INDEX.md	-	-	/data/data/com.termux/files/home/02.ERP-system/90.transition-triage/20.unclassified-global/module-unknown/INDEX__20260422_182656.md	module_unknown	could not classify module/submodule
legacy-root	/data/data/com.termux/files/home/02.ERP-system/000.platform/420.additional-systems-roadmap/050.enterprise-management/OVERVIEW.md	-	-	/data/data/com.termux/files/home/02.ERP-system/90.transition-triage/20.unclassified-global/module-unknown/OVERVIEW__20260422_182656.md	module_unknown	could not classify module/submodule
legacy-root	/data/data/com.termux/files/home/02.ERP-system/000.platform/420.additional-systems-roadmap/INDEX.md	-	-	/data/data/com.termux/files/home/02.ERP-system/90.transition-triage/20.unclassified-global/module-unknown/INDEX__20260422_182656.md	module_unknown	could not classify module/submodule
legacy-root	/data/data/com.termux/files/home/02.ERP-system/000.platform/420.additional-systems-roadmap/OVERVIEW.md	-	-	/data/data/com.termux/files/home/02.ERP-system/90.transition-triage/20.unclassified-global/module-unknown/OVERVIEW__20260422_182656.md	module_unknown	could not classify module/submodule
legacy-root	/data/data/com.termux/files/home/02.ERP-system/000.platform/430.classification-corrections/873_ERP_CLASSIFICATION_CORRECTION_CURRENT_STATE.md	-	-	/data/data/com.termux/files/home/02.ERP-system/90.transition-triage/20.unclassified-global/module-unknown/873_ERP_CLASSIFICATION_CORRECTION_CURRENT_STATE.md	module_unknown	could not classify module/submodule
legacy-root	/data/data/com.termux/files/home/02.ERP-system/99.archive/20260422_224743/module-design-reset/41.labor-management/080.policy/874_ERP_SHIFTMANAGER_CLASSIFICATION_CORRECTION_RULE.md	41.labor-management	080.policy	/data/data/com.termux/files/home/02.ERP-system/41.labor-management/080.policy/874_ERP_SHIFTMANAGER_CLASSIFICATION_CORRECTION_RULE.md	distributed	copied to canonical layer and archived source
legacy-root	/data/data/com.termux/files/home/02.ERP-system/000.platform/430.classification-corrections/875_ERP_ADDITIONAL_SYSTEMS_PRIORITY_CORRECTION.md	-	-	/data/data/com.termux/files/home/02.ERP-system/90.transition-triage/20.unclassified-global/module-unknown/875_ERP_ADDITIONAL_SYSTEMS_PRIORITY_CORRECTION.md	module_unknown	could not classify module/submodule
legacy-root	/data/data/com.termux/files/home/02.ERP-system/99.archive/20260422_224743/module-design-reset/41.labor-management/120.implementation/876_ERP_TO_BUSINESSOS_SHIFTMANAGER_BOUNDARY_NOTE.md	41.labor-management	120.implementation	/data/data/com.termux/files/home/02.ERP-system/41.labor-management/120.implementation/876_ERP_TO_BUSINESSOS_SHIFTMANAGER_BOUNDARY_NOTE.md	distributed	copied to canonical layer and archived source
legacy-root	/data/data/com.termux/files/home/02.ERP-system/99.archive/20260422_224743/module-design-reset/41.labor-management/120.implementation/877_ERP_SHIFTMANAGER_BUNDLE_SUPERSEDED_NOTE.md	41.labor-management	120.implementation	/data/data/com.termux/files/home/02.ERP-system/41.labor-management/120.implementation/877_ERP_SHIFTMANAGER_BUNDLE_SUPERSEDED_NOTE.md	distributed	copied to canonical layer and archived source
legacy-root	/data/data/com.termux/files/home/02.ERP-system/000.platform/430.classification-corrections/878_ERP_NEXT_ACTIVE_LINE_CORRECTION.md	-	-	/data/data/com.termux/files/home/02.ERP-system/90.transition-triage/20.unclassified-global/module-unknown/878_ERP_NEXT_ACTIVE_LINE_CORRECTION.md	module_unknown	could not classify module/submodule
legacy-root	/data/data/com.termux/files/home/02.ERP-system/000.platform/430.classification-corrections/879_ERP_CLASSIFICATION_CORRECTION_ROOT_NAVIGATION_RULE.md	-	-	/data/data/com.termux/files/home/02.ERP-system/90.transition-triage/20.unclassified-global/module-unknown/879_ERP_CLASSIFICATION_CORRECTION_ROOT_NAVIGATION_RULE.md	module_unknown	could not classify module/submodule
legacy-root	/data/data/com.termux/files/home/02.ERP-system/000.platform/430.classification-corrections/INDEX.md	-	-	/data/data/com.termux/files/home/02.ERP-system/90.transition-triage/20.unclassified-global/module-unknown/INDEX__20260422_182656.md	module_unknown	could not classify module/submodule
legacy-root	/data/data/com.termux/files/home/02.ERP-system/000.platform/430.classification-corrections/OVERVIEW.md	-	-	/data/data/com.termux/files/home/02.ERP-system/90.transition-triage/20.unclassified-global/module-unknown/OVERVIEW__20260422_182656.md	module_unknown	could not classify module/submodule
legacy-root	/data/data/com.termux/files/home/02.ERP-system/000.platform/440.additional-systems-overall-integration-summary/010.current-state-and-positioning/1073_ERP_ADDITIONAL_SYSTEMS_OVERALL_INTEGRATION_CURRENT_STATE.md	-	-	/data/data/com.termux/files/home/02.ERP-system/90.transition-triage/20.unclassified-global/module-unknown/1073_ERP_ADDITIONAL_SYSTEMS_OVERALL_INTEGRATION_CURRENT_STATE.md	module_unknown	could not classify module/submodule
legacy-root	/data/data/com.termux/files/home/02.ERP-system/000.platform/440.additional-systems-overall-integration-summary/010.current-state-and-positioning/1074_ERP_ADDITIONAL_SYSTEMS_OVERALL_INTEGRATION_POSITIONING.md	-	-	/data/data/com.termux/files/home/02.ERP-system/90.transition-triage/20.unclassified-global/module-unknown/1074_ERP_ADDITIONAL_SYSTEMS_OVERALL_INTEGRATION_POSITIONING.md	module_unknown	could not classify module/submodule
legacy-root	/data/data/com.termux/files/home/02.ERP-system/000.platform/440.additional-systems-overall-integration-summary/010.current-state-and-positioning/1075_ERP_ADDITIONAL_SYSTEMS_PORTFOLIO_MAP.md	-	-	/data/data/com.termux/files/home/02.ERP-system/90.transition-triage/20.unclassified-global/module-unknown/1075_ERP_ADDITIONAL_SYSTEMS_PORTFOLIO_MAP.md	module_unknown	could not classify module/submodule
legacy-root	/data/data/com.termux/files/home/02.ERP-system/000.platform/440.additional-systems-overall-integration-summary/010.current-state-and-positioning/1076_ERP_ADDITIONAL_SYSTEMS_OVERALL_CANONICAL_SCOPE.md	-	-	/data/data/com.termux/files/home/02.ERP-system/90.transition-triage/20.unclassified-global/module-unknown/1076_ERP_ADDITIONAL_SYSTEMS_OVERALL_CANONICAL_SCOPE.md	module_unknown	could not classify module/submodule
legacy-root	/data/data/com.termux/files/home/02.ERP-system/000.platform/440.additional-systems-overall-integration-summary/010.current-state-and-positioning/1077_ERP_ADDITIONAL_SYSTEMS_ACTIVE_LINE_SUMMARY.md	-	-	/data/data/com.termux/files/home/02.ERP-system/90.transition-triage/20.unclassified-global/module-unknown/1077_ERP_ADDITIONAL_SYSTEMS_ACTIVE_LINE_SUMMARY.md	module_unknown	could not classify module/submodule
legacy-root	/data/data/com.termux/files/home/02.ERP-system/000.platform/440.additional-systems-overall-integration-summary/010.current-state-and-positioning/1078_ERP_ADDITIONAL_SYSTEMS_OPTION_PRINCIPLE.md	-	-	/data/data/com.termux/files/home/02.ERP-system/90.transition-triage/20.unclassified-global/module-unknown/1078_ERP_ADDITIONAL_SYSTEMS_OPTION_PRINCIPLE.md	module_unknown	could not classify module/submodule
legacy-root	/data/data/com.termux/files/home/02.ERP-system/000.platform/440.additional-systems-overall-integration-summary/010.current-state-and-positioning/1079_ERP_ADDITIONAL_SYSTEMS_CURRENT_STATE_POSITIONING_ROOT_NAVIGATION_RULE.md	-	-	/data/data/com.termux/files/home/02.ERP-system/90.transition-triage/20.unclassified-global/module-unknown/1079_ERP_ADDITIONAL_SYSTEMS_CURRENT_STATE_POSITIONING_ROOT_NAVIGATION_RULE.md	module_unknown	could not classify module/submodule
legacy-root	/data/data/com.termux/files/home/02.ERP-system/000.platform/440.additional-systems-overall-integration-summary/010.current-state-and-positioning/INDEX.md	-	-	/data/data/com.termux/files/home/02.ERP-system/90.transition-triage/20.unclassified-global/module-unknown/INDEX__20260422_182656.md	module_unknown	could not classify module/submodule
legacy-root	/data/data/com.termux/files/home/02.ERP-system/000.platform/440.additional-systems-overall-integration-summary/010.current-state-and-positioning/OVERVIEW.md	-	-	/data/data/com.termux/files/home/02.ERP-system/90.transition-triage/20.unclassified-global/module-unknown/OVERVIEW__20260422_182656.md	module_unknown	could not classify module/submodule
legacy-root	/data/data/com.termux/files/home/02.ERP-system/000.platform/440.additional-systems-overall-integration-summary/020.option-portfolio-and-source-truth/1080_ERP_ADDITIONAL_SYSTEMS_OPTION_PORTFOLIO_CURRENT_STATE.md	-	-	/data/data/com.termux/files/home/02.ERP-system/90.transition-triage/20.unclassified-global/module-unknown/1080_ERP_ADDITIONAL_SYSTEMS_OPTION_PORTFOLIO_CURRENT_STATE.md	module_unknown	could not classify module/submodule
legacy-root	/data/data/com.termux/files/home/02.ERP-system/000.platform/440.additional-systems-overall-integration-summary/020.option-portfolio-and-source-truth/1081_ERP_ADDITIONAL_SYSTEMS_OPTION_PORTFOLIO_MATRIX.md	-	-	/data/data/com.termux/files/home/02.ERP-system/90.transition-triage/20.unclassified-global/module-unknown/1081_ERP_ADDITIONAL_SYSTEMS_OPTION_PORTFOLIO_MATRIX.md	module_unknown	could not classify module/submodule
legacy-root	/data/data/com.termux/files/home/02.ERP-system/99.archive/20260422_224743/module-design-reset/01.sales/060.integration/1082_ERP_CUSTOMER_SALES_LABOR_BASELINE_BOUNDARY_RULE.md	01.sales	060.integration	/data/data/com.termux/files/home/02.ERP-system/01.sales/060.integration/1082_ERP_CUSTOMER_SALES_LABOR_BASELINE_BOUNDARY_RULE.md	distributed	copied to canonical layer and archived source
legacy-root	/data/data/com.termux/files/home/02.ERP-system/000.platform/440.additional-systems-overall-integration-summary/020.option-portfolio-and-source-truth/1083_ERP_LABOR_MANAGEMENT_BOUNDARY_RULE.md	-	-	/data/data/com.termux/files/home/02.ERP-system/90.transition-triage/20.unclassified-global/module-unknown/1083_ERP_LABOR_MANAGEMENT_BOUNDARY_RULE.md	module_unknown	could not classify module/submodule
legacy-root	/data/data/com.termux/files/home/02.ERP-system/99.archive/20260422_224743/module-design-reset/15.manufacturing/060.integration/1084_ERP_MANAGEMENT_TO_MANUFACTURING_FAMILY_BOUNDARY_RULE.md	15.manufacturing	060.integration	/data/data/com.termux/files/home/02.ERP-system/15.manufacturing/060.integration/1084_ERP_MANAGEMENT_TO_MANUFACTURING_FAMILY_BOUNDARY_RULE.md	distributed	copied to canonical layer and archived source
legacy-root	/data/data/com.termux/files/home/02.ERP-system/000.platform/440.additional-systems-overall-integration-summary/020.option-portfolio-and-source-truth/1085_ERP_SUBSYSTEM_AND_EXTERNAL_APP_CLASSIFICATION_RULE.md	-	-	/data/data/com.termux/files/home/02.ERP-system/90.transition-triage/20.unclassified-global/module-unknown/1085_ERP_SUBSYSTEM_AND_EXTERNAL_APP_CLASSIFICATION_RULE.md	module_unknown	could not classify module/submodule
legacy-root	/data/data/com.termux/files/home/02.ERP-system/000.platform/440.additional-systems-overall-integration-summary/020.option-portfolio-and-source-truth/1086_ERP_OPTION_PORTFOLIO_SOURCE_TRUTH_ROOT_NAVIGATION_RULE.md	-	-	/data/data/com.termux/files/home/02.ERP-system/90.transition-triage/20.unclassified-global/module-unknown/1086_ERP_OPTION_PORTFOLIO_SOURCE_TRUTH_ROOT_NAVIGATION_RULE.md	module_unknown	could not classify module/submodule
legacy-root	/data/data/com.termux/files/home/02.ERP-system/000.platform/440.additional-systems-overall-integration-summary/020.option-portfolio-and-source-truth/INDEX.md	-	-	/data/data/com.termux/files/home/02.ERP-system/90.transition-triage/20.unclassified-global/module-unknown/INDEX__20260422_182656.md	module_unknown	could not classify module/submodule
legacy-root	/data/data/com.termux/files/home/02.ERP-system/000.platform/440.additional-systems-overall-integration-summary/020.option-portfolio-and-source-truth/OVERVIEW.md	-	-	/data/data/com.termux/files/home/02.ERP-system/90.transition-triage/20.unclassified-global/module-unknown/OVERVIEW__20260422_182656.md	module_unknown	could not classify module/submodule
legacy-root	/data/data/com.termux/files/home/02.ERP-system/000.platform/440.additional-systems-overall-integration-summary/030.cross-option-handoff-and-dependency-chain/1087_ERP_CROSS_OPTION_HANDOFF_CHAIN_CURRENT_STATE.md	-	-	/data/data/com.termux/files/home/02.ERP-system/90.transition-triage/20.unclassified-global/module-unknown/1087_ERP_CROSS_OPTION_HANDOFF_CHAIN_CURRENT_STATE.md	module_unknown	could not classify module/submodule
legacy-root	/data/data/com.termux/files/home/02.ERP-system/99.archive/20260422_224743/module-design-reset/01.sales/060.integration/1088_ERP_CUSTOMER_SALES_TO_OPERATIONS_DEPENDENCY_CHAIN.md	01.sales	060.integration	/data/data/com.termux/files/home/02.ERP-system/01.sales/060.integration/1088_ERP_CUSTOMER_SALES_TO_OPERATIONS_DEPENDENCY_CHAIN.md	distributed	copied to canonical layer and archived source
legacy-root	/data/data/com.termux/files/home/02.ERP-system/000.platform/440.additional-systems-overall-integration-summary/030.cross-option-handoff-and-dependency-chain/1089_ERP_LABOR_TO_MANAGEMENT_DEPENDENCY_CHAIN.md	-	-	/data/data/com.termux/files/home/02.ERP-system/90.transition-triage/20.unclassified-global/module-unknown/1089_ERP_LABOR_TO_MANAGEMENT_DEPENDENCY_CHAIN.md	module_unknown	could not classify module/submodule
legacy-root	/data/data/com.termux/files/home/02.ERP-system/99.archive/20260422_224743/module-design-reset/15.manufacturing/060.integration/1090_ERP_MANAGEMENT_TO_MANUFACTURING_FAMILY_DEPENDENCY_CHAIN.md	15.manufacturing	060.integration	/data/data/com.termux/files/home/02.ERP-system/15.manufacturing/060.integration/1090_ERP_MANAGEMENT_TO_MANUFACTURING_FAMILY_DEPENDENCY_CHAIN.md	distributed	copied to canonical layer and archived source
legacy-root	/data/data/com.termux/files/home/02.ERP-system/000.platform/440.additional-systems-overall-integration-summary/030.cross-option-handoff-and-dependency-chain/1091_ERP_CROSS_OPTION_EXCEPTION_AND_ESCALATION_CHAIN.md	-	-	/data/data/com.termux/files/home/02.ERP-system/90.transition-triage/20.unclassified-global/module-unknown/1091_ERP_CROSS_OPTION_EXCEPTION_AND_ESCALATION_CHAIN.md	module_unknown	could not classify module/submodule
legacy-root	/data/data/com.termux/files/home/02.ERP-system/99.archive/20260422_224743/module-design-reset/51.audit/060.integration/1092_ERP_CROSS_OPTION_AUDIT_SENSITIVE_OVERRIDE_RULE.md	51.audit	060.integration	/data/data/com.termux/files/home/02.ERP-system/51.audit/060.integration/1092_ERP_CROSS_OPTION_AUDIT_SENSITIVE_OVERRIDE_RULE.md	distributed	copied to canonical layer and archived source
legacy-root	/data/data/com.termux/files/home/02.ERP-system/000.platform/440.additional-systems-overall-integration-summary/030.cross-option-handoff-and-dependency-chain/1093_ERP_CROSS_OPTION_HANDOFF_CHAIN_ROOT_NAVIGATION_RULE.md	-	-	/data/data/com.termux/files/home/02.ERP-system/90.transition-triage/20.unclassified-global/module-unknown/1093_ERP_CROSS_OPTION_HANDOFF_CHAIN_ROOT_NAVIGATION_RULE.md	module_unknown	could not classify module/submodule
legacy-root	/data/data/com.termux/files/home/02.ERP-system/000.platform/440.additional-systems-overall-integration-summary/030.cross-option-handoff-and-dependency-chain/INDEX.md	-	-	/data/data/com.termux/files/home/02.ERP-system/90.transition-triage/20.unclassified-global/module-unknown/INDEX__20260422_182656.md	module_unknown	could not classify module/submodule
legacy-root	/data/data/com.termux/files/home/02.ERP-system/000.platform/440.additional-systems-overall-integration-summary/030.cross-option-handoff-and-dependency-chain/OVERVIEW.md	-	-	/data/data/com.termux/files/home/02.ERP-system/90.transition-triage/20.unclassified-global/module-unknown/OVERVIEW__20260422_182656.md	module_unknown	could not classify module/submodule
legacy-root	/data/data/com.termux/files/home/02.ERP-system/000.platform/440.additional-systems-overall-integration-summary/040.screen-permission-reporting-and-rollout/1094_ERP_ADDITIONAL_SYSTEMS_SCREEN_PERMISSION_REPORTING_CURRENT_STATE.md	-	-	/data/data/com.termux/files/home/02.ERP-system/90.transition-triage/20.unclassified-global/module-unknown/1094_ERP_ADDITIONAL_SYSTEMS_SCREEN_PERMISSION_REPORTING_CURRENT_STATE.md	module_unknown	could not classify module/submodule
legacy-root	/data/data/com.termux/files/home/02.ERP-system/99.archive/20260422_224743/module-design-reset/12.inventory/060.integration/1095_ERP_ADDITIONAL_SYSTEMS_INTEGRATION_SCREEN_INVENTORY_AND_NAVIGATION.md	12.inventory	060.integration	/data/data/com.termux/files/home/02.ERP-system/12.inventory/060.integration/1095_ERP_ADDITIONAL_SYSTEMS_INTEGRATION_SCREEN_INVENTORY_AND_NAVIGATION.md	distributed	copied to canonical layer and archived source
legacy-root	/data/data/com.termux/files/home/02.ERP-system/000.platform/440.additional-systems-overall-integration-summary/040.screen-permission-reporting-and-rollout/1096_ERP_ADDITIONAL_SYSTEMS_OVERALL_PORTFOLIO_OPERATIONAL_STATEFLOW.md	-	-	/data/data/com.termux/files/home/02.ERP-system/90.transition-triage/20.unclassified-global/module-unknown/1096_ERP_ADDITIONAL_SYSTEMS_OVERALL_PORTFOLIO_OPERATIONAL_STATEFLOW.md	module_unknown	could not classify module/submodule
legacy-root	/data/data/com.termux/files/home/02.ERP-system/000.platform/440.additional-systems-overall-integration-summary/040.screen-permission-reporting-and-rollout/1097_ERP_ADDITIONAL_SYSTEMS_PERMISSION_AND_ROLE_MATRIX.md	-	-	/data/data/com.termux/files/home/02.ERP-system/90.transition-triage/20.unclassified-global/module-unknown/1097_ERP_ADDITIONAL_SYSTEMS_PERMISSION_AND_ROLE_MATRIX.md	module_unknown	could not classify module/submodule
legacy-root	/data/data/com.termux/files/home/02.ERP-system/000.platform/440.additional-systems-overall-integration-summary/040.screen-permission-reporting-and-rollout/1098_ERP_ADDITIONAL_SYSTEMS_INTEGRATED_ANALYTICS_AND_REPORTING_SURFACES.md	-	-	/data/data/com.termux/files/home/02.ERP-system/90.transition-triage/20.unclassified-global/module-unknown/1098_ERP_ADDITIONAL_SYSTEMS_INTEGRATED_ANALYTICS_AND_REPORTING_SURFACES.md	module_unknown	could not classify module/submodule
legacy-root	/data/data/com.termux/files/home/02.ERP-system/000.platform/440.additional-systems-overall-integration-summary/040.screen-permission-reporting-and-rollout/1099_ERP_ADDITIONAL_SYSTEMS_PORTFOLIO_ENABLEMENT_AND_CONTRACT_RULE.md	-	-	/data/data/com.termux/files/home/02.ERP-system/90.transition-triage/20.unclassified-global/module-unknown/1099_ERP_ADDITIONAL_SYSTEMS_PORTFOLIO_ENABLEMENT_AND_CONTRACT_RULE.md	module_unknown	could not classify module/submodule
legacy-root	/data/data/com.termux/files/home/02.ERP-system/000.platform/440.additional-systems-overall-integration-summary/040.screen-permission-reporting-and-rollout/1100_ERP_ADDITIONAL_SYSTEMS_ROLLOUT_SEQUENCE_AND_ADOPTION_STRATEGY.md	-	-	/data/data/com.termux/files/home/02.ERP-system/90.transition-triage/20.unclassified-global/module-unknown/1100_ERP_ADDITIONAL_SYSTEMS_ROLLOUT_SEQUENCE_AND_ADOPTION_STRATEGY.md	module_unknown	could not classify module/submodule
legacy-root	/data/data/com.termux/files/home/02.ERP-system/000.platform/440.additional-systems-overall-integration-summary/040.screen-permission-reporting-and-rollout/1101_ERP_ADDITIONAL_SYSTEMS_MIGRATION_AND_NON_DESTRUCTIVE_EXPANSION_RULE.md	-	-	/data/data/com.termux/files/home/02.ERP-system/90.transition-triage/20.unclassified-global/module-unknown/1101_ERP_ADDITIONAL_SYSTEMS_MIGRATION_AND_NON_DESTRUCTIVE_EXPANSION_RULE.md	module_unknown	could not classify module/submodule
legacy-root	/data/data/com.termux/files/home/02.ERP-system/000.platform/440.additional-systems-overall-integration-summary/040.screen-permission-reporting-and-rollout/1102_ERP_ADDITIONAL_SYSTEMS_INTEGRATED_SUMMARY.md	-	-	/data/data/com.termux/files/home/02.ERP-system/90.transition-triage/20.unclassified-global/module-unknown/1102_ERP_ADDITIONAL_SYSTEMS_INTEGRATED_SUMMARY.md	module_unknown	could not classify module/submodule
legacy-root	/data/data/com.termux/files/home/02.ERP-system/000.platform/440.additional-systems-overall-integration-summary/040.screen-permission-reporting-and-rollout/1103_ERP_ADDITIONAL_SYSTEMS_COMPLETION_NOTE.md	-	-	/data/data/com.termux/files/home/02.ERP-system/90.transition-triage/20.unclassified-global/module-unknown/1103_ERP_ADDITIONAL_SYSTEMS_COMPLETION_NOTE.md	module_unknown	could not classify module/submodule
legacy-root	/data/data/com.termux/files/home/02.ERP-system/000.platform/440.additional-systems-overall-integration-summary/040.screen-permission-reporting-and-rollout/1104_ERP_ADDITIONAL_SYSTEMS_ROOT_PATCH.md	-	-	/data/data/com.termux/files/home/02.ERP-system/90.transition-triage/20.unclassified-global/module-unknown/1104_ERP_ADDITIONAL_SYSTEMS_ROOT_PATCH.md	module_unknown	could not classify module/submodule
legacy-root	/data/data/com.termux/files/home/02.ERP-system/99.archive/20260422_224743/module-design-reset/52.master-data/060.integration/1105_DESIGN_MASTER_INDEX_ADDITIONAL_SYSTEMS_OVERALL_PATCH.md	52.master-data	060.integration	/data/data/com.termux/files/home/02.ERP-system/52.master-data/060.integration/1105_DESIGN_MASTER_INDEX_ADDITIONAL_SYSTEMS_OVERALL_PATCH.md	distributed	copied to canonical layer and archived source
legacy-root	/data/data/com.termux/files/home/02.ERP-system/000.platform/440.additional-systems-overall-integration-summary/040.screen-permission-reporting-and-rollout/1106_ERP_ADDITIONAL_SYSTEMS_ROOT_NAVIGATION_RULE.md	-	-	/data/data/com.termux/files/home/02.ERP-system/90.transition-triage/20.unclassified-global/module-unknown/1106_ERP_ADDITIONAL_SYSTEMS_ROOT_NAVIGATION_RULE.md	module_unknown	could not classify module/submodule
legacy-root	/data/data/com.termux/files/home/02.ERP-system/000.platform/440.additional-systems-overall-integration-summary/040.screen-permission-reporting-and-rollout/INDEX.md	-	-	/data/data/com.termux/files/home/02.ERP-system/90.transition-triage/20.unclassified-global/module-unknown/INDEX__20260422_182656.md	module_unknown	could not classify module/submodule
legacy-root	/data/data/com.termux/files/home/02.ERP-system/000.platform/440.additional-systems-overall-integration-summary/040.screen-permission-reporting-and-rollout/OVERVIEW.md	-	-	/data/data/com.termux/files/home/02.ERP-system/90.transition-triage/20.unclassified-global/module-unknown/OVERVIEW__20260422_182656.md	module_unknown	could not classify module/submodule
legacy-root	/data/data/com.termux/files/home/02.ERP-system/000.platform/440.additional-systems-overall-integration-summary/INDEX.md	-	-	/data/data/com.termux/files/home/02.ERP-system/90.transition-triage/20.unclassified-global/module-unknown/INDEX__20260422_182656.md	module_unknown	could not classify module/submodule
legacy-root	/data/data/com.termux/files/home/02.ERP-system/000.platform/440.additional-systems-overall-integration-summary/OVERVIEW.md	-	-	/data/data/com.termux/files/home/02.ERP-system/90.transition-triage/20.unclassified-global/module-unknown/OVERVIEW__20260422_182656.md	module_unknown	could not classify module/submodule
legacy-root	/data/data/com.termux/files/home/02.ERP-system/000.platform/450.whole-system-integrated-final-summary-refresh/010.current-state-and-whole-map/1107_ERP_WHOLE_SYSTEM_INTEGRATED_FINAL_SUMMARY_CURRENT_STATE.md	-	-	/data/data/com.termux/files/home/02.ERP-system/90.transition-triage/20.unclassified-global/module-unknown/1107_ERP_WHOLE_SYSTEM_INTEGRATED_FINAL_SUMMARY_CURRENT_STATE.md	module_unknown	could not classify module/submodule
legacy-root	/data/data/com.termux/files/home/02.ERP-system/000.platform/450.whole-system-integrated-final-summary-refresh/010.current-state-and-whole-map/1108_ERP_WHOLE_SYSTEM_INTEGRATED_FINAL_SUMMARY_POSITIONING.md	-	-	/data/data/com.termux/files/home/02.ERP-system/90.transition-triage/20.unclassified-global/module-unknown/1108_ERP_WHOLE_SYSTEM_INTEGRATED_FINAL_SUMMARY_POSITIONING.md	module_unknown	could not classify module/submodule
legacy-root	/data/data/com.termux/files/home/02.ERP-system/000.platform/450.whole-system-integrated-final-summary-refresh/010.current-state-and-whole-map/1109_ERP_WHOLE_SYSTEM_MAP.md	-	-	/data/data/com.termux/files/home/02.ERP-system/90.transition-triage/20.unclassified-global/module-unknown/1109_ERP_WHOLE_SYSTEM_MAP.md	module_unknown	could not classify module/submodule
legacy-root	/data/data/com.termux/files/home/02.ERP-system/000.platform/450.whole-system-integrated-final-summary-refresh/010.current-state-and-whole-map/1110_ERP_WHOLE_SYSTEM_CANONICAL_SCOPE.md	-	-	/data/data/com.termux/files/home/02.ERP-system/90.transition-triage/20.unclassified-global/module-unknown/1110_ERP_WHOLE_SYSTEM_CANONICAL_SCOPE.md	module_unknown	could not classify module/submodule
legacy-root	/data/data/com.termux/files/home/02.ERP-system/000.platform/450.whole-system-integrated-final-summary-refresh/010.current-state-and-whole-map/1111_ERP_WHOLE_SYSTEM_ACTIVE_LINE_SUMMARY.md	-	-	/data/data/com.termux/files/home/02.ERP-system/90.transition-triage/20.unclassified-global/module-unknown/1111_ERP_WHOLE_SYSTEM_ACTIVE_LINE_SUMMARY.md	module_unknown	could not classify module/submodule
legacy-root	/data/data/com.termux/files/home/02.ERP-system/000.platform/450.whole-system-integrated-final-summary-refresh/010.current-state-and-whole-map/1112_ERP_WHOLE_SYSTEM_READING_ORDER_PRINCIPLE.md	-	-	/data/data/com.termux/files/home/02.ERP-system/90.transition-triage/20.unclassified-global/module-unknown/1112_ERP_WHOLE_SYSTEM_READING_ORDER_PRINCIPLE.md	module_unknown	could not classify module/submodule
legacy-root	/data/data/com.termux/files/home/02.ERP-system/000.platform/450.whole-system-integrated-final-summary-refresh/010.current-state-and-whole-map/1113_ERP_WHOLE_SYSTEM_CURRENT_STATE_ROOT_NAVIGATION_RULE.md	-	-	/data/data/com.termux/files/home/02.ERP-system/90.transition-triage/20.unclassified-global/module-unknown/1113_ERP_WHOLE_SYSTEM_CURRENT_STATE_ROOT_NAVIGATION_RULE.md	module_unknown	could not classify module/submodule
legacy-root	/data/data/com.termux/files/home/02.ERP-system/000.platform/450.whole-system-integrated-final-summary-refresh/010.current-state-and-whole-map/INDEX.md	-	-	/data/data/com.termux/files/home/02.ERP-system/90.transition-triage/20.unclassified-global/module-unknown/INDEX__20260422_182656.md	module_unknown	could not classify module/submodule
legacy-root	/data/data/com.termux/files/home/02.ERP-system/000.platform/450.whole-system-integrated-final-summary-refresh/010.current-state-and-whole-map/OVERVIEW.md	-	-	/data/data/com.termux/files/home/02.ERP-system/90.transition-triage/20.unclassified-global/module-unknown/OVERVIEW__20260422_182656.md	module_unknown	could not classify module/submodule
legacy-root	/data/data/com.termux/files/home/02.ERP-system/000.platform/450.whole-system-integrated-final-summary-refresh/020.domain-source-truth-and-navigation/1114_ERP_WHOLE_SYSTEM_DOMAIN_SOURCE_TRUTH_CURRENT_STATE.md	-	-	/data/data/com.termux/files/home/02.ERP-system/90.transition-triage/20.unclassified-global/module-unknown/1114_ERP_WHOLE_SYSTEM_DOMAIN_SOURCE_TRUTH_CURRENT_STATE.md	module_unknown	could not classify module/submodule
legacy-root	/data/data/com.termux/files/home/02.ERP-system/000.platform/450.whole-system-integrated-final-summary-refresh/020.domain-source-truth-and-navigation/1115_ERP_WHOLE_SYSTEM_DOMAIN_OWNERSHIP_MATRIX.md	-	-	/data/data/com.termux/files/home/02.ERP-system/90.transition-triage/20.unclassified-global/module-unknown/1115_ERP_WHOLE_SYSTEM_DOMAIN_OWNERSHIP_MATRIX.md	module_unknown	could not classify module/submodule
legacy-root	/data/data/com.termux/files/home/02.ERP-system/000.platform/450.whole-system-integrated-final-summary-refresh/020.domain-source-truth-and-navigation/1116_ERP_LEGACY_DOMAIN_FAMILY_INTERPRETATION_RULE.md	-	-	/data/data/com.termux/files/home/02.ERP-system/90.transition-triage/20.unclassified-global/module-unknown/1116_ERP_LEGACY_DOMAIN_FAMILY_INTERPRETATION_RULE.md	module_unknown	could not classify module/submodule
legacy-root	/data/data/com.termux/files/home/02.ERP-system/000.platform/450.whole-system-integrated-final-summary-refresh/020.domain-source-truth-and-navigation/1117_ERP_ADDITIONAL_SYSTEMS_PORTFOLIO_INTERPRETATION_RULE.md	-	-	/data/data/com.termux/files/home/02.ERP-system/90.transition-triage/20.unclassified-global/module-unknown/1117_ERP_ADDITIONAL_SYSTEMS_PORTFOLIO_INTERPRETATION_RULE.md	module_unknown	could not classify module/submodule
legacy-root	/data/data/com.termux/files/home/02.ERP-system/000.platform/450.whole-system-integrated-final-summary-refresh/020.domain-source-truth-and-navigation/1118_ERP_BOUNDARY_REFINEMENT_WHOLE_SYSTEM_LINKAGE_RULE.md	-	-	/data/data/com.termux/files/home/02.ERP-system/90.transition-triage/20.unclassified-global/module-unknown/1118_ERP_BOUNDARY_REFINEMENT_WHOLE_SYSTEM_LINKAGE_RULE.md	module_unknown	could not classify module/submodule
legacy-root	/data/data/com.termux/files/home/02.ERP-system/000.platform/450.whole-system-integrated-final-summary-refresh/020.domain-source-truth-and-navigation/1119_ERP_NAVIGATION_AND_INDEX_LAYERING_RULE.md	-	-	/data/data/com.termux/files/home/02.ERP-system/90.transition-triage/20.unclassified-global/module-unknown/1119_ERP_NAVIGATION_AND_INDEX_LAYERING_RULE.md	module_unknown	could not classify module/submodule
legacy-root	/data/data/com.termux/files/home/02.ERP-system/000.platform/450.whole-system-integrated-final-summary-refresh/020.domain-source-truth-and-navigation/1120_ERP_DOMAIN_SOURCE_TRUTH_NAVIGATION_ROOT_NAVIGATION_RULE.md	-	-	/data/data/com.termux/files/home/02.ERP-system/90.transition-triage/20.unclassified-global/module-unknown/1120_ERP_DOMAIN_SOURCE_TRUTH_NAVIGATION_ROOT_NAVIGATION_RULE.md	module_unknown	could not classify module/submodule
legacy-root	/data/data/com.termux/files/home/02.ERP-system/000.platform/450.whole-system-integrated-final-summary-refresh/020.domain-source-truth-and-navigation/INDEX.md	-	-	/data/data/com.termux/files/home/02.ERP-system/90.transition-triage/20.unclassified-global/module-unknown/INDEX__20260422_182656.md	module_unknown	could not classify module/submodule
legacy-root	/data/data/com.termux/files/home/02.ERP-system/000.platform/450.whole-system-integrated-final-summary-refresh/020.domain-source-truth-and-navigation/OVERVIEW.md	-	-	/data/data/com.termux/files/home/02.ERP-system/90.transition-triage/20.unclassified-global/module-unknown/OVERVIEW__20260422_182656.md	module_unknown	could not classify module/submodule
legacy-root	/data/data/com.termux/files/home/02.ERP-system/000.platform/450.whole-system-integrated-final-summary-refresh/030.portfolio-linkage-and-decision-gates/1121_ERP_WHOLE_SYSTEM_PORTFOLIO_LINKAGE_CURRENT_STATE.md	-	-	/data/data/com.termux/files/home/02.ERP-system/90.transition-triage/20.unclassified-global/module-unknown/1121_ERP_WHOLE_SYSTEM_PORTFOLIO_LINKAGE_CURRENT_STATE.md	module_unknown	could not classify module/submodule
legacy-root	/data/data/com.termux/files/home/02.ERP-system/000.platform/450.whole-system-integrated-final-summary-refresh/030.portfolio-linkage-and-decision-gates/1122_ERP_LEGACY_CORE_TO_OPTION_PORTFOLIO_LINKAGE_RULE.md	-	-	/data/data/com.termux/files/home/02.ERP-system/90.transition-triage/20.unclassified-global/module-unknown/1122_ERP_LEGACY_CORE_TO_OPTION_PORTFOLIO_LINKAGE_RULE.md	module_unknown	could not classify module/submodule
legacy-root	/data/data/com.termux/files/home/02.ERP-system/000.platform/450.whole-system-integrated-final-summary-refresh/030.portfolio-linkage-and-decision-gates/1123_ERP_MANAGEMENT_TO_OPTION_PORTFOLIO_LINKAGE_RULE.md	-	-	/data/data/com.termux/files/home/02.ERP-system/90.transition-triage/20.unclassified-global/module-unknown/1123_ERP_MANAGEMENT_TO_OPTION_PORTFOLIO_LINKAGE_RULE.md	module_unknown	could not classify module/submodule
legacy-root	/data/data/com.termux/files/home/02.ERP-system/000.platform/450.whole-system-integrated-final-summary-refresh/030.portfolio-linkage-and-decision-gates/1124_ERP_OPTION_PORTFOLIO_TO_ANALYTICS_LINKAGE_RULE.md	-	-	/data/data/com.termux/files/home/02.ERP-system/90.transition-triage/20.unclassified-global/module-unknown/1124_ERP_OPTION_PORTFOLIO_TO_ANALYTICS_LINKAGE_RULE.md	module_unknown	could not classify module/submodule
legacy-root	/data/data/com.termux/files/home/02.ERP-system/000.platform/450.whole-system-integrated-final-summary-refresh/030.portfolio-linkage-and-decision-gates/1125_ERP_WHOLE_SYSTEM_DECISION_GATE_AND_PRIORITIZATION_RULE.md	-	-	/data/data/com.termux/files/home/02.ERP-system/90.transition-triage/20.unclassified-global/module-unknown/1125_ERP_WHOLE_SYSTEM_DECISION_GATE_AND_PRIORITIZATION_RULE.md	module_unknown	could not classify module/submodule
legacy-root	/data/data/com.termux/files/home/02.ERP-system/000.platform/450.whole-system-integrated-final-summary-refresh/030.portfolio-linkage-and-decision-gates/1126_ERP_WHOLE_SYSTEM_EXCEPTION_AND_ESCALATION_RULE.md	-	-	/data/data/com.termux/files/home/02.ERP-system/90.transition-triage/20.unclassified-global/module-unknown/1126_ERP_WHOLE_SYSTEM_EXCEPTION_AND_ESCALATION_RULE.md	module_unknown	could not classify module/submodule
legacy-root	/data/data/com.termux/files/home/02.ERP-system/000.platform/450.whole-system-integrated-final-summary-refresh/030.portfolio-linkage-and-decision-gates/1127_ERP_WHOLE_SYSTEM_PORTFOLIO_LINKAGE_ROOT_NAVIGATION_RULE.md	-	-	/data/data/com.termux/files/home/02.ERP-system/90.transition-triage/20.unclassified-global/module-unknown/1127_ERP_WHOLE_SYSTEM_PORTFOLIO_LINKAGE_ROOT_NAVIGATION_RULE.md	module_unknown	could not classify module/submodule
legacy-root	/data/data/com.termux/files/home/02.ERP-system/000.platform/450.whole-system-integrated-final-summary-refresh/030.portfolio-linkage-and-decision-gates/INDEX.md	-	-	/data/data/com.termux/files/home/02.ERP-system/90.transition-triage/20.unclassified-global/module-unknown/INDEX__20260422_182656.md	module_unknown	could not classify module/submodule
legacy-root	/data/data/com.termux/files/home/02.ERP-system/000.platform/450.whole-system-integrated-final-summary-refresh/030.portfolio-linkage-and-decision-gates/OVERVIEW.md	-	-	/data/data/com.termux/files/home/02.ERP-system/90.transition-triage/20.unclassified-global/module-unknown/OVERVIEW__20260422_182656.md	module_unknown	could not classify module/submodule
legacy-root	/data/data/com.termux/files/home/02.ERP-system/000.platform/450.whole-system-integrated-final-summary-refresh/040.reporting-rollout-and-final-summary/1128_ERP_WHOLE_SYSTEM_REPORTING_ROLLOUT_CURRENT_STATE.md	-	-	/data/data/com.termux/files/home/02.ERP-system/90.transition-triage/20.unclassified-global/module-unknown/1128_ERP_WHOLE_SYSTEM_REPORTING_ROLLOUT_CURRENT_STATE.md	module_unknown	could not classify module/submodule
legacy-root	/data/data/com.termux/files/home/02.ERP-system/99.archive/20260422_224743/module-design-reset/12.inventory/060.integration/1129_ERP_WHOLE_SYSTEM_INTEGRATION_SCREEN_INVENTORY_AND_NAVIGATION.md	12.inventory	060.integration	/data/data/com.termux/files/home/02.ERP-system/12.inventory/060.integration/1129_ERP_WHOLE_SYSTEM_INTEGRATION_SCREEN_INVENTORY_AND_NAVIGATION.md	distributed	copied to canonical layer and archived source
legacy-root	/data/data/com.termux/files/home/02.ERP-system/000.platform/450.whole-system-integrated-final-summary-refresh/040.reporting-rollout-and-final-summary/1130_ERP_WHOLE_SYSTEM_OPERATIONAL_STATEFLOW.md	-	-	/data/data/com.termux/files/home/02.ERP-system/90.transition-triage/20.unclassified-global/module-unknown/1130_ERP_WHOLE_SYSTEM_OPERATIONAL_STATEFLOW.md	module_unknown	could not classify module/submodule
legacy-root	/data/data/com.termux/files/home/02.ERP-system/000.platform/450.whole-system-integrated-final-summary-refresh/040.reporting-rollout-and-final-summary/1131_ERP_WHOLE_SYSTEM_PERMISSION_AND_ROLE_MATRIX.md	-	-	/data/data/com.termux/files/home/02.ERP-system/90.transition-triage/20.unclassified-global/module-unknown/1131_ERP_WHOLE_SYSTEM_PERMISSION_AND_ROLE_MATRIX.md	module_unknown	could not classify module/submodule
legacy-root	/data/data/com.termux/files/home/02.ERP-system/000.platform/450.whole-system-integrated-final-summary-refresh/040.reporting-rollout-and-final-summary/1132_ERP_WHOLE_SYSTEM_INTEGRATED_REPORTING_SURFACES.md	-	-	/data/data/com.termux/files/home/02.ERP-system/90.transition-triage/20.unclassified-global/module-unknown/1132_ERP_WHOLE_SYSTEM_INTEGRATED_REPORTING_SURFACES.md	module_unknown	could not classify module/submodule
legacy-root	/data/data/com.termux/files/home/02.ERP-system/000.platform/450.whole-system-integrated-final-summary-refresh/040.reporting-rollout-and-final-summary/1133_ERP_WHOLE_SYSTEM_PORTFOLIO_ENABLEMENT_SUMMARY_RULE.md	-	-	/data/data/com.termux/files/home/02.ERP-system/90.transition-triage/20.unclassified-global/module-unknown/1133_ERP_WHOLE_SYSTEM_PORTFOLIO_ENABLEMENT_SUMMARY_RULE.md	module_unknown	could not classify module/submodule
legacy-root	/data/data/com.termux/files/home/02.ERP-system/000.platform/450.whole-system-integrated-final-summary-refresh/040.reporting-rollout-and-final-summary/1134_ERP_WHOLE_SYSTEM_ROLLOUT_AND_ADOPTION_STRATEGY.md	-	-	/data/data/com.termux/files/home/02.ERP-system/90.transition-triage/20.unclassified-global/module-unknown/1134_ERP_WHOLE_SYSTEM_ROLLOUT_AND_ADOPTION_STRATEGY.md	module_unknown	could not classify module/submodule
legacy-root	/data/data/com.termux/files/home/02.ERP-system/000.platform/450.whole-system-integrated-final-summary-refresh/040.reporting-rollout-and-final-summary/1135_ERP_WHOLE_SYSTEM_MIGRATION_AND_NON_DESTRUCTIVE_EXPANSION_RULE.md	-	-	/data/data/com.termux/files/home/02.ERP-system/90.transition-triage/20.unclassified-global/module-unknown/1135_ERP_WHOLE_SYSTEM_MIGRATION_AND_NON_DESTRUCTIVE_EXPANSION_RULE.md	module_unknown	could not classify module/submodule
legacy-root	/data/data/com.termux/files/home/02.ERP-system/000.platform/450.whole-system-integrated-final-summary-refresh/040.reporting-rollout-and-final-summary/1136_ERP_WHOLE_SYSTEM_INTEGRATED_FINAL_SUMMARY.md	-	-	/data/data/com.termux/files/home/02.ERP-system/90.transition-triage/20.unclassified-global/module-unknown/1136_ERP_WHOLE_SYSTEM_INTEGRATED_FINAL_SUMMARY.md	module_unknown	could not classify module/submodule
legacy-root	/data/data/com.termux/files/home/02.ERP-system/000.platform/450.whole-system-integrated-final-summary-refresh/040.reporting-rollout-and-final-summary/1137_ERP_WHOLE_SYSTEM_COMPLETION_NOTE.md	-	-	/data/data/com.termux/files/home/02.ERP-system/90.transition-triage/20.unclassified-global/module-unknown/1137_ERP_WHOLE_SYSTEM_COMPLETION_NOTE.md	module_unknown	could not classify module/submodule
legacy-root	/data/data/com.termux/files/home/02.ERP-system/000.platform/450.whole-system-integrated-final-summary-refresh/040.reporting-rollout-and-final-summary/1138_ERP_WHOLE_SYSTEM_ROOT_PATCH.md	-	-	/data/data/com.termux/files/home/02.ERP-system/90.transition-triage/20.unclassified-global/module-unknown/1138_ERP_WHOLE_SYSTEM_ROOT_PATCH.md	module_unknown	could not classify module/submodule
legacy-root	/data/data/com.termux/files/home/02.ERP-system/99.archive/20260422_224743/module-design-reset/52.master-data/120.implementation/1139_DESIGN_MASTER_INDEX_WHOLE_SYSTEM_FINAL_SUMMARY_PATCH.md	52.master-data	120.implementation	/data/data/com.termux/files/home/02.ERP-system/52.master-data/120.implementation/1139_DESIGN_MASTER_INDEX_WHOLE_SYSTEM_FINAL_SUMMARY_PATCH.md	distributed	copied to canonical layer and archived source
legacy-root	/data/data/com.termux/files/home/02.ERP-system/99.archive/20260422_224743/module-design-reset/52.master-data/120.implementation/1140_ERP_SYSTEM_MASTER_INDEX_WHOLE_SYSTEM_FINAL_SUMMARY_PATCH.md	52.master-data	120.implementation	/data/data/com.termux/files/home/02.ERP-system/52.master-data/120.implementation/1140_ERP_SYSTEM_MASTER_INDEX_WHOLE_SYSTEM_FINAL_SUMMARY_PATCH.md	distributed	copied to canonical layer and archived source
legacy-root	/data/data/com.termux/files/home/02.ERP-system/000.platform/450.whole-system-integrated-final-summary-refresh/040.reporting-rollout-and-final-summary/1141_ERP_WHOLE_SYSTEM_ROOT_NAVIGATION_RULE.md	-	-	/data/data/com.termux/files/home/02.ERP-system/90.transition-triage/20.unclassified-global/module-unknown/1141_ERP_WHOLE_SYSTEM_ROOT_NAVIGATION_RULE.md	module_unknown	could not classify module/submodule
legacy-root	/data/data/com.termux/files/home/02.ERP-system/000.platform/450.whole-system-integrated-final-summary-refresh/040.reporting-rollout-and-final-summary/INDEX.md	-	-	/data/data/com.termux/files/home/02.ERP-system/90.transition-triage/20.unclassified-global/module-unknown/INDEX__20260422_182656.md	module_unknown	could not classify module/submodule
legacy-root	/data/data/com.termux/files/home/02.ERP-system/000.platform/450.whole-system-integrated-final-summary-refresh/040.reporting-rollout-and-final-summary/OVERVIEW.md	-	-	/data/data/com.termux/files/home/02.ERP-system/90.transition-triage/20.unclassified-global/module-unknown/OVERVIEW__20260422_182656.md	module_unknown	could not classify module/submodule
legacy-root	/data/data/com.termux/files/home/02.ERP-system/000.platform/450.whole-system-integrated-final-summary-refresh/INDEX.md	-	-	/data/data/com.termux/files/home/02.ERP-system/90.transition-triage/20.unclassified-global/module-unknown/INDEX__20260422_182656.md	module_unknown	could not classify module/submodule
legacy-root	/data/data/com.termux/files/home/02.ERP-system/000.platform/450.whole-system-integrated-final-summary-refresh/OVERVIEW.md	-	-	/data/data/com.termux/files/home/02.ERP-system/90.transition-triage/20.unclassified-global/module-unknown/OVERVIEW__20260422_182656.md	module_unknown	could not classify module/submodule
legacy-root	/data/data/com.termux/files/home/02.ERP-system/000.platform/460.handover-refresh-for-next-chat/1142_ERP_HANDOVER_REFRESH_CURRENT_STATE.md	-	-	/data/data/com.termux/files/home/02.ERP-system/90.transition-triage/20.unclassified-global/module-unknown/1142_ERP_HANDOVER_REFRESH_CURRENT_STATE.md	module_unknown	could not classify module/submodule
legacy-root	/data/data/com.termux/files/home/02.ERP-system/000.platform/460.handover-refresh-for-next-chat/1143_ERP_HANDOVER_REFRESH_CONFIRMED_STOP_POINT.md	-	-	/data/data/com.termux/files/home/02.ERP-system/90.transition-triage/20.unclassified-global/module-unknown/1143_ERP_HANDOVER_REFRESH_CONFIRMED_STOP_POINT.md	module_unknown	could not classify module/submodule
legacy-root	/data/data/com.termux/files/home/02.ERP-system/000.platform/460.handover-refresh-for-next-chat/1144_ERP_HANDOVER_REFRESH_FIXED_CLASSIFICATION_RULES.md	-	-	/data/data/com.termux/files/home/02.ERP-system/90.transition-triage/20.unclassified-global/module-unknown/1144_ERP_HANDOVER_REFRESH_FIXED_CLASSIFICATION_RULES.md	module_unknown	could not classify module/submodule
legacy-root	/data/data/com.termux/files/home/02.ERP-system/000.platform/460.handover-refresh-for-next-chat/1145_ERP_HANDOVER_REFRESH_FIXED_OPTION_PRINCIPLE.md	-	-	/data/data/com.termux/files/home/02.ERP-system/90.transition-triage/20.unclassified-global/module-unknown/1145_ERP_HANDOVER_REFRESH_FIXED_OPTION_PRINCIPLE.md	module_unknown	could not classify module/submodule
legacy-root	/data/data/com.termux/files/home/02.ERP-system/000.platform/460.handover-refresh-for-next-chat/1146_ERP_HANDOVER_REFRESH_STABILIZED_READING_ORDER.md	-	-	/data/data/com.termux/files/home/02.ERP-system/90.transition-triage/20.unclassified-global/module-unknown/1146_ERP_HANDOVER_REFRESH_STABILIZED_READING_ORDER.md	module_unknown	could not classify module/submodule
legacy-root	/data/data/com.termux/files/home/02.ERP-system/000.platform/460.handover-refresh-for-next-chat/1147_ERP_HANDOVER_REFRESH_RECOMMENDED_NEXT_WORK_CANDIDATES.md	-	-	/data/data/com.termux/files/home/02.ERP-system/90.transition-triage/20.unclassified-global/module-unknown/1147_ERP_HANDOVER_REFRESH_RECOMMENDED_NEXT_WORK_CANDIDATES.md	module_unknown	could not classify module/submodule
legacy-root	/data/data/com.termux/files/home/02.ERP-system/000.platform/460.handover-refresh-for-next-chat/1148_ERP_HANDOVER_REFRESH_RECOMMENDED_FIRST_NEXT_ACTION.md	-	-	/data/data/com.termux/files/home/02.ERP-system/90.transition-triage/20.unclassified-global/module-unknown/1148_ERP_HANDOVER_REFRESH_RECOMMENDED_FIRST_NEXT_ACTION.md	module_unknown	could not classify module/submodule
legacy-root	/data/data/com.termux/files/home/02.ERP-system/000.platform/460.handover-refresh-for-next-chat/1149_ERP_HANDOVER_REFRESH_SAFE_NEXT_CHAT_PROMPT_TEMPLATE.md	-	-	/data/data/com.termux/files/home/02.ERP-system/90.transition-triage/20.unclassified-global/module-unknown/1149_ERP_HANDOVER_REFRESH_SAFE_NEXT_CHAT_PROMPT_TEMPLATE.md	module_unknown	could not classify module/submodule
legacy-root	/data/data/com.termux/files/home/02.ERP-system/000.platform/460.handover-refresh-for-next-chat/1150_ERP_HANDOVER_REFRESH_EXECUTIVE_CONDENSED_SUMMARY.md	-	-	/data/data/com.termux/files/home/02.ERP-system/90.transition-triage/20.unclassified-global/module-unknown/1150_ERP_HANDOVER_REFRESH_EXECUTIVE_CONDENSED_SUMMARY.md	module_unknown	could not classify module/submodule
legacy-root	/data/data/com.termux/files/home/02.ERP-system/000.platform/460.handover-refresh-for-next-chat/1151_ERP_HANDOVER_REFRESH_COMPLETION_NOTE.md	-	-	/data/data/com.termux/files/home/02.ERP-system/90.transition-triage/20.unclassified-global/module-unknown/1151_ERP_HANDOVER_REFRESH_COMPLETION_NOTE.md	module_unknown	could not classify module/submodule
legacy-root	/data/data/com.termux/files/home/02.ERP-system/000.platform/460.handover-refresh-for-next-chat/1152_ERP_HANDOVER_REFRESH_ROOT_PATCH.md	-	-	/data/data/com.termux/files/home/02.ERP-system/90.transition-triage/20.unclassified-global/module-unknown/1152_ERP_HANDOVER_REFRESH_ROOT_PATCH.md	module_unknown	could not classify module/submodule
legacy-root	/data/data/com.termux/files/home/02.ERP-system/99.archive/20260422_224743/module-design-reset/52.master-data/120.implementation/1153_DESIGN_MASTER_INDEX_HANDOVER_REFRESH_PATCH.md	52.master-data	120.implementation	/data/data/com.termux/files/home/02.ERP-system/52.master-data/120.implementation/1153_DESIGN_MASTER_INDEX_HANDOVER_REFRESH_PATCH.md	distributed	copied to canonical layer and archived source
legacy-root	/data/data/com.termux/files/home/02.ERP-system/000.platform/460.handover-refresh-for-next-chat/1154_ERP_HANDOVER_REFRESH_ROOT_NAVIGATION_RULE.md	-	-	/data/data/com.termux/files/home/02.ERP-system/90.transition-triage/20.unclassified-global/module-unknown/1154_ERP_HANDOVER_REFRESH_ROOT_NAVIGATION_RULE.md	module_unknown	could not classify module/submodule
legacy-root	/data/data/com.termux/files/home/02.ERP-system/000.platform/460.handover-refresh-for-next-chat/INDEX.md	-	-	/data/data/com.termux/files/home/02.ERP-system/90.transition-triage/20.unclassified-global/module-unknown/INDEX__20260422_182656.md	module_unknown	could not classify module/submodule
legacy-root	/data/data/com.termux/files/home/02.ERP-system/000.platform/460.handover-refresh-for-next-chat/OVERVIEW.md	-	-	/data/data/com.termux/files/home/02.ERP-system/90.transition-triage/20.unclassified-global/module-unknown/OVERVIEW__20260422_182656.md	module_unknown	could not classify module/submodule
legacy-root	/data/data/com.termux/files/home/02.ERP-system/99.archive/20260422_224743/module-design-reset/12.inventory/020.architecture/1155_ERP_THREE_LAYER_CURRENT_STATE.md	12.inventory	020.architecture	/data/data/com.termux/files/home/02.ERP-system/12.inventory/020.architecture/1155_ERP_THREE_LAYER_CURRENT_STATE.md	distributed	copied to canonical layer and archived source
legacy-root	/data/data/com.termux/files/home/02.ERP-system/99.archive/20260422_224743/module-design-reset/12.inventory/020.architecture/1156_ERP_THREE_LAYER_DEFINITION.md	12.inventory	020.architecture	/data/data/com.termux/files/home/02.ERP-system/12.inventory/020.architecture/1156_ERP_THREE_LAYER_DEFINITION.md	distributed	copied to canonical layer and archived source
legacy-root	/data/data/com.termux/files/home/02.ERP-system/99.archive/20260422_224743/module-design-reset/12.inventory/020.architecture/1157_ERP_BASE_LAYER_CURRENT_READING.md	12.inventory	020.architecture	/data/data/com.termux/files/home/02.ERP-system/12.inventory/020.architecture/1157_ERP_BASE_LAYER_CURRENT_READING.md	distributed	copied to canonical layer and archived source
legacy-root	/data/data/com.termux/files/home/02.ERP-system/99.archive/20260422_224743/module-design-reset/12.inventory/020.architecture/1158_ERP_BUSINESS_LAYER_CURRENT_READING.md	12.inventory	020.architecture	/data/data/com.termux/files/home/02.ERP-system/12.inventory/020.architecture/1158_ERP_BUSINESS_LAYER_CURRENT_READING.md	distributed	copied to canonical layer and archived source
legacy-root	/data/data/com.termux/files/home/02.ERP-system/99.archive/20260422_224743/module-design-reset/12.inventory/020.architecture/1159_ERP_MANAGEMENT_LAYER_CURRENT_READING.md	12.inventory	020.architecture	/data/data/com.termux/files/home/02.ERP-system/12.inventory/020.architecture/1159_ERP_MANAGEMENT_LAYER_CURRENT_READING.md	distributed	copied to canonical layer and archived source
legacy-root	/data/data/com.termux/files/home/02.ERP-system/99.archive/20260422_224743/module-design-reset/12.inventory/020.architecture/1160_ERP_WHOLE_DESIGN_COMPLETION_JUDGMENT_RULE.md	12.inventory	020.architecture	/data/data/com.termux/files/home/02.ERP-system/12.inventory/020.architecture/1160_ERP_WHOLE_DESIGN_COMPLETION_JUDGMENT_RULE.md	distributed	copied to canonical layer and archived source
legacy-root	/data/data/com.termux/files/home/02.ERP-system/99.archive/20260422_224743/module-design-reset/12.inventory/020.architecture/1161_ERP_THREE_LAYER_CURRENT_STATE_ROOT_NAVIGATION_RULE.md	12.inventory	020.architecture	/data/data/com.termux/files/home/02.ERP-system/12.inventory/020.architecture/1161_ERP_THREE_LAYER_CURRENT_STATE_ROOT_NAVIGATION_RULE.md	distributed	copied to canonical layer and archived source
legacy-root	/data/data/com.termux/files/home/02.ERP-system/000.platform/470.three-layer-current-state-inventory/010.current-state-and-layer-definition/INDEX.md	12.inventory	020.architecture	/data/data/com.termux/files/home/02.ERP-system/12.inventory/900.meta/912.transition-unclassified/conflict-files/INDEX.md	conflict	target already exists at canonical layer
legacy-root	/data/data/com.termux/files/home/02.ERP-system/000.platform/470.three-layer-current-state-inventory/010.current-state-and-layer-definition/OVERVIEW.md	12.inventory	020.architecture	/data/data/com.termux/files/home/02.ERP-system/12.inventory/900.meta/912.transition-unclassified/conflict-files/OVERVIEW.md	conflict	target already exists at canonical layer
legacy-root	/data/data/com.termux/files/home/02.ERP-system/99.archive/20260422_224743/module-design-reset/12.inventory/020.architecture/1162_ERP_THREE_LAYER_COMPLETION_STATUS_MATRIX.md	12.inventory	020.architecture	/data/data/com.termux/files/home/02.ERP-system/12.inventory/020.architecture/1162_ERP_THREE_LAYER_COMPLETION_STATUS_MATRIX.md	distributed	copied to canonical layer and archived source
legacy-root	/data/data/com.termux/files/home/02.ERP-system/99.archive/20260422_224743/module-design-reset/12.inventory/020.architecture/1163_ERP_BASE_LAYER_GAP_INVENTORY.md	12.inventory	020.architecture	/data/data/com.termux/files/home/02.ERP-system/12.inventory/020.architecture/1163_ERP_BASE_LAYER_GAP_INVENTORY.md	distributed	copied to canonical layer and archived source
legacy-root	/data/data/com.termux/files/home/02.ERP-system/99.archive/20260422_224743/module-design-reset/12.inventory/020.architecture/1164_ERP_BUSINESS_LAYER_GAP_INVENTORY.md	12.inventory	020.architecture	/data/data/com.termux/files/home/02.ERP-system/12.inventory/020.architecture/1164_ERP_BUSINESS_LAYER_GAP_INVENTORY.md	distributed	copied to canonical layer and archived source
legacy-root	/data/data/com.termux/files/home/02.ERP-system/99.archive/20260422_224743/module-design-reset/12.inventory/020.architecture/1165_ERP_MANAGEMENT_LAYER_GAP_INVENTORY.md	12.inventory	020.architecture	/data/data/com.termux/files/home/02.ERP-system/12.inventory/020.architecture/1165_ERP_MANAGEMENT_LAYER_GAP_INVENTORY.md	distributed	copied to canonical layer and archived source
legacy-root	/data/data/com.termux/files/home/02.ERP-system/99.archive/20260422_224743/module-design-reset/12.inventory/020.architecture/1166_ERP_THREE_LAYER_OVERLAP_AND_BOUNDARY_WATCHLIST.md	12.inventory	020.architecture	/data/data/com.termux/files/home/02.ERP-system/12.inventory/020.architecture/1166_ERP_THREE_LAYER_OVERLAP_AND_BOUNDARY_WATCHLIST.md	distributed	copied to canonical layer and archived source
legacy-root	/data/data/com.termux/files/home/02.ERP-system/99.archive/20260422_224743/module-design-reset/12.inventory/020.architecture/1167_ERP_DEFERRED_AND_NOT_YET_SUFFICIENTLY_DESIGNED_LIST.md	12.inventory	020.architecture	/data/data/com.termux/files/home/02.ERP-system/12.inventory/020.architecture/1167_ERP_DEFERRED_AND_NOT_YET_SUFFICIENTLY_DESIGNED_LIST.md	distributed	copied to canonical layer and archived source
legacy-root	/data/data/com.termux/files/home/02.ERP-system/99.archive/20260422_224743/module-design-reset/12.inventory/020.architecture/1168_ERP_THREE_LAYER_PRIORITY_SEQUENCE.md	12.inventory	020.architecture	/data/data/com.termux/files/home/02.ERP-system/12.inventory/020.architecture/1168_ERP_THREE_LAYER_PRIORITY_SEQUENCE.md	distributed	copied to canonical layer and archived source
legacy-root	/data/data/com.termux/files/home/02.ERP-system/99.archive/20260422_224743/module-design-reset/12.inventory/020.architecture/1169_ERP_THREE_LAYER_INTEGRATED_INVENTORY_SUMMARY.md	12.inventory	020.architecture	/data/data/com.termux/files/home/02.ERP-system/12.inventory/020.architecture/1169_ERP_THREE_LAYER_INTEGRATED_INVENTORY_SUMMARY.md	distributed	copied to canonical layer and archived source
legacy-root	/data/data/com.termux/files/home/02.ERP-system/99.archive/20260422_224743/module-design-reset/12.inventory/020.architecture/1170_ERP_THREE_LAYER_INVENTORY_ROOT_PATCH.md	12.inventory	020.architecture	/data/data/com.termux/files/home/02.ERP-system/12.inventory/020.architecture/1170_ERP_THREE_LAYER_INVENTORY_ROOT_PATCH.md	distributed	copied to canonical layer and archived source
legacy-root	/data/data/com.termux/files/home/02.ERP-system/99.archive/20260422_224743/module-design-reset/52.master-data/020.architecture/1171_DESIGN_MASTER_INDEX_THREE_LAYER_INVENTORY_PATCH.md	52.master-data	020.architecture	/data/data/com.termux/files/home/02.ERP-system/52.master-data/020.architecture/1171_DESIGN_MASTER_INDEX_THREE_LAYER_INVENTORY_PATCH.md	distributed	copied to canonical layer and archived source
legacy-root	/data/data/com.termux/files/home/02.ERP-system/99.archive/20260422_224743/module-design-reset/12.inventory/020.architecture/1172_ERP_THREE_LAYER_INVENTORY_ROOT_NAVIGATION_RULE.md	12.inventory	020.architecture	/data/data/com.termux/files/home/02.ERP-system/12.inventory/020.architecture/1172_ERP_THREE_LAYER_INVENTORY_ROOT_NAVIGATION_RULE.md	distributed	copied to canonical layer and archived source
legacy-root	/data/data/com.termux/files/home/02.ERP-system/000.platform/470.three-layer-current-state-inventory/020.completion-gap-and-priority-inventory/INDEX.md	12.inventory	020.architecture	/data/data/com.termux/files/home/02.ERP-system/12.inventory/900.meta/912.transition-unclassified/conflict-files/INDEX__20260422_182656.md	conflict	target already exists at canonical layer
legacy-root	/data/data/com.termux/files/home/02.ERP-system/000.platform/470.three-layer-current-state-inventory/020.completion-gap-and-priority-inventory/OVERVIEW.md	12.inventory	020.architecture	/data/data/com.termux/files/home/02.ERP-system/12.inventory/900.meta/912.transition-unclassified/conflict-files/OVERVIEW__20260422_182656.md	conflict	target already exists at canonical layer
legacy-root	/data/data/com.termux/files/home/02.ERP-system/000.platform/470.three-layer-current-state-inventory/INDEX.md	12.inventory	020.architecture	/data/data/com.termux/files/home/02.ERP-system/12.inventory/900.meta/912.transition-unclassified/conflict-files/INDEX__20260422_182656.md	conflict	target already exists at canonical layer
legacy-root	/data/data/com.termux/files/home/02.ERP-system/000.platform/470.three-layer-current-state-inventory/OVERVIEW.md	12.inventory	020.architecture	/data/data/com.termux/files/home/02.ERP-system/12.inventory/900.meta/912.transition-unclassified/conflict-files/OVERVIEW__20260422_182656.md	conflict	target already exists at canonical layer
legacy-root	/data/data/com.termux/files/home/02.ERP-system/000.platform/480.base-layer-whole-design-completion/010.current-state-and-scope/1173_ERP_BASE_LAYER_WHOLE_DESIGN_CURRENT_STATE.md	-	-	/data/data/com.termux/files/home/02.ERP-system/90.transition-triage/20.unclassified-global/module-unknown/1173_ERP_BASE_LAYER_WHOLE_DESIGN_CURRENT_STATE.md	module_unknown	could not classify module/submodule
legacy-root	/data/data/com.termux/files/home/02.ERP-system/000.platform/480.base-layer-whole-design-completion/010.current-state-and-scope/1174_ERP_BASE_LAYER_WHOLE_DESIGN_POSITIONING.md	-	-	/data/data/com.termux/files/home/02.ERP-system/90.transition-triage/20.unclassified-global/module-unknown/1174_ERP_BASE_LAYER_WHOLE_DESIGN_POSITIONING.md	module_unknown	could not classify module/submodule
legacy-root	/data/data/com.termux/files/home/02.ERP-system/000.platform/480.base-layer-whole-design-completion/010.current-state-and-scope/1175_ERP_BASE_LAYER_WHOLE_DESIGN_CANONICAL_SCOPE.md	-	-	/data/data/com.termux/files/home/02.ERP-system/90.transition-triage/20.unclassified-global/module-unknown/1175_ERP_BASE_LAYER_WHOLE_DESIGN_CANONICAL_SCOPE.md	module_unknown	could not classify module/submodule
legacy-root	/data/data/com.termux/files/home/02.ERP-system/000.platform/480.base-layer-whole-design-completion/010.current-state-and-scope/1176_ERP_BASE_LAYER_COMPLETION_TARGET.md	-	-	/data/data/com.termux/files/home/02.ERP-system/90.transition-triage/20.unclassified-global/module-unknown/1176_ERP_BASE_LAYER_COMPLETION_TARGET.md	module_unknown	could not classify module/submodule
legacy-root	/data/data/com.termux/files/home/02.ERP-system/000.platform/480.base-layer-whole-design-completion/010.current-state-and-scope/1177_ERP_BASE_LAYER_EXIT_CRITERIA.md	-	-	/data/data/com.termux/files/home/02.ERP-system/90.transition-triage/20.unclassified-global/module-unknown/1177_ERP_BASE_LAYER_EXIT_CRITERIA.md	module_unknown	could not classify module/submodule
legacy-root	/data/data/com.termux/files/home/02.ERP-system/000.platform/480.base-layer-whole-design-completion/010.current-state-and-scope/1178_ERP_BASE_LAYER_CURRENT_STATE_ROOT_NAVIGATION_RULE.md	-	-	/data/data/com.termux/files/home/02.ERP-system/90.transition-triage/20.unclassified-global/module-unknown/1178_ERP_BASE_LAYER_CURRENT_STATE_ROOT_NAVIGATION_RULE.md	module_unknown	could not classify module/submodule
legacy-root	/data/data/com.termux/files/home/02.ERP-system/000.platform/480.base-layer-whole-design-completion/010.current-state-and-scope/INDEX.md	-	-	/data/data/com.termux/files/home/02.ERP-system/90.transition-triage/20.unclassified-global/module-unknown/INDEX__20260422_182656.md	module_unknown	could not classify module/submodule
legacy-root	/data/data/com.termux/files/home/02.ERP-system/000.platform/480.base-layer-whole-design-completion/010.current-state-and-scope/OVERVIEW.md	-	-	/data/data/com.termux/files/home/02.ERP-system/90.transition-triage/20.unclassified-global/module-unknown/OVERVIEW__20260422_182656.md	module_unknown	could not classify module/submodule
legacy-root	/data/data/com.termux/files/home/02.ERP-system/000.platform/480.base-layer-whole-design-completion/020.shared-reference-ownership-and-org-baseline/1179_ERP_BASE_LAYER_SHARED_REFERENCE_CURRENT_STATE.md	-	-	/data/data/com.termux/files/home/02.ERP-system/90.transition-triage/20.unclassified-global/module-unknown/1179_ERP_BASE_LAYER_SHARED_REFERENCE_CURRENT_STATE.md	module_unknown	could not classify module/submodule
legacy-root	/data/data/com.termux/files/home/02.ERP-system/000.platform/480.base-layer-whole-design-completion/020.shared-reference-ownership-and-org-baseline/1180_ERP_ORGANIZATIONAL_STRUCTURE_BASELINE.md	-	-	/data/data/com.termux/files/home/02.ERP-system/90.transition-triage/20.unclassified-global/module-unknown/1180_ERP_ORGANIZATIONAL_STRUCTURE_BASELINE.md	module_unknown	could not classify module/submodule
legacy-root	/data/data/com.termux/files/home/02.ERP-system/99.archive/20260422_224743/module-design-reset/13.warehouse/020.architecture/1181_ERP_SHARED_COMPANY_DEPARTMENT_SITE_WAREHOUSE_REFERENCE_RULE.md	13.warehouse	020.architecture	/data/data/com.termux/files/home/02.ERP-system/13.warehouse/020.architecture/1181_ERP_SHARED_COMPANY_DEPARTMENT_SITE_WAREHOUSE_REFERENCE_RULE.md	distributed	copied to canonical layer and archived source
legacy-root	/data/data/com.termux/files/home/02.ERP-system/000.platform/480.base-layer-whole-design-completion/020.shared-reference-ownership-and-org-baseline/1182_ERP_CANONICAL_SHARED_ID_AND_REFERENCE_LINKAGE_RULE.md	-	-	/data/data/com.termux/files/home/02.ERP-system/90.transition-triage/20.unclassified-global/module-unknown/1182_ERP_CANONICAL_SHARED_ID_AND_REFERENCE_LINKAGE_RULE.md	module_unknown	could not classify module/submodule
legacy-root	/data/data/com.termux/files/home/02.ERP-system/000.platform/480.base-layer-whole-design-completion/020.shared-reference-ownership-and-org-baseline/1183_ERP_SOURCE_TRUTH_VS_DERIVED_SURFACE_BASELINE.md	-	-	/data/data/com.termux/files/home/02.ERP-system/90.transition-triage/20.unclassified-global/module-unknown/1183_ERP_SOURCE_TRUTH_VS_DERIVED_SURFACE_BASELINE.md	module_unknown	could not classify module/submodule
legacy-root	/data/data/com.termux/files/home/02.ERP-system/000.platform/480.base-layer-whole-design-completion/020.shared-reference-ownership-and-org-baseline/1184_ERP_OWNERSHIP_INHERITANCE_AND_OVERRIDE_RULE.md	-	-	/data/data/com.termux/files/home/02.ERP-system/90.transition-triage/20.unclassified-global/module-unknown/1184_ERP_OWNERSHIP_INHERITANCE_AND_OVERRIDE_RULE.md	module_unknown	could not classify module/submodule
legacy-root	/data/data/com.termux/files/home/02.ERP-system/000.platform/480.base-layer-whole-design-completion/020.shared-reference-ownership-and-org-baseline/1185_ERP_SHARED_REFERENCE_OWNERSHIP_ROOT_NAVIGATION_RULE.md	-	-	/data/data/com.termux/files/home/02.ERP-system/90.transition-triage/20.unclassified-global/module-unknown/1185_ERP_SHARED_REFERENCE_OWNERSHIP_ROOT_NAVIGATION_RULE.md	module_unknown	could not classify module/submodule
legacy-root	/data/data/com.termux/files/home/02.ERP-system/000.platform/480.base-layer-whole-design-completion/020.shared-reference-ownership-and-org-baseline/INDEX.md	-	-	/data/data/com.termux/files/home/02.ERP-system/90.transition-triage/20.unclassified-global/module-unknown/INDEX__20260422_182656.md	module_unknown	could not classify module/submodule
legacy-root	/data/data/com.termux/files/home/02.ERP-system/000.platform/480.base-layer-whole-design-completion/020.shared-reference-ownership-and-org-baseline/OVERVIEW.md	-	-	/data/data/com.termux/files/home/02.ERP-system/90.transition-triage/20.unclassified-global/module-unknown/OVERVIEW__20260422_182656.md	module_unknown	could not classify module/submodule
legacy-root	/data/data/com.termux/files/home/02.ERP-system/000.platform/480.base-layer-whole-design-completion/030.contract-option-enablement-and-classification-baseline/1186_ERP_BASE_LAYER_CONTRACT_OPTION_CURRENT_STATE.md	-	-	/data/data/com.termux/files/home/02.ERP-system/90.transition-triage/20.unclassified-global/module-unknown/1186_ERP_BASE_LAYER_CONTRACT_OPTION_CURRENT_STATE.md	module_unknown	could not classify module/submodule
legacy-root	/data/data/com.termux/files/home/02.ERP-system/000.platform/480.base-layer-whole-design-completion/030.contract-option-enablement-and-classification-baseline/1187_ERP_COMMON_REQUEST_RESPONSE_ENVELOPE_BASELINE.md	-	-	/data/data/com.termux/files/home/02.ERP-system/90.transition-triage/20.unclassified-global/module-unknown/1187_ERP_COMMON_REQUEST_RESPONSE_ENVELOPE_BASELINE.md	module_unknown	could not classify module/submodule
legacy-root	/data/data/com.termux/files/home/02.ERP-system/000.platform/480.base-layer-whole-design-completion/030.contract-option-enablement-and-classification-baseline/1188_ERP_STATUS_AND_LIFECYCLE_VOCABULARY_BASELINE.md	-	-	/data/data/com.termux/files/home/02.ERP-system/90.transition-triage/20.unclassified-global/module-unknown/1188_ERP_STATUS_AND_LIFECYCLE_VOCABULARY_BASELINE.md	module_unknown	could not classify module/submodule
legacy-root	/data/data/com.termux/files/home/02.ERP-system/000.platform/480.base-layer-whole-design-completion/030.contract-option-enablement-and-classification-baseline/1189_ERP_OPTION_ENABLEMENT_BASELINE.md	-	-	/data/data/com.termux/files/home/02.ERP-system/90.transition-triage/20.unclassified-global/module-unknown/1189_ERP_OPTION_ENABLEMENT_BASELINE.md	module_unknown	could not classify module/submodule
legacy-root	/data/data/com.termux/files/home/02.ERP-system/000.platform/480.base-layer-whole-design-completion/030.contract-option-enablement-and-classification-baseline/1190_ERP_SUBSYSTEM_AND_EXTERNAL_LINKED_APP_CLASSIFICATION_BASELINE.md	-	-	/data/data/com.termux/files/home/02.ERP-system/90.transition-triage/20.unclassified-global/module-unknown/1190_ERP_SUBSYSTEM_AND_EXTERNAL_LINKED_APP_CLASSIFICATION_BASELINE.md	module_unknown	could not classify module/submodule
legacy-root	/data/data/com.termux/files/home/02.ERP-system/99.archive/20260422_224743/module-design-reset/51.audit/020.architecture/1191_ERP_COMMON_ERROR_AND_AUDIT_CONTEXT_BASELINE.md	51.audit	020.architecture	/data/data/com.termux/files/home/02.ERP-system/51.audit/020.architecture/1191_ERP_COMMON_ERROR_AND_AUDIT_CONTEXT_BASELINE.md	distributed	copied to canonical layer and archived source
legacy-root	/data/data/com.termux/files/home/02.ERP-system/000.platform/480.base-layer-whole-design-completion/030.contract-option-enablement-and-classification-baseline/1192_ERP_CONTRACT_OPTION_CLASSIFICATION_ROOT_NAVIGATION_RULE.md	-	-	/data/data/com.termux/files/home/02.ERP-system/90.transition-triage/20.unclassified-global/module-unknown/1192_ERP_CONTRACT_OPTION_CLASSIFICATION_ROOT_NAVIGATION_RULE.md	module_unknown	could not classify module/submodule
legacy-root	/data/data/com.termux/files/home/02.ERP-system/000.platform/480.base-layer-whole-design-completion/030.contract-option-enablement-and-classification-baseline/INDEX.md	-	-	/data/data/com.termux/files/home/02.ERP-system/90.transition-triage/20.unclassified-global/module-unknown/INDEX__20260422_182656.md	module_unknown	could not classify module/submodule
legacy-root	/data/data/com.termux/files/home/02.ERP-system/000.platform/480.base-layer-whole-design-completion/030.contract-option-enablement-and-classification-baseline/OVERVIEW.md	-	-	/data/data/com.termux/files/home/02.ERP-system/90.transition-triage/20.unclassified-global/module-unknown/OVERVIEW__20260422_182656.md	module_unknown	could not classify module/submodule
legacy-root	/data/data/com.termux/files/home/02.ERP-system/99.archive/20260422_224743/module-design-reset/51.audit/020.architecture/1193_ERP_BASE_LAYER_PERMISSION_AUDIT_NAVIGATION_CURRENT_STATE.md	51.audit	020.architecture	/data/data/com.termux/files/home/02.ERP-system/51.audit/020.architecture/1193_ERP_BASE_LAYER_PERMISSION_AUDIT_NAVIGATION_CURRENT_STATE.md	distributed	copied to canonical layer and archived source
legacy-root	/data/data/com.termux/files/home/02.ERP-system/99.archive/20260422_224743/module-design-reset/51.audit/020.architecture/1194_ERP_PERMISSION_FAMILY_BASELINE.md	51.audit	020.architecture	/data/data/com.termux/files/home/02.ERP-system/51.audit/020.architecture/1194_ERP_PERMISSION_FAMILY_BASELINE.md	distributed	copied to canonical layer and archived source
legacy-root	/data/data/com.termux/files/home/02.ERP-system/99.archive/20260422_224743/module-design-reset/51.audit/020.architecture/1195_ERP_AUDIT_SENSITIVE_ACTION_BASELINE.md	51.audit	020.architecture	/data/data/com.termux/files/home/02.ERP-system/51.audit/020.architecture/1195_ERP_AUDIT_SENSITIVE_ACTION_BASELINE.md	distributed	copied to canonical layer and archived source
legacy-root	/data/data/com.termux/files/home/02.ERP-system/99.archive/20260422_224743/module-design-reset/51.audit/020.architecture/1196_ERP_INDEX_OVERVIEW_ROOT_LAYERING_RULE.md	51.audit	020.architecture	/data/data/com.termux/files/home/02.ERP-system/51.audit/020.architecture/1196_ERP_INDEX_OVERVIEW_ROOT_LAYERING_RULE.md	distributed	copied to canonical layer and archived source
legacy-root	/data/data/com.termux/files/home/02.ERP-system/99.archive/20260422_224743/module-design-reset/51.audit/020.architecture/1197_ERP_CROSS_LAYER_DEPENDENCY_DECLARATION_RULE.md	51.audit	020.architecture	/data/data/com.termux/files/home/02.ERP-system/51.audit/020.architecture/1197_ERP_CROSS_LAYER_DEPENDENCY_DECLARATION_RULE.md	distributed	copied to canonical layer and archived source
legacy-root	/data/data/com.termux/files/home/02.ERP-system/99.archive/20260422_224743/module-design-reset/51.audit/020.architecture/1198_ERP_BASE_LAYER_IMPLEMENTATION_READY_COMPLETION_JUDGMENT_CHECKLIST.md	51.audit	020.architecture	/data/data/com.termux/files/home/02.ERP-system/51.audit/020.architecture/1198_ERP_BASE_LAYER_IMPLEMENTATION_READY_COMPLETION_JUDGMENT_CHECKLIST.md	distributed	copied to canonical layer and archived source
legacy-root	/data/data/com.termux/files/home/02.ERP-system/99.archive/20260422_224743/module-design-reset/51.audit/020.architecture/1199_ERP_BASE_LAYER_INTEGRATED_SUMMARY.md	51.audit	020.architecture	/data/data/com.termux/files/home/02.ERP-system/51.audit/020.architecture/1199_ERP_BASE_LAYER_INTEGRATED_SUMMARY.md	distributed	copied to canonical layer and archived source
legacy-root	/data/data/com.termux/files/home/02.ERP-system/99.archive/20260422_224743/module-design-reset/51.audit/020.architecture/1200_ERP_BASE_LAYER_COMPLETION_NOTE.md	51.audit	020.architecture	/data/data/com.termux/files/home/02.ERP-system/51.audit/020.architecture/1200_ERP_BASE_LAYER_COMPLETION_NOTE.md	distributed	copied to canonical layer and archived source
legacy-root	/data/data/com.termux/files/home/02.ERP-system/99.archive/20260422_224743/module-design-reset/51.audit/020.architecture/1201_ERP_BASE_LAYER_ROOT_PATCH.md	51.audit	020.architecture	/data/data/com.termux/files/home/02.ERP-system/51.audit/020.architecture/1201_ERP_BASE_LAYER_ROOT_PATCH.md	distributed	copied to canonical layer and archived source
legacy-root	/data/data/com.termux/files/home/02.ERP-system/99.archive/20260422_224743/module-design-reset/52.master-data/020.architecture/1202_DESIGN_MASTER_INDEX_BASE_LAYER_COMPLETION_PATCH.md	52.master-data	020.architecture	/data/data/com.termux/files/home/02.ERP-system/52.master-data/020.architecture/1202_DESIGN_MASTER_INDEX_BASE_LAYER_COMPLETION_PATCH.md	distributed	copied to canonical layer and archived source
legacy-root	/data/data/com.termux/files/home/02.ERP-system/99.archive/20260422_224743/module-design-reset/52.master-data/020.architecture/1203_ERP_SYSTEM_MASTER_INDEX_BASE_LAYER_COMPLETION_PATCH.md	52.master-data	020.architecture	/data/data/com.termux/files/home/02.ERP-system/52.master-data/020.architecture/1203_ERP_SYSTEM_MASTER_INDEX_BASE_LAYER_COMPLETION_PATCH.md	distributed	copied to canonical layer and archived source
legacy-root	/data/data/com.termux/files/home/02.ERP-system/99.archive/20260422_224743/module-design-reset/51.audit/020.architecture/1204_ERP_BASE_LAYER_ROOT_NAVIGATION_RULE.md	51.audit	020.architecture	/data/data/com.termux/files/home/02.ERP-system/51.audit/020.architecture/1204_ERP_BASE_LAYER_ROOT_NAVIGATION_RULE.md	distributed	copied to canonical layer and archived source
legacy-root	/data/data/com.termux/files/home/02.ERP-system/000.platform/480.base-layer-whole-design-completion/040.permission-audit-navigation-and-completion-rule/INDEX.md	51.audit	020.architecture	/data/data/com.termux/files/home/02.ERP-system/51.audit/900.meta/912.transition-unclassified/conflict-files/INDEX.md	conflict	target already exists at canonical layer
legacy-root	/data/data/com.termux/files/home/02.ERP-system/000.platform/480.base-layer-whole-design-completion/040.permission-audit-navigation-and-completion-rule/OVERVIEW.md	51.audit	020.architecture	/data/data/com.termux/files/home/02.ERP-system/51.audit/900.meta/912.transition-unclassified/conflict-files/OVERVIEW.md	conflict	target already exists at canonical layer
legacy-root	/data/data/com.termux/files/home/02.ERP-system/000.platform/480.base-layer-whole-design-completion/INDEX.md	-	-	/data/data/com.termux/files/home/02.ERP-system/90.transition-triage/20.unclassified-global/module-unknown/INDEX__20260422_182656.md	module_unknown	could not classify module/submodule
legacy-root	/data/data/com.termux/files/home/02.ERP-system/000.platform/480.base-layer-whole-design-completion/OVERVIEW.md	-	-	/data/data/com.termux/files/home/02.ERP-system/90.transition-triage/20.unclassified-global/module-unknown/OVERVIEW__20260422_182656.md	module_unknown	could not classify module/submodule
legacy-root	/data/data/com.termux/files/home/02.ERP-system/000.platform/490.business-layer-whole-design-completion/010.current-state-and-scope/1205_ERP_BUSINESS_LAYER_WHOLE_DESIGN_CURRENT_STATE.md	-	-	/data/data/com.termux/files/home/02.ERP-system/90.transition-triage/20.unclassified-global/module-unknown/1205_ERP_BUSINESS_LAYER_WHOLE_DESIGN_CURRENT_STATE.md	module_unknown	could not classify module/submodule
legacy-root	/data/data/com.termux/files/home/02.ERP-system/000.platform/490.business-layer-whole-design-completion/010.current-state-and-scope/1206_ERP_BUSINESS_LAYER_WHOLE_DESIGN_POSITIONING.md	-	-	/data/data/com.termux/files/home/02.ERP-system/90.transition-triage/20.unclassified-global/module-unknown/1206_ERP_BUSINESS_LAYER_WHOLE_DESIGN_POSITIONING.md	module_unknown	could not classify module/submodule
legacy-root	/data/data/com.termux/files/home/02.ERP-system/000.platform/490.business-layer-whole-design-completion/010.current-state-and-scope/1207_ERP_BUSINESS_LAYER_WHOLE_DESIGN_CANONICAL_SCOPE.md	-	-	/data/data/com.termux/files/home/02.ERP-system/90.transition-triage/20.unclassified-global/module-unknown/1207_ERP_BUSINESS_LAYER_WHOLE_DESIGN_CANONICAL_SCOPE.md	module_unknown	could not classify module/submodule
legacy-root	/data/data/com.termux/files/home/02.ERP-system/000.platform/490.business-layer-whole-design-completion/010.current-state-and-scope/1208_ERP_BUSINESS_LAYER_MAP.md	-	-	/data/data/com.termux/files/home/02.ERP-system/90.transition-triage/20.unclassified-global/module-unknown/1208_ERP_BUSINESS_LAYER_MAP.md	module_unknown	could not classify module/submodule
legacy-root	/data/data/com.termux/files/home/02.ERP-system/000.platform/490.business-layer-whole-design-completion/010.current-state-and-scope/1209_ERP_BUSINESS_LAYER_COMPLETION_TARGET.md	-	-	/data/data/com.termux/files/home/02.ERP-system/90.transition-triage/20.unclassified-global/module-unknown/1209_ERP_BUSINESS_LAYER_COMPLETION_TARGET.md	module_unknown	could not classify module/submodule
legacy-root	/data/data/com.termux/files/home/02.ERP-system/000.platform/490.business-layer-whole-design-completion/010.current-state-and-scope/1210_ERP_BUSINESS_LAYER_EXIT_CRITERIA.md	-	-	/data/data/com.termux/files/home/02.ERP-system/90.transition-triage/20.unclassified-global/module-unknown/1210_ERP_BUSINESS_LAYER_EXIT_CRITERIA.md	module_unknown	could not classify module/submodule
legacy-root	/data/data/com.termux/files/home/02.ERP-system/000.platform/490.business-layer-whole-design-completion/010.current-state-and-scope/1211_ERP_BUSINESS_LAYER_CURRENT_STATE_ROOT_NAVIGATION_RULE.md	-	-	/data/data/com.termux/files/home/02.ERP-system/90.transition-triage/20.unclassified-global/module-unknown/1211_ERP_BUSINESS_LAYER_CURRENT_STATE_ROOT_NAVIGATION_RULE.md	module_unknown	could not classify module/submodule
legacy-root	/data/data/com.termux/files/home/02.ERP-system/000.platform/490.business-layer-whole-design-completion/010.current-state-and-scope/INDEX.md	-	-	/data/data/com.termux/files/home/02.ERP-system/90.transition-triage/20.unclassified-global/module-unknown/INDEX__20260422_182656.md	module_unknown	could not classify module/submodule
legacy-root	/data/data/com.termux/files/home/02.ERP-system/000.platform/490.business-layer-whole-design-completion/010.current-state-and-scope/OVERVIEW.md	-	-	/data/data/com.termux/files/home/02.ERP-system/90.transition-triage/20.unclassified-global/module-unknown/OVERVIEW__20260422_182656.md	module_unknown	could not classify module/submodule
legacy-root	/data/data/com.termux/files/home/02.ERP-system/000.platform/490.business-layer-whole-design-completion/020.core-module-status-and-boundary/1212_ERP_BUSINESS_LAYER_CORE_MODULE_STATUS_CURRENT_STATE.md	-	-	/data/data/com.termux/files/home/02.ERP-system/90.transition-triage/20.unclassified-global/module-unknown/1212_ERP_BUSINESS_LAYER_CORE_MODULE_STATUS_CURRENT_STATE.md	module_unknown	could not classify module/submodule
legacy-root	/data/data/com.termux/files/home/02.ERP-system/99.archive/20260422_224743/module-design-reset/01.sales/020.architecture/1213_ERP_SALES_WHOLE_DESIGN_STATUS.md	01.sales	020.architecture	/data/data/com.termux/files/home/02.ERP-system/01.sales/020.architecture/1213_ERP_SALES_WHOLE_DESIGN_STATUS.md	distributed	copied to canonical layer and archived source
legacy-root	/data/data/com.termux/files/home/02.ERP-system/99.archive/20260422_224743/module-design-reset/12.inventory/020.architecture/1214_ERP_INVENTORY_WHOLE_DESIGN_STATUS.md	12.inventory	020.architecture	/data/data/com.termux/files/home/02.ERP-system/12.inventory/020.architecture/1214_ERP_INVENTORY_WHOLE_DESIGN_STATUS.md	distributed	copied to canonical layer and archived source
legacy-root	/data/data/com.termux/files/home/02.ERP-system/99.archive/20260422_224743/module-design-reset/30.accounting/020.architecture/1215_ERP_ACCOUNTING_WHOLE_DESIGN_STATUS.md	30.accounting	020.architecture	/data/data/com.termux/files/home/02.ERP-system/30.accounting/020.architecture/1215_ERP_ACCOUNTING_WHOLE_DESIGN_STATUS.md	distributed	copied to canonical layer and archived source
legacy-root	/data/data/com.termux/files/home/02.ERP-system/99.archive/20260422_224743/module-design-reset/10.purchase/020.architecture/1216_ERP_PURCHASING_WHOLE_DESIGN_STATUS.md	10.purchase	020.architecture	/data/data/com.termux/files/home/02.ERP-system/10.purchase/020.architecture/1216_ERP_PURCHASING_WHOLE_DESIGN_STATUS.md	distributed	copied to canonical layer and archived source
legacy-root	/data/data/com.termux/files/home/02.ERP-system/99.archive/20260422_224743/module-design-reset/15.manufacturing/020.architecture/1217_ERP_MANUFACTURING_WHOLE_DESIGN_STATUS.md	15.manufacturing	020.architecture	/data/data/com.termux/files/home/02.ERP-system/15.manufacturing/020.architecture/1217_ERP_MANUFACTURING_WHOLE_DESIGN_STATUS.md	distributed	copied to canonical layer and archived source
legacy-root	/data/data/com.termux/files/home/02.ERP-system/000.platform/490.business-layer-whole-design-completion/020.core-module-status-and-boundary/1218_ERP_BUSINESS_CORE_VS_OPTION_FAMILY_BOUNDARY_RULE.md	-	-	/data/data/com.termux/files/home/02.ERP-system/90.transition-triage/20.unclassified-global/module-unknown/1218_ERP_BUSINESS_CORE_VS_OPTION_FAMILY_BOUNDARY_RULE.md	module_unknown	could not classify module/submodule
legacy-root	/data/data/com.termux/files/home/02.ERP-system/000.platform/490.business-layer-whole-design-completion/020.core-module-status-and-boundary/1219_ERP_CORE_MODULE_STATUS_ROOT_NAVIGATION_RULE.md	-	-	/data/data/com.termux/files/home/02.ERP-system/90.transition-triage/20.unclassified-global/module-unknown/1219_ERP_CORE_MODULE_STATUS_ROOT_NAVIGATION_RULE.md	module_unknown	could not classify module/submodule
legacy-root	/data/data/com.termux/files/home/02.ERP-system/000.platform/490.business-layer-whole-design-completion/020.core-module-status-and-boundary/INDEX.md	-	-	/data/data/com.termux/files/home/02.ERP-system/90.transition-triage/20.unclassified-global/module-unknown/INDEX__20260422_182656.md	module_unknown	could not classify module/submodule
legacy-root	/data/data/com.termux/files/home/02.ERP-system/000.platform/490.business-layer-whole-design-completion/020.core-module-status-and-boundary/OVERVIEW.md	-	-	/data/data/com.termux/files/home/02.ERP-system/90.transition-triage/20.unclassified-global/module-unknown/OVERVIEW__20260422_182656.md	module_unknown	could not classify module/submodule
legacy-root	/data/data/com.termux/files/home/02.ERP-system/000.platform/490.business-layer-whole-design-completion/030.handoff-gap-and-priority/1220_ERP_BUSINESS_LAYER_HANDOFF_GAP_CURRENT_STATE.md	-	-	/data/data/com.termux/files/home/02.ERP-system/90.transition-triage/20.unclassified-global/module-unknown/1220_ERP_BUSINESS_LAYER_HANDOFF_GAP_CURRENT_STATE.md	module_unknown	could not classify module/submodule
legacy-root	/data/data/com.termux/files/home/02.ERP-system/99.archive/20260422_224743/module-design-reset/30.accounting/020.architecture/1221_ERP_SALES_INVENTORY_ACCOUNTING_LINKAGE_RULE.md	30.accounting	020.architecture	/data/data/com.termux/files/home/02.ERP-system/30.accounting/020.architecture/1221_ERP_SALES_INVENTORY_ACCOUNTING_LINKAGE_RULE.md	distributed	copied to canonical layer and archived source
legacy-root	/data/data/com.termux/files/home/02.ERP-system/99.archive/20260422_224743/module-design-reset/15.manufacturing/020.architecture/1222_ERP_PURCHASING_MANUFACTURING_LINKAGE_RULE.md	15.manufacturing	020.architecture	/data/data/com.termux/files/home/02.ERP-system/15.manufacturing/020.architecture/1222_ERP_PURCHASING_MANUFACTURING_LINKAGE_RULE.md	distributed	copied to canonical layer and archived source
legacy-root	/data/data/com.termux/files/home/02.ERP-system/99.archive/20260422_224743/module-design-reset/12.inventory/020.architecture/1223_ERP_INVENTORY_VS_WMS_BOUNDARY_EXACTNESS_RULE.md	12.inventory	020.architecture	/data/data/com.termux/files/home/02.ERP-system/12.inventory/020.architecture/1223_ERP_INVENTORY_VS_WMS_BOUNDARY_EXACTNESS_RULE.md	distributed	copied to canonical layer and archived source
legacy-root	/data/data/com.termux/files/home/02.ERP-system/99.archive/20260422_224743/module-design-reset/16.production-planning/01.mrp/020.architecture/1224_ERP_PURCHASING_MANUFACTURING_VS_MRP_SCM_BOUNDARY_EXACTNESS_RULE.md	16.production-planning/01.mrp	020.architecture	/data/data/com.termux/files/home/02.ERP-system/16.production-planning/01.mrp/020.architecture/1224_ERP_PURCHASING_MANUFACTURING_VS_MRP_SCM_BOUNDARY_EXACTNESS_RULE.md	distributed	copied to canonical layer and archived source
legacy-root	/data/data/com.termux/files/home/02.ERP-system/99.archive/20260422_224743/module-design-reset/12.inventory/020.architecture/1225_ERP_BUSINESS_LAYER_UNRESOLVED_GAP_INVENTORY.md	12.inventory	020.architecture	/data/data/com.termux/files/home/02.ERP-system/12.inventory/020.architecture/1225_ERP_BUSINESS_LAYER_UNRESOLVED_GAP_INVENTORY.md	distributed	copied to canonical layer and archived source
legacy-root	/data/data/com.termux/files/home/02.ERP-system/000.platform/490.business-layer-whole-design-completion/030.handoff-gap-and-priority/1226_ERP_BUSINESS_LAYER_PRIORITY_SEQUENCE.md	-	-	/data/data/com.termux/files/home/02.ERP-system/90.transition-triage/20.unclassified-global/module-unknown/1226_ERP_BUSINESS_LAYER_PRIORITY_SEQUENCE.md	module_unknown	could not classify module/submodule
legacy-root	/data/data/com.termux/files/home/02.ERP-system/000.platform/490.business-layer-whole-design-completion/030.handoff-gap-and-priority/1227_ERP_BUSINESS_LAYER_HANDOFF_GAP_ROOT_NAVIGATION_RULE.md	-	-	/data/data/com.termux/files/home/02.ERP-system/90.transition-triage/20.unclassified-global/module-unknown/1227_ERP_BUSINESS_LAYER_HANDOFF_GAP_ROOT_NAVIGATION_RULE.md	module_unknown	could not classify module/submodule
legacy-root	/data/data/com.termux/files/home/02.ERP-system/000.platform/490.business-layer-whole-design-completion/030.handoff-gap-and-priority/INDEX.md	-	-	/data/data/com.termux/files/home/02.ERP-system/90.transition-triage/20.unclassified-global/module-unknown/INDEX__20260422_182656.md	module_unknown	could not classify module/submodule
legacy-root	/data/data/com.termux/files/home/02.ERP-system/000.platform/490.business-layer-whole-design-completion/030.handoff-gap-and-priority/OVERVIEW.md	-	-	/data/data/com.termux/files/home/02.ERP-system/90.transition-triage/20.unclassified-global/module-unknown/OVERVIEW__20260422_182656.md	module_unknown	could not classify module/submodule
legacy-root	/data/data/com.termux/files/home/02.ERP-system/000.platform/490.business-layer-whole-design-completion/040.completion-rule-and-summary/1228_ERP_BUSINESS_LAYER_COMPLETION_RULE_CURRENT_STATE.md	-	-	/data/data/com.termux/files/home/02.ERP-system/90.transition-triage/20.unclassified-global/module-unknown/1228_ERP_BUSINESS_LAYER_COMPLETION_RULE_CURRENT_STATE.md	module_unknown	could not classify module/submodule
legacy-root	/data/data/com.termux/files/home/02.ERP-system/000.platform/490.business-layer-whole-design-completion/040.completion-rule-and-summary/1229_ERP_BUSINESS_LAYER_COMMON_EXACTNESS_COMPLETION_CHECKLIST.md	-	-	/data/data/com.termux/files/home/02.ERP-system/90.transition-triage/20.unclassified-global/module-unknown/1229_ERP_BUSINESS_LAYER_COMMON_EXACTNESS_COMPLETION_CHECKLIST.md	module_unknown	could not classify module/submodule
legacy-root	/data/data/com.termux/files/home/02.ERP-system/000.platform/490.business-layer-whole-design-completion/040.completion-rule-and-summary/1230_ERP_BUSINESS_LAYER_REQUEST_RESPONSE_AND_STATEFLOW_COMPLETION_RULE.md	-	-	/data/data/com.termux/files/home/02.ERP-system/90.transition-triage/20.unclassified-global/module-unknown/1230_ERP_BUSINESS_LAYER_REQUEST_RESPONSE_AND_STATEFLOW_COMPLETION_RULE.md	module_unknown	could not classify module/submodule
legacy-root	/data/data/com.termux/files/home/02.ERP-system/99.archive/20260422_224743/module-design-reset/51.audit/020.architecture/1231_ERP_BUSINESS_LAYER_PERMISSION_AND_AUDIT_COMPLETION_RULE.md	51.audit	020.architecture	/data/data/com.termux/files/home/02.ERP-system/51.audit/020.architecture/1231_ERP_BUSINESS_LAYER_PERMISSION_AND_AUDIT_COMPLETION_RULE.md	distributed	copied to canonical layer and archived source
legacy-root	/data/data/com.termux/files/home/02.ERP-system/000.platform/490.business-layer-whole-design-completion/040.completion-rule-and-summary/1232_ERP_BUSINESS_LAYER_SCREEN_AND_REPORTING_COMPLETION_RULE.md	-	-	/data/data/com.termux/files/home/02.ERP-system/90.transition-triage/20.unclassified-global/module-unknown/1232_ERP_BUSINESS_LAYER_SCREEN_AND_REPORTING_COMPLETION_RULE.md	module_unknown	could not classify module/submodule
legacy-root	/data/data/com.termux/files/home/02.ERP-system/000.platform/490.business-layer-whole-design-completion/040.completion-rule-and-summary/1233_ERP_BUSINESS_LAYER_CROSS_MODULE_RECONCILIATION_RULE.md	-	-	/data/data/com.termux/files/home/02.ERP-system/90.transition-triage/20.unclassified-global/module-unknown/1233_ERP_BUSINESS_LAYER_CROSS_MODULE_RECONCILIATION_RULE.md	module_unknown	could not classify module/submodule
legacy-root	/data/data/com.termux/files/home/02.ERP-system/000.platform/490.business-layer-whole-design-completion/040.completion-rule-and-summary/1234_ERP_BUSINESS_LAYER_INTEGRATED_SUMMARY.md	-	-	/data/data/com.termux/files/home/02.ERP-system/90.transition-triage/20.unclassified-global/module-unknown/1234_ERP_BUSINESS_LAYER_INTEGRATED_SUMMARY.md	module_unknown	could not classify module/submodule
legacy-root	/data/data/com.termux/files/home/02.ERP-system/000.platform/490.business-layer-whole-design-completion/040.completion-rule-and-summary/1235_ERP_BUSINESS_LAYER_COMPLETION_NOTE.md	-	-	/data/data/com.termux/files/home/02.ERP-system/90.transition-triage/20.unclassified-global/module-unknown/1235_ERP_BUSINESS_LAYER_COMPLETION_NOTE.md	module_unknown	could not classify module/submodule
legacy-root	/data/data/com.termux/files/home/02.ERP-system/000.platform/490.business-layer-whole-design-completion/040.completion-rule-and-summary/1236_ERP_BUSINESS_LAYER_ROOT_PATCH.md	-	-	/data/data/com.termux/files/home/02.ERP-system/90.transition-triage/20.unclassified-global/module-unknown/1236_ERP_BUSINESS_LAYER_ROOT_PATCH.md	module_unknown	could not classify module/submodule
legacy-root	/data/data/com.termux/files/home/02.ERP-system/99.archive/20260422_224743/module-design-reset/52.master-data/020.architecture/1237_DESIGN_MASTER_INDEX_BUSINESS_LAYER_COMPLETION_PATCH.md	52.master-data	020.architecture	/data/data/com.termux/files/home/02.ERP-system/52.master-data/020.architecture/1237_DESIGN_MASTER_INDEX_BUSINESS_LAYER_COMPLETION_PATCH.md	distributed	copied to canonical layer and archived source
legacy-root	/data/data/com.termux/files/home/02.ERP-system/99.archive/20260422_224743/module-design-reset/52.master-data/020.architecture/1238_ERP_SYSTEM_MASTER_INDEX_BUSINESS_LAYER_COMPLETION_PATCH.md	52.master-data	020.architecture	/data/data/com.termux/files/home/02.ERP-system/52.master-data/020.architecture/1238_ERP_SYSTEM_MASTER_INDEX_BUSINESS_LAYER_COMPLETION_PATCH.md	distributed	copied to canonical layer and archived source
legacy-root	/data/data/com.termux/files/home/02.ERP-system/000.platform/490.business-layer-whole-design-completion/040.completion-rule-and-summary/1239_ERP_BUSINESS_LAYER_ROOT_NAVIGATION_RULE.md	-	-	/data/data/com.termux/files/home/02.ERP-system/90.transition-triage/20.unclassified-global/module-unknown/1239_ERP_BUSINESS_LAYER_ROOT_NAVIGATION_RULE.md	module_unknown	could not classify module/submodule
legacy-root	/data/data/com.termux/files/home/02.ERP-system/000.platform/490.business-layer-whole-design-completion/040.completion-rule-and-summary/INDEX.md	-	-	/data/data/com.termux/files/home/02.ERP-system/90.transition-triage/20.unclassified-global/module-unknown/INDEX__20260422_182656.md	module_unknown	could not classify module/submodule
legacy-root	/data/data/com.termux/files/home/02.ERP-system/000.platform/490.business-layer-whole-design-completion/040.completion-rule-and-summary/OVERVIEW.md	-	-	/data/data/com.termux/files/home/02.ERP-system/90.transition-triage/20.unclassified-global/module-unknown/OVERVIEW__20260422_182656.md	module_unknown	could not classify module/submodule
legacy-root	/data/data/com.termux/files/home/02.ERP-system/000.platform/490.business-layer-whole-design-completion/INDEX.md	-	-	/data/data/com.termux/files/home/02.ERP-system/90.transition-triage/20.unclassified-global/module-unknown/INDEX__20260422_182656.md	module_unknown	could not classify module/submodule
legacy-root	/data/data/com.termux/files/home/02.ERP-system/000.platform/490.business-layer-whole-design-completion/OVERVIEW.md	-	-	/data/data/com.termux/files/home/02.ERP-system/90.transition-triage/20.unclassified-global/module-unknown/OVERVIEW__20260422_182656.md	module_unknown	could not classify module/submodule
legacy-root	/data/data/com.termux/files/home/02.ERP-system/000.platform/500.management-layer-whole-design-completion/010.current-state-and-scope/1240_ERP_MANAGEMENT_LAYER_WHOLE_DESIGN_CURRENT_STATE.md	-	-	/data/data/com.termux/files/home/02.ERP-system/90.transition-triage/20.unclassified-global/module-unknown/1240_ERP_MANAGEMENT_LAYER_WHOLE_DESIGN_CURRENT_STATE.md	module_unknown	could not classify module/submodule
legacy-root	/data/data/com.termux/files/home/02.ERP-system/000.platform/500.management-layer-whole-design-completion/010.current-state-and-scope/1241_ERP_MANAGEMENT_LAYER_WHOLE_DESIGN_POSITIONING.md	-	-	/data/data/com.termux/files/home/02.ERP-system/90.transition-triage/20.unclassified-global/module-unknown/1241_ERP_MANAGEMENT_LAYER_WHOLE_DESIGN_POSITIONING.md	module_unknown	could not classify module/submodule
legacy-root	/data/data/com.termux/files/home/02.ERP-system/000.platform/500.management-layer-whole-design-completion/010.current-state-and-scope/1242_ERP_MANAGEMENT_LAYER_WHOLE_DESIGN_CANONICAL_SCOPE.md	-	-	/data/data/com.termux/files/home/02.ERP-system/90.transition-triage/20.unclassified-global/module-unknown/1242_ERP_MANAGEMENT_LAYER_WHOLE_DESIGN_CANONICAL_SCOPE.md	module_unknown	could not classify module/submodule
legacy-root	/data/data/com.termux/files/home/02.ERP-system/000.platform/500.management-layer-whole-design-completion/010.current-state-and-scope/1243_ERP_MANAGEMENT_LAYER_MAP.md	-	-	/data/data/com.termux/files/home/02.ERP-system/90.transition-triage/20.unclassified-global/module-unknown/1243_ERP_MANAGEMENT_LAYER_MAP.md	module_unknown	could not classify module/submodule
legacy-root	/data/data/com.termux/files/home/02.ERP-system/000.platform/500.management-layer-whole-design-completion/010.current-state-and-scope/1244_ERP_MANAGEMENT_LAYER_COMPLETION_TARGET.md	-	-	/data/data/com.termux/files/home/02.ERP-system/90.transition-triage/20.unclassified-global/module-unknown/1244_ERP_MANAGEMENT_LAYER_COMPLETION_TARGET.md	module_unknown	could not classify module/submodule
legacy-root	/data/data/com.termux/files/home/02.ERP-system/000.platform/500.management-layer-whole-design-completion/010.current-state-and-scope/1245_ERP_MANAGEMENT_LAYER_EXIT_CRITERIA.md	-	-	/data/data/com.termux/files/home/02.ERP-system/90.transition-triage/20.unclassified-global/module-unknown/1245_ERP_MANAGEMENT_LAYER_EXIT_CRITERIA.md	module_unknown	could not classify module/submodule
legacy-root	/data/data/com.termux/files/home/02.ERP-system/000.platform/500.management-layer-whole-design-completion/010.current-state-and-scope/1246_ERP_MANAGEMENT_LAYER_CURRENT_STATE_ROOT_NAVIGATION_RULE.md	-	-	/data/data/com.termux/files/home/02.ERP-system/90.transition-triage/20.unclassified-global/module-unknown/1246_ERP_MANAGEMENT_LAYER_CURRENT_STATE_ROOT_NAVIGATION_RULE.md	module_unknown	could not classify module/submodule
legacy-root	/data/data/com.termux/files/home/02.ERP-system/000.platform/500.management-layer-whole-design-completion/010.current-state-and-scope/INDEX.md	-	-	/data/data/com.termux/files/home/02.ERP-system/90.transition-triage/20.unclassified-global/module-unknown/INDEX__20260422_182656.md	module_unknown	could not classify module/submodule
legacy-root	/data/data/com.termux/files/home/02.ERP-system/000.platform/500.management-layer-whole-design-completion/010.current-state-and-scope/OVERVIEW.md	-	-	/data/data/com.termux/files/home/02.ERP-system/90.transition-triage/20.unclassified-global/module-unknown/OVERVIEW__20260422_182656.md	module_unknown	could not classify module/submodule
legacy-root	/data/data/com.termux/files/home/02.ERP-system/000.platform/500.management-layer-whole-design-completion/020.core-module-status-and-boundary/1247_ERP_MANAGEMENT_LAYER_CORE_MODULE_STATUS_CURRENT_STATE.md	-	-	/data/data/com.termux/files/home/02.ERP-system/90.transition-triage/20.unclassified-global/module-unknown/1247_ERP_MANAGEMENT_LAYER_CORE_MODULE_STATUS_CURRENT_STATE.md	module_unknown	could not classify module/submodule
legacy-root	/data/data/com.termux/files/home/02.ERP-system/000.platform/500.management-layer-whole-design-completion/020.core-module-status-and-boundary/1248_ERP_MANAGEMENT_CORE_WHOLE_DESIGN_STATUS.md	-	-	/data/data/com.termux/files/home/02.ERP-system/90.transition-triage/20.unclassified-global/module-unknown/1248_ERP_MANAGEMENT_CORE_WHOLE_DESIGN_STATUS.md	module_unknown	could not classify module/submodule
legacy-root	/data/data/com.termux/files/home/02.ERP-system/000.platform/500.management-layer-whole-design-completion/020.core-module-status-and-boundary/1249_ERP_GOVERNANCE_AND_CONTROL_WHOLE_DESIGN_STATUS.md	-	-	/data/data/com.termux/files/home/02.ERP-system/90.transition-triage/20.unclassified-global/module-unknown/1249_ERP_GOVERNANCE_AND_CONTROL_WHOLE_DESIGN_STATUS.md	module_unknown	could not classify module/submodule
legacy-root	/data/data/com.termux/files/home/02.ERP-system/000.platform/500.management-layer-whole-design-completion/020.core-module-status-and-boundary/1250_ERP_LABORMANAGER_WHOLE_DESIGN_STATUS.md	-	-	/data/data/com.termux/files/home/02.ERP-system/90.transition-triage/20.unclassified-global/module-unknown/1250_ERP_LABORMANAGER_WHOLE_DESIGN_STATUS.md	module_unknown	could not classify module/submodule
legacy-root	/data/data/com.termux/files/home/02.ERP-system/000.platform/500.management-layer-whole-design-completion/020.core-module-status-and-boundary/1251_ERP_EPM_WHOLE_DESIGN_STATUS.md	-	-	/data/data/com.termux/files/home/02.ERP-system/90.transition-triage/20.unclassified-global/module-unknown/1251_ERP_EPM_WHOLE_DESIGN_STATUS.md	module_unknown	could not classify module/submodule
legacy-root	/data/data/com.termux/files/home/02.ERP-system/000.platform/500.management-layer-whole-design-completion/020.core-module-status-and-boundary/1252_ERP_COMPANY_WIDE_MBO_WHOLE_DESIGN_STATUS.md	-	-	/data/data/com.termux/files/home/02.ERP-system/90.transition-triage/20.unclassified-global/module-unknown/1252_ERP_COMPANY_WIDE_MBO_WHOLE_DESIGN_STATUS.md	module_unknown	could not classify module/submodule
legacy-root	/data/data/com.termux/files/home/02.ERP-system/000.platform/500.management-layer-whole-design-completion/020.core-module-status-and-boundary/1253_ERP_MANAGEMENT_CORE_VS_BUSINESS_CORE_BOUNDARY_RULE.md	-	-	/data/data/com.termux/files/home/02.ERP-system/90.transition-triage/20.unclassified-global/module-unknown/1253_ERP_MANAGEMENT_CORE_VS_BUSINESS_CORE_BOUNDARY_RULE.md	module_unknown	could not classify module/submodule
legacy-root	/data/data/com.termux/files/home/02.ERP-system/000.platform/500.management-layer-whole-design-completion/020.core-module-status-and-boundary/1254_ERP_MANAGEMENT_CORE_VS_SUBSYSTEM_BOUNDARY_RULE.md	-	-	/data/data/com.termux/files/home/02.ERP-system/90.transition-triage/20.unclassified-global/module-unknown/1254_ERP_MANAGEMENT_CORE_VS_SUBSYSTEM_BOUNDARY_RULE.md	module_unknown	could not classify module/submodule
legacy-root	/data/data/com.termux/files/home/02.ERP-system/000.platform/500.management-layer-whole-design-completion/020.core-module-status-and-boundary/1255_ERP_MANAGEMENT_CORE_MODULE_STATUS_ROOT_NAVIGATION_RULE.md	-	-	/data/data/com.termux/files/home/02.ERP-system/90.transition-triage/20.unclassified-global/module-unknown/1255_ERP_MANAGEMENT_CORE_MODULE_STATUS_ROOT_NAVIGATION_RULE.md	module_unknown	could not classify module/submodule
legacy-root	/data/data/com.termux/files/home/02.ERP-system/000.platform/500.management-layer-whole-design-completion/020.core-module-status-and-boundary/INDEX.md	-	-	/data/data/com.termux/files/home/02.ERP-system/90.transition-triage/20.unclassified-global/module-unknown/INDEX__20260422_182656.md	module_unknown	could not classify module/submodule
legacy-root	/data/data/com.termux/files/home/02.ERP-system/000.platform/500.management-layer-whole-design-completion/020.core-module-status-and-boundary/OVERVIEW.md	-	-	/data/data/com.termux/files/home/02.ERP-system/90.transition-triage/20.unclassified-global/module-unknown/OVERVIEW__20260422_182656.md	module_unknown	could not classify module/submodule
legacy-root	/data/data/com.termux/files/home/02.ERP-system/000.platform/500.management-layer-whole-design-completion/030.handoff-gap-and-priority/1256_ERP_MANAGEMENT_LAYER_HANDOFF_GAP_CURRENT_STATE.md	-	-	/data/data/com.termux/files/home/02.ERP-system/90.transition-triage/20.unclassified-global/module-unknown/1256_ERP_MANAGEMENT_LAYER_HANDOFF_GAP_CURRENT_STATE.md	module_unknown	could not classify module/submodule
legacy-root	/data/data/com.termux/files/home/02.ERP-system/000.platform/500.management-layer-whole-design-completion/030.handoff-gap-and-priority/1257_ERP_LABOR_TO_MANAGEMENT_LINKAGE_RULE.md	-	-	/data/data/com.termux/files/home/02.ERP-system/90.transition-triage/20.unclassified-global/module-unknown/1257_ERP_LABOR_TO_MANAGEMENT_LINKAGE_RULE.md	module_unknown	could not classify module/submodule
legacy-root	/data/data/com.termux/files/home/02.ERP-system/000.platform/500.management-layer-whole-design-completion/030.handoff-gap-and-priority/1258_ERP_MANAGEMENT_TO_BUSINESS_INTERPRETATION_RULE.md	-	-	/data/data/com.termux/files/home/02.ERP-system/90.transition-triage/20.unclassified-global/module-unknown/1258_ERP_MANAGEMENT_TO_BUSINESS_INTERPRETATION_RULE.md	module_unknown	could not classify module/submodule
legacy-root	/data/data/com.termux/files/home/02.ERP-system/000.platform/500.management-layer-whole-design-completion/030.handoff-gap-and-priority/1259_ERP_EPM_TO_COMPANY_WIDE_MBO_INHERITANCE_RULE.md	-	-	/data/data/com.termux/files/home/02.ERP-system/90.transition-triage/20.unclassified-global/module-unknown/1259_ERP_EPM_TO_COMPANY_WIDE_MBO_INHERITANCE_RULE.md	module_unknown	could not classify module/submodule
legacy-root	/data/data/com.termux/files/home/02.ERP-system/99.archive/20260422_224743/module-design-reset/51.audit/020.architecture/1260_ERP_GOVERNANCE_TO_AUDIT_VISIBILITY_RULE.md	51.audit	020.architecture	/data/data/com.termux/files/home/02.ERP-system/51.audit/020.architecture/1260_ERP_GOVERNANCE_TO_AUDIT_VISIBILITY_RULE.md	distributed	copied to canonical layer and archived source
legacy-root	/data/data/com.termux/files/home/02.ERP-system/99.archive/20260422_224743/module-design-reset/12.inventory/020.architecture/1261_ERP_MANAGEMENT_LAYER_UNRESOLVED_GAP_INVENTORY.md	12.inventory	020.architecture	/data/data/com.termux/files/home/02.ERP-system/12.inventory/020.architecture/1261_ERP_MANAGEMENT_LAYER_UNRESOLVED_GAP_INVENTORY.md	distributed	copied to canonical layer and archived source
legacy-root	/data/data/com.termux/files/home/02.ERP-system/000.platform/500.management-layer-whole-design-completion/030.handoff-gap-and-priority/1262_ERP_MANAGEMENT_LAYER_PRIORITY_SEQUENCE.md	-	-	/data/data/com.termux/files/home/02.ERP-system/90.transition-triage/20.unclassified-global/module-unknown/1262_ERP_MANAGEMENT_LAYER_PRIORITY_SEQUENCE.md	module_unknown	could not classify module/submodule
legacy-root	/data/data/com.termux/files/home/02.ERP-system/000.platform/500.management-layer-whole-design-completion/030.handoff-gap-and-priority/1263_ERP_MANAGEMENT_LAYER_HANDOFF_GAP_ROOT_NAVIGATION_RULE.md	-	-	/data/data/com.termux/files/home/02.ERP-system/90.transition-triage/20.unclassified-global/module-unknown/1263_ERP_MANAGEMENT_LAYER_HANDOFF_GAP_ROOT_NAVIGATION_RULE.md	module_unknown	could not classify module/submodule
legacy-root	/data/data/com.termux/files/home/02.ERP-system/000.platform/500.management-layer-whole-design-completion/030.handoff-gap-and-priority/INDEX.md	-	-	/data/data/com.termux/files/home/02.ERP-system/90.transition-triage/20.unclassified-global/module-unknown/INDEX__20260422_182656.md	module_unknown	could not classify module/submodule
legacy-root	/data/data/com.termux/files/home/02.ERP-system/000.platform/500.management-layer-whole-design-completion/030.handoff-gap-and-priority/OVERVIEW.md	-	-	/data/data/com.termux/files/home/02.ERP-system/90.transition-triage/20.unclassified-global/module-unknown/OVERVIEW__20260422_182656.md	module_unknown	could not classify module/submodule
legacy-root	/data/data/com.termux/files/home/02.ERP-system/000.platform/500.management-layer-whole-design-completion/040.completion-rule-and-summary/1264_ERP_MANAGEMENT_LAYER_COMPLETION_RULE_CURRENT_STATE.md	-	-	/data/data/com.termux/files/home/02.ERP-system/90.transition-triage/20.unclassified-global/module-unknown/1264_ERP_MANAGEMENT_LAYER_COMPLETION_RULE_CURRENT_STATE.md	module_unknown	could not classify module/submodule
legacy-root	/data/data/com.termux/files/home/02.ERP-system/000.platform/500.management-layer-whole-design-completion/040.completion-rule-and-summary/1265_ERP_MANAGEMENT_LAYER_COMMON_EXACTNESS_COMPLETION_CHECKLIST.md	-	-	/data/data/com.termux/files/home/02.ERP-system/90.transition-triage/20.unclassified-global/module-unknown/1265_ERP_MANAGEMENT_LAYER_COMMON_EXACTNESS_COMPLETION_CHECKLIST.md	module_unknown	could not classify module/submodule
legacy-root	/data/data/com.termux/files/home/02.ERP-system/000.platform/500.management-layer-whole-design-completion/040.completion-rule-and-summary/1266_ERP_MANAGEMENT_LAYER_REQUEST_RESPONSE_AND_STATEFLOW_COMPLETION_RULE.md	-	-	/data/data/com.termux/files/home/02.ERP-system/90.transition-triage/20.unclassified-global/module-unknown/1266_ERP_MANAGEMENT_LAYER_REQUEST_RESPONSE_AND_STATEFLOW_COMPLETION_RULE.md	module_unknown	could not classify module/submodule
legacy-root	/data/data/com.termux/files/home/02.ERP-system/99.archive/20260422_224743/module-design-reset/51.audit/020.architecture/1267_ERP_MANAGEMENT_LAYER_PERMISSION_AND_AUDIT_COMPLETION_RULE.md	51.audit	020.architecture	/data/data/com.termux/files/home/02.ERP-system/51.audit/020.architecture/1267_ERP_MANAGEMENT_LAYER_PERMISSION_AND_AUDIT_COMPLETION_RULE.md	distributed	copied to canonical layer and archived source
legacy-root	/data/data/com.termux/files/home/02.ERP-system/000.platform/500.management-layer-whole-design-completion/040.completion-rule-and-summary/1268_ERP_MANAGEMENT_LAYER_SCREEN_AND_REPORTING_COMPLETION_RULE.md	-	-	/data/data/com.termux/files/home/02.ERP-system/90.transition-triage/20.unclassified-global/module-unknown/1268_ERP_MANAGEMENT_LAYER_SCREEN_AND_REPORTING_COMPLETION_RULE.md	module_unknown	could not classify module/submodule
legacy-root	/data/data/com.termux/files/home/02.ERP-system/000.platform/500.management-layer-whole-design-completion/040.completion-rule-and-summary/1269_ERP_MANAGEMENT_LAYER_CROSS_MODULE_RECONCILIATION_RULE.md	-	-	/data/data/com.termux/files/home/02.ERP-system/90.transition-triage/20.unclassified-global/module-unknown/1269_ERP_MANAGEMENT_LAYER_CROSS_MODULE_RECONCILIATION_RULE.md	module_unknown	could not classify module/submodule
legacy-root	/data/data/com.termux/files/home/02.ERP-system/000.platform/500.management-layer-whole-design-completion/040.completion-rule-and-summary/1270_ERP_MANAGEMENT_LAYER_INTEGRATED_SUMMARY.md	-	-	/data/data/com.termux/files/home/02.ERP-system/90.transition-triage/20.unclassified-global/module-unknown/1270_ERP_MANAGEMENT_LAYER_INTEGRATED_SUMMARY.md	module_unknown	could not classify module/submodule
legacy-root	/data/data/com.termux/files/home/02.ERP-system/000.platform/500.management-layer-whole-design-completion/040.completion-rule-and-summary/1271_ERP_MANAGEMENT_LAYER_COMPLETION_NOTE.md	-	-	/data/data/com.termux/files/home/02.ERP-system/90.transition-triage/20.unclassified-global/module-unknown/1271_ERP_MANAGEMENT_LAYER_COMPLETION_NOTE.md	module_unknown	could not classify module/submodule
legacy-root	/data/data/com.termux/files/home/02.ERP-system/000.platform/500.management-layer-whole-design-completion/040.completion-rule-and-summary/1272_ERP_MANAGEMENT_LAYER_ROOT_NAVIGATION_RULE.md	-	-	/data/data/com.termux/files/home/02.ERP-system/90.transition-triage/20.unclassified-global/module-unknown/1272_ERP_MANAGEMENT_LAYER_ROOT_NAVIGATION_RULE.md	module_unknown	could not classify module/submodule
legacy-root	/data/data/com.termux/files/home/02.ERP-system/000.platform/500.management-layer-whole-design-completion/040.completion-rule-and-summary/INDEX.md	-	-	/data/data/com.termux/files/home/02.ERP-system/90.transition-triage/20.unclassified-global/module-unknown/INDEX__20260422_182656.md	module_unknown	could not classify module/submodule
legacy-root	/data/data/com.termux/files/home/02.ERP-system/000.platform/500.management-layer-whole-design-completion/040.completion-rule-and-summary/OVERVIEW.md	-	-	/data/data/com.termux/files/home/02.ERP-system/90.transition-triage/20.unclassified-global/module-unknown/OVERVIEW__20260422_182656.md	module_unknown	could not classify module/submodule
legacy-root	/data/data/com.termux/files/home/02.ERP-system/000.platform/500.management-layer-whole-design-completion/INDEX.md	-	-	/data/data/com.termux/files/home/02.ERP-system/90.transition-triage/20.unclassified-global/module-unknown/INDEX__20260422_182656.md	module_unknown	could not classify module/submodule
legacy-root	/data/data/com.termux/files/home/02.ERP-system/000.platform/500.management-layer-whole-design-completion/OVERVIEW.md	-	-	/data/data/com.termux/files/home/02.ERP-system/90.transition-triage/20.unclassified-global/module-unknown/OVERVIEW__20260422_182656.md	module_unknown	could not classify module/submodule
legacy-root	/data/data/com.termux/files/home/02.ERP-system/000.platform/510.cross-layer-reconciliation-and-final-consistency/010.current-state-and-scope/1273_ERP_CROSS_LAYER_RECONCILIATION_CURRENT_STATE.md	-	-	/data/data/com.termux/files/home/02.ERP-system/90.transition-triage/20.unclassified-global/module-unknown/1273_ERP_CROSS_LAYER_RECONCILIATION_CURRENT_STATE.md	module_unknown	could not classify module/submodule
legacy-root	/data/data/com.termux/files/home/02.ERP-system/000.platform/510.cross-layer-reconciliation-and-final-consistency/010.current-state-and-scope/1274_ERP_CROSS_LAYER_RECONCILIATION_POSITIONING.md	-	-	/data/data/com.termux/files/home/02.ERP-system/90.transition-triage/20.unclassified-global/module-unknown/1274_ERP_CROSS_LAYER_RECONCILIATION_POSITIONING.md	module_unknown	could not classify module/submodule
legacy-root	/data/data/com.termux/files/home/02.ERP-system/000.platform/510.cross-layer-reconciliation-and-final-consistency/010.current-state-and-scope/1275_ERP_CROSS_LAYER_RECONCILIATION_CANONICAL_SCOPE.md	-	-	/data/data/com.termux/files/home/02.ERP-system/90.transition-triage/20.unclassified-global/module-unknown/1275_ERP_CROSS_LAYER_RECONCILIATION_CANONICAL_SCOPE.md	module_unknown	could not classify module/submodule
legacy-root	/data/data/com.termux/files/home/02.ERP-system/000.platform/510.cross-layer-reconciliation-and-final-consistency/010.current-state-and-scope/1276_ERP_CROSS_LAYER_MAP.md	-	-	/data/data/com.termux/files/home/02.ERP-system/90.transition-triage/20.unclassified-global/module-unknown/1276_ERP_CROSS_LAYER_MAP.md	module_unknown	could not classify module/submodule
legacy-root	/data/data/com.termux/files/home/02.ERP-system/000.platform/510.cross-layer-reconciliation-and-final-consistency/010.current-state-and-scope/1277_ERP_CROSS_LAYER_COMPLETION_TARGET.md	-	-	/data/data/com.termux/files/home/02.ERP-system/90.transition-triage/20.unclassified-global/module-unknown/1277_ERP_CROSS_LAYER_COMPLETION_TARGET.md	module_unknown	could not classify module/submodule
legacy-root	/data/data/com.termux/files/home/02.ERP-system/000.platform/510.cross-layer-reconciliation-and-final-consistency/010.current-state-and-scope/1278_ERP_CROSS_LAYER_EXIT_CRITERIA.md	-	-	/data/data/com.termux/files/home/02.ERP-system/90.transition-triage/20.unclassified-global/module-unknown/1278_ERP_CROSS_LAYER_EXIT_CRITERIA.md	module_unknown	could not classify module/submodule
legacy-root	/data/data/com.termux/files/home/02.ERP-system/000.platform/510.cross-layer-reconciliation-and-final-consistency/010.current-state-and-scope/1279_ERP_CROSS_LAYER_CURRENT_STATE_ROOT_NAVIGATION_RULE.md	-	-	/data/data/com.termux/files/home/02.ERP-system/90.transition-triage/20.unclassified-global/module-unknown/1279_ERP_CROSS_LAYER_CURRENT_STATE_ROOT_NAVIGATION_RULE.md	module_unknown	could not classify module/submodule
legacy-root	/data/data/com.termux/files/home/02.ERP-system/000.platform/510.cross-layer-reconciliation-and-final-consistency/010.current-state-and-scope/INDEX.md	-	-	/data/data/com.termux/files/home/02.ERP-system/90.transition-triage/20.unclassified-global/module-unknown/INDEX__20260422_182656.md	module_unknown	could not classify module/submodule
legacy-root	/data/data/com.termux/files/home/02.ERP-system/000.platform/510.cross-layer-reconciliation-and-final-consistency/010.current-state-and-scope/OVERVIEW.md	-	-	/data/data/com.termux/files/home/02.ERP-system/90.transition-triage/20.unclassified-global/module-unknown/OVERVIEW__20260422_182656.md	module_unknown	could not classify module/submodule
legacy-root	/data/data/com.termux/files/home/02.ERP-system/000.platform/510.cross-layer-reconciliation-and-final-consistency/020.source-truth-boundary-and-ownership-reconciliation/1280_ERP_CROSS_LAYER_SOURCE_TRUTH_CURRENT_STATE.md	-	-	/data/data/com.termux/files/home/02.ERP-system/90.transition-triage/20.unclassified-global/module-unknown/1280_ERP_CROSS_LAYER_SOURCE_TRUTH_CURRENT_STATE.md	module_unknown	could not classify module/submodule
legacy-root	/data/data/com.termux/files/home/02.ERP-system/000.platform/510.cross-layer-reconciliation-and-final-consistency/020.source-truth-boundary-and-ownership-reconciliation/1281_ERP_BASE_TO_BUSINESS_RECONCILIATION_RULE.md	-	-	/data/data/com.termux/files/home/02.ERP-system/90.transition-triage/20.unclassified-global/module-unknown/1281_ERP_BASE_TO_BUSINESS_RECONCILIATION_RULE.md	module_unknown	could not classify module/submodule
legacy-root	/data/data/com.termux/files/home/02.ERP-system/000.platform/510.cross-layer-reconciliation-and-final-consistency/020.source-truth-boundary-and-ownership-reconciliation/1282_ERP_BASE_TO_MANAGEMENT_RECONCILIATION_RULE.md	-	-	/data/data/com.termux/files/home/02.ERP-system/90.transition-triage/20.unclassified-global/module-unknown/1282_ERP_BASE_TO_MANAGEMENT_RECONCILIATION_RULE.md	module_unknown	could not classify module/submodule
legacy-root	/data/data/com.termux/files/home/02.ERP-system/000.platform/510.cross-layer-reconciliation-and-final-consistency/020.source-truth-boundary-and-ownership-reconciliation/1283_ERP_BUSINESS_TO_MANAGEMENT_RECONCILIATION_RULE.md	-	-	/data/data/com.termux/files/home/02.ERP-system/90.transition-triage/20.unclassified-global/module-unknown/1283_ERP_BUSINESS_TO_MANAGEMENT_RECONCILIATION_RULE.md	module_unknown	could not classify module/submodule
legacy-root	/data/data/com.termux/files/home/02.ERP-system/000.platform/510.cross-layer-reconciliation-and-final-consistency/020.source-truth-boundary-and-ownership-reconciliation/1284_ERP_OPTION_FAMILY_VS_BUSINESS_MANAGEMENT_RECONCILIATION_RULE.md	-	-	/data/data/com.termux/files/home/02.ERP-system/90.transition-triage/20.unclassified-global/module-unknown/1284_ERP_OPTION_FAMILY_VS_BUSINESS_MANAGEMENT_RECONCILIATION_RULE.md	module_unknown	could not classify module/submodule
legacy-root	/data/data/com.termux/files/home/02.ERP-system/000.platform/510.cross-layer-reconciliation-and-final-consistency/020.source-truth-boundary-and-ownership-reconciliation/1285_ERP_SUBSYSTEM_AND_EXTERNAL_APP_RECONCILIATION_RULE.md	-	-	/data/data/com.termux/files/home/02.ERP-system/90.transition-triage/20.unclassified-global/module-unknown/1285_ERP_SUBSYSTEM_AND_EXTERNAL_APP_RECONCILIATION_RULE.md	module_unknown	could not classify module/submodule
legacy-root	/data/data/com.termux/files/home/02.ERP-system/000.platform/510.cross-layer-reconciliation-and-final-consistency/020.source-truth-boundary-and-ownership-reconciliation/1286_ERP_OWNERSHIP_COLLISION_WATCHLIST.md	-	-	/data/data/com.termux/files/home/02.ERP-system/90.transition-triage/20.unclassified-global/module-unknown/1286_ERP_OWNERSHIP_COLLISION_WATCHLIST.md	module_unknown	could not classify module/submodule
legacy-root	/data/data/com.termux/files/home/02.ERP-system/000.platform/510.cross-layer-reconciliation-and-final-consistency/020.source-truth-boundary-and-ownership-reconciliation/1287_ERP_SOURCE_TRUTH_BOUNDARY_OWNERSHIP_ROOT_NAVIGATION_RULE.md	-	-	/data/data/com.termux/files/home/02.ERP-system/90.transition-triage/20.unclassified-global/module-unknown/1287_ERP_SOURCE_TRUTH_BOUNDARY_OWNERSHIP_ROOT_NAVIGATION_RULE.md	module_unknown	could not classify module/submodule
legacy-root	/data/data/com.termux/files/home/02.ERP-system/000.platform/510.cross-layer-reconciliation-and-final-consistency/020.source-truth-boundary-and-ownership-reconciliation/INDEX.md	-	-	/data/data/com.termux/files/home/02.ERP-system/90.transition-triage/20.unclassified-global/module-unknown/INDEX__20260422_182656.md	module_unknown	could not classify module/submodule
legacy-root	/data/data/com.termux/files/home/02.ERP-system/000.platform/510.cross-layer-reconciliation-and-final-consistency/020.source-truth-boundary-and-ownership-reconciliation/OVERVIEW.md	-	-	/data/data/com.termux/files/home/02.ERP-system/90.transition-triage/20.unclassified-global/module-unknown/OVERVIEW__20260422_182656.md	module_unknown	could not classify module/submodule
legacy-root	/data/data/com.termux/files/home/02.ERP-system/000.platform/510.cross-layer-reconciliation-and-final-consistency/030.contract-stateflow-permission-reconciliation/1288_ERP_CROSS_LAYER_CONTRACT_RECONCILIATION_CURRENT_STATE.md	-	-	/data/data/com.termux/files/home/02.ERP-system/90.transition-triage/20.unclassified-global/module-unknown/1288_ERP_CROSS_LAYER_CONTRACT_RECONCILIATION_CURRENT_STATE.md	module_unknown	could not classify module/submodule
legacy-root	/data/data/com.termux/files/home/02.ERP-system/000.platform/510.cross-layer-reconciliation-and-final-consistency/030.contract-stateflow-permission-reconciliation/1289_ERP_COMMON_REQUEST_RESPONSE_ENVELOPE_RECONCILIATION_RULE.md	-	-	/data/data/com.termux/files/home/02.ERP-system/90.transition-triage/20.unclassified-global/module-unknown/1289_ERP_COMMON_REQUEST_RESPONSE_ENVELOPE_RECONCILIATION_RULE.md	module_unknown	could not classify module/submodule
legacy-root	/data/data/com.termux/files/home/02.ERP-system/000.platform/510.cross-layer-reconciliation-and-final-consistency/030.contract-stateflow-permission-reconciliation/1290_ERP_STATUS_AND_LIFECYCLE_VOCABULARY_RECONCILIATION_RULE.md	-	-	/data/data/com.termux/files/home/02.ERP-system/90.transition-triage/20.unclassified-global/module-unknown/1290_ERP_STATUS_AND_LIFECYCLE_VOCABULARY_RECONCILIATION_RULE.md	module_unknown	could not classify module/submodule
legacy-root	/data/data/com.termux/files/home/02.ERP-system/000.platform/510.cross-layer-reconciliation-and-final-consistency/030.contract-stateflow-permission-reconciliation/1291_ERP_PERMISSION_FAMILY_RECONCILIATION_RULE.md	-	-	/data/data/com.termux/files/home/02.ERP-system/90.transition-triage/20.unclassified-global/module-unknown/1291_ERP_PERMISSION_FAMILY_RECONCILIATION_RULE.md	module_unknown	could not classify module/submodule
legacy-root	/data/data/com.termux/files/home/02.ERP-system/99.archive/20260422_224743/module-design-reset/51.audit/020.architecture/1292_ERP_AUDIT_SENSITIVE_ACTION_RECONCILIATION_RULE.md	51.audit	020.architecture	/data/data/com.termux/files/home/02.ERP-system/51.audit/020.architecture/1292_ERP_AUDIT_SENSITIVE_ACTION_RECONCILIATION_RULE.md	distributed	copied to canonical layer and archived source
legacy-root	/data/data/com.termux/files/home/02.ERP-system/000.platform/510.cross-layer-reconciliation-and-final-consistency/030.contract-stateflow-permission-reconciliation/1293_ERP_CROSS_LAYER_HANDOFF_DECLARATION_RULE.md	-	-	/data/data/com.termux/files/home/02.ERP-system/90.transition-triage/20.unclassified-global/module-unknown/1293_ERP_CROSS_LAYER_HANDOFF_DECLARATION_RULE.md	module_unknown	could not classify module/submodule
legacy-root	/data/data/com.termux/files/home/02.ERP-system/99.archive/20260422_224743/module-design-reset/12.inventory/020.architecture/1294_ERP_UNRESOLVED_SEMANTIC_COLLISION_INVENTORY.md	12.inventory	020.architecture	/data/data/com.termux/files/home/02.ERP-system/12.inventory/020.architecture/1294_ERP_UNRESOLVED_SEMANTIC_COLLISION_INVENTORY.md	distributed	copied to canonical layer and archived source
legacy-root	/data/data/com.termux/files/home/02.ERP-system/000.platform/510.cross-layer-reconciliation-and-final-consistency/030.contract-stateflow-permission-reconciliation/1295_ERP_CONTRACT_STATEFLOW_PERMISSION_ROOT_NAVIGATION_RULE.md	-	-	/data/data/com.termux/files/home/02.ERP-system/90.transition-triage/20.unclassified-global/module-unknown/1295_ERP_CONTRACT_STATEFLOW_PERMISSION_ROOT_NAVIGATION_RULE.md	module_unknown	could not classify module/submodule
legacy-root	/data/data/com.termux/files/home/02.ERP-system/000.platform/510.cross-layer-reconciliation-and-final-consistency/030.contract-stateflow-permission-reconciliation/INDEX.md	-	-	/data/data/com.termux/files/home/02.ERP-system/90.transition-triage/20.unclassified-global/module-unknown/INDEX__20260422_182656.md	module_unknown	could not classify module/submodule
legacy-root	/data/data/com.termux/files/home/02.ERP-system/000.platform/510.cross-layer-reconciliation-and-final-consistency/030.contract-stateflow-permission-reconciliation/OVERVIEW.md	-	-	/data/data/com.termux/files/home/02.ERP-system/90.transition-triage/20.unclassified-global/module-unknown/OVERVIEW__20260422_182656.md	module_unknown	could not classify module/submodule
legacy-root	/data/data/com.termux/files/home/02.ERP-system/000.platform/510.cross-layer-reconciliation-and-final-consistency/040.reporting-navigation-and-completion-judgment/1296_ERP_CROSS_LAYER_REPORTING_CURRENT_STATE.md	-	-	/data/data/com.termux/files/home/02.ERP-system/90.transition-triage/20.unclassified-global/module-unknown/1296_ERP_CROSS_LAYER_REPORTING_CURRENT_STATE.md	module_unknown	could not classify module/submodule
legacy-root	/data/data/com.termux/files/home/02.ERP-system/000.platform/510.cross-layer-reconciliation-and-final-consistency/040.reporting-navigation-and-completion-judgment/1297_ERP_REPORTING_RECONCILIATION_RULE.md	-	-	/data/data/com.termux/files/home/02.ERP-system/90.transition-triage/20.unclassified-global/module-unknown/1297_ERP_REPORTING_RECONCILIATION_RULE.md	module_unknown	could not classify module/submodule
legacy-root	/data/data/com.termux/files/home/02.ERP-system/000.platform/510.cross-layer-reconciliation-and-final-consistency/040.reporting-navigation-and-completion-judgment/1298_ERP_NAVIGATION_LAYERING_RECONCILIATION_RULE.md	-	-	/data/data/com.termux/files/home/02.ERP-system/90.transition-triage/20.unclassified-global/module-unknown/1298_ERP_NAVIGATION_LAYERING_RECONCILIATION_RULE.md	module_unknown	could not classify module/submodule
legacy-root	/data/data/com.termux/files/home/02.ERP-system/000.platform/510.cross-layer-reconciliation-and-final-consistency/040.reporting-navigation-and-completion-judgment/1299_ERP_WHOLE_DESIGN_COMPLETION_JUDGMENT_CHECKLIST.md	-	-	/data/data/com.termux/files/home/02.ERP-system/90.transition-triage/20.unclassified-global/module-unknown/1299_ERP_WHOLE_DESIGN_COMPLETION_JUDGMENT_CHECKLIST.md	module_unknown	could not classify module/submodule
legacy-root	/data/data/com.termux/files/home/02.ERP-system/000.platform/510.cross-layer-reconciliation-and-final-consistency/040.reporting-navigation-and-completion-judgment/1300_ERP_WHOLE_DESIGN_COMPLETE_DECISION_RULE.md	-	-	/data/data/com.termux/files/home/02.ERP-system/90.transition-triage/20.unclassified-global/module-unknown/1300_ERP_WHOLE_DESIGN_COMPLETE_DECISION_RULE.md	module_unknown	could not classify module/submodule
legacy-root	/data/data/com.termux/files/home/02.ERP-system/000.platform/510.cross-layer-reconciliation-and-final-consistency/040.reporting-navigation-and-completion-judgment/1301_ERP_FORMAL_ROADMAP_FIXATION_RELEASE_RULE.md	-	-	/data/data/com.termux/files/home/02.ERP-system/90.transition-triage/20.unclassified-global/module-unknown/1301_ERP_FORMAL_ROADMAP_FIXATION_RELEASE_RULE.md	module_unknown	could not classify module/submodule
legacy-root	/data/data/com.termux/files/home/02.ERP-system/000.platform/510.cross-layer-reconciliation-and-final-consistency/040.reporting-navigation-and-completion-judgment/1302_ERP_CROSS_LAYER_INTEGRATED_SUMMARY.md	-	-	/data/data/com.termux/files/home/02.ERP-system/90.transition-triage/20.unclassified-global/module-unknown/1302_ERP_CROSS_LAYER_INTEGRATED_SUMMARY.md	module_unknown	could not classify module/submodule
legacy-root	/data/data/com.termux/files/home/02.ERP-system/000.platform/510.cross-layer-reconciliation-and-final-consistency/040.reporting-navigation-and-completion-judgment/1303_ERP_CROSS_LAYER_COMPLETION_NOTE.md	-	-	/data/data/com.termux/files/home/02.ERP-system/90.transition-triage/20.unclassified-global/module-unknown/1303_ERP_CROSS_LAYER_COMPLETION_NOTE.md	module_unknown	could not classify module/submodule
legacy-root	/data/data/com.termux/files/home/02.ERP-system/000.platform/510.cross-layer-reconciliation-and-final-consistency/040.reporting-navigation-and-completion-judgment/1304_ERP_CROSS_LAYER_ROOT_PATCH.md	-	-	/data/data/com.termux/files/home/02.ERP-system/90.transition-triage/20.unclassified-global/module-unknown/1304_ERP_CROSS_LAYER_ROOT_PATCH.md	module_unknown	could not classify module/submodule
legacy-root	/data/data/com.termux/files/home/02.ERP-system/99.archive/20260422_224743/module-design-reset/52.master-data/020.architecture/1305_DESIGN_MASTER_INDEX_CROSS_LAYER_RECONCILIATION_PATCH.md	52.master-data	020.architecture	/data/data/com.termux/files/home/02.ERP-system/52.master-data/020.architecture/1305_DESIGN_MASTER_INDEX_CROSS_LAYER_RECONCILIATION_PATCH.md	distributed	copied to canonical layer and archived source
legacy-root	/data/data/com.termux/files/home/02.ERP-system/99.archive/20260422_224743/module-design-reset/52.master-data/020.architecture/1306_ERP_SYSTEM_MASTER_INDEX_CROSS_LAYER_RECONCILIATION_PATCH.md	52.master-data	020.architecture	/data/data/com.termux/files/home/02.ERP-system/52.master-data/020.architecture/1306_ERP_SYSTEM_MASTER_INDEX_CROSS_LAYER_RECONCILIATION_PATCH.md	distributed	copied to canonical layer and archived source
legacy-root	/data/data/com.termux/files/home/02.ERP-system/000.platform/510.cross-layer-reconciliation-and-final-consistency/040.reporting-navigation-and-completion-judgment/1307_ERP_CROSS_LAYER_ROOT_NAVIGATION_RULE.md	-	-	/data/data/com.termux/files/home/02.ERP-system/90.transition-triage/20.unclassified-global/module-unknown/1307_ERP_CROSS_LAYER_ROOT_NAVIGATION_RULE.md	module_unknown	could not classify module/submodule
legacy-root	/data/data/com.termux/files/home/02.ERP-system/000.platform/510.cross-layer-reconciliation-and-final-consistency/040.reporting-navigation-and-completion-judgment/INDEX.md	-	-	/data/data/com.termux/files/home/02.ERP-system/90.transition-triage/20.unclassified-global/module-unknown/INDEX__20260422_182656.md	module_unknown	could not classify module/submodule
legacy-root	/data/data/com.termux/files/home/02.ERP-system/000.platform/510.cross-layer-reconciliation-and-final-consistency/040.reporting-navigation-and-completion-judgment/OVERVIEW.md	-	-	/data/data/com.termux/files/home/02.ERP-system/90.transition-triage/20.unclassified-global/module-unknown/OVERVIEW__20260422_182656.md	module_unknown	could not classify module/submodule
legacy-root	/data/data/com.termux/files/home/02.ERP-system/000.platform/510.cross-layer-reconciliation-and-final-consistency/INDEX.md	-	-	/data/data/com.termux/files/home/02.ERP-system/90.transition-triage/20.unclassified-global/module-unknown/INDEX__20260422_182656.md	module_unknown	could not classify module/submodule
legacy-root	/data/data/com.termux/files/home/02.ERP-system/000.platform/510.cross-layer-reconciliation-and-final-consistency/OVERVIEW.md	-	-	/data/data/com.termux/files/home/02.ERP-system/90.transition-triage/20.unclassified-global/module-unknown/OVERVIEW__20260422_182656.md	module_unknown	could not classify module/submodule
legacy-root	/data/data/com.termux/files/home/02.ERP-system/000.platform/520.formal-roadmap-fixation/010.current-state-and-principle/1308_ERP_FORMAL_ROADMAP_FIXATION_CURRENT_STATE.md	-	-	/data/data/com.termux/files/home/02.ERP-system/90.transition-triage/20.unclassified-global/module-unknown/1308_ERP_FORMAL_ROADMAP_FIXATION_CURRENT_STATE.md	module_unknown	could not classify module/submodule
legacy-root	/data/data/com.termux/files/home/02.ERP-system/000.platform/520.formal-roadmap-fixation/010.current-state-and-principle/1309_ERP_FORMAL_ROADMAP_FIXATION_POSITIONING.md	-	-	/data/data/com.termux/files/home/02.ERP-system/90.transition-triage/20.unclassified-global/module-unknown/1309_ERP_FORMAL_ROADMAP_FIXATION_POSITIONING.md	module_unknown	could not classify module/submodule
legacy-root	/data/data/com.termux/files/home/02.ERP-system/000.platform/520.formal-roadmap-fixation/010.current-state-and-principle/1310_ERP_FORMAL_ROADMAP_FIXATION_CANONICAL_SCOPE.md	-	-	/data/data/com.termux/files/home/02.ERP-system/90.transition-triage/20.unclassified-global/module-unknown/1310_ERP_FORMAL_ROADMAP_FIXATION_CANONICAL_SCOPE.md	module_unknown	could not classify module/submodule
legacy-root	/data/data/com.termux/files/home/02.ERP-system/000.platform/520.formal-roadmap-fixation/010.current-state-and-principle/1311_ERP_FORMAL_ROADMAP_PREREQUISITE_ACCEPTANCE_RULE.md	-	-	/data/data/com.termux/files/home/02.ERP-system/90.transition-triage/20.unclassified-global/module-unknown/1311_ERP_FORMAL_ROADMAP_PREREQUISITE_ACCEPTANCE_RULE.md	module_unknown	could not classify module/submodule
legacy-root	/data/data/com.termux/files/home/02.ERP-system/000.platform/520.formal-roadmap-fixation/010.current-state-and-principle/1312_ERP_FORMAL_ROADMAP_FIXED_PHASE_MAP.md	-	-	/data/data/com.termux/files/home/02.ERP-system/90.transition-triage/20.unclassified-global/module-unknown/1312_ERP_FORMAL_ROADMAP_FIXED_PHASE_MAP.md	module_unknown	could not classify module/submodule
legacy-root	/data/data/com.termux/files/home/02.ERP-system/000.platform/520.formal-roadmap-fixation/010.current-state-and-principle/1313_ERP_FORMAL_ROADMAP_CURRENT_STATE_ROOT_NAVIGATION_RULE.md	-	-	/data/data/com.termux/files/home/02.ERP-system/90.transition-triage/20.unclassified-global/module-unknown/1313_ERP_FORMAL_ROADMAP_CURRENT_STATE_ROOT_NAVIGATION_RULE.md	module_unknown	could not classify module/submodule
legacy-root	/data/data/com.termux/files/home/02.ERP-system/000.platform/520.formal-roadmap-fixation/010.current-state-and-principle/INDEX.md	-	-	/data/data/com.termux/files/home/02.ERP-system/90.transition-triage/20.unclassified-global/module-unknown/INDEX__20260422_182656.md	module_unknown	could not classify module/submodule
legacy-root	/data/data/com.termux/files/home/02.ERP-system/000.platform/520.formal-roadmap-fixation/010.current-state-and-principle/OVERVIEW.md	-	-	/data/data/com.termux/files/home/02.ERP-system/90.transition-triage/20.unclassified-global/module-unknown/OVERVIEW__20260422_182656.md	module_unknown	could not classify module/submodule
legacy-root	/data/data/com.termux/files/home/02.ERP-system/000.platform/520.formal-roadmap-fixation/020.layer-order-and-execution-sequence/1314_ERP_FORMAL_ROADMAP_EXECUTION_SEQUENCE_CURRENT_STATE.md	-	-	/data/data/com.termux/files/home/02.ERP-system/90.transition-triage/20.unclassified-global/module-unknown/1314_ERP_FORMAL_ROADMAP_EXECUTION_SEQUENCE_CURRENT_STATE.md	module_unknown	could not classify module/submodule
legacy-root	/data/data/com.termux/files/home/02.ERP-system/000.platform/520.formal-roadmap-fixation/020.layer-order-and-execution-sequence/1315_ERP_BASE_LAYER_EXECUTION_ORDER_RULE.md	-	-	/data/data/com.termux/files/home/02.ERP-system/90.transition-triage/20.unclassified-global/module-unknown/1315_ERP_BASE_LAYER_EXECUTION_ORDER_RULE.md	module_unknown	could not classify module/submodule
legacy-root	/data/data/com.termux/files/home/02.ERP-system/000.platform/520.formal-roadmap-fixation/020.layer-order-and-execution-sequence/1316_ERP_BUSINESS_LAYER_EXECUTION_ORDER_RULE.md	-	-	/data/data/com.termux/files/home/02.ERP-system/90.transition-triage/20.unclassified-global/module-unknown/1316_ERP_BUSINESS_LAYER_EXECUTION_ORDER_RULE.md	module_unknown	could not classify module/submodule
legacy-root	/data/data/com.termux/files/home/02.ERP-system/000.platform/520.formal-roadmap-fixation/020.layer-order-and-execution-sequence/1317_ERP_MANAGEMENT_LAYER_EXECUTION_ORDER_RULE.md	-	-	/data/data/com.termux/files/home/02.ERP-system/90.transition-triage/20.unclassified-global/module-unknown/1317_ERP_MANAGEMENT_LAYER_EXECUTION_ORDER_RULE.md	module_unknown	could not classify module/submodule
legacy-root	/data/data/com.termux/files/home/02.ERP-system/000.platform/520.formal-roadmap-fixation/020.layer-order-and-execution-sequence/1318_ERP_CROSS_LAYER_EXECUTION_ORDER_RULE.md	-	-	/data/data/com.termux/files/home/02.ERP-system/90.transition-triage/20.unclassified-global/module-unknown/1318_ERP_CROSS_LAYER_EXECUTION_ORDER_RULE.md	module_unknown	could not classify module/submodule
legacy-root	/data/data/com.termux/files/home/02.ERP-system/000.platform/520.formal-roadmap-fixation/020.layer-order-and-execution-sequence/1319_ERP_WHOLE_DESIGN_JUDGMENT_EXECUTION_ORDER_RULE.md	-	-	/data/data/com.termux/files/home/02.ERP-system/90.transition-triage/20.unclassified-global/module-unknown/1319_ERP_WHOLE_DESIGN_JUDGMENT_EXECUTION_ORDER_RULE.md	module_unknown	could not classify module/submodule
legacy-root	/data/data/com.termux/files/home/02.ERP-system/000.platform/520.formal-roadmap-fixation/020.layer-order-and-execution-sequence/1320_ERP_FORMAL_EXECUTION_ORDER_LOCK.md	-	-	/data/data/com.termux/files/home/02.ERP-system/90.transition-triage/20.unclassified-global/module-unknown/1320_ERP_FORMAL_EXECUTION_ORDER_LOCK.md	module_unknown	could not classify module/submodule
legacy-root	/data/data/com.termux/files/home/02.ERP-system/000.platform/520.formal-roadmap-fixation/020.layer-order-and-execution-sequence/1321_ERP_LAYER_ORDER_EXECUTION_ROOT_NAVIGATION_RULE.md	-	-	/data/data/com.termux/files/home/02.ERP-system/90.transition-triage/20.unclassified-global/module-unknown/1321_ERP_LAYER_ORDER_EXECUTION_ROOT_NAVIGATION_RULE.md	module_unknown	could not classify module/submodule
legacy-root	/data/data/com.termux/files/home/02.ERP-system/000.platform/520.formal-roadmap-fixation/020.layer-order-and-execution-sequence/INDEX.md	-	-	/data/data/com.termux/files/home/02.ERP-system/90.transition-triage/20.unclassified-global/module-unknown/INDEX__20260422_182656.md	module_unknown	could not classify module/submodule
legacy-root	/data/data/com.termux/files/home/02.ERP-system/000.platform/520.formal-roadmap-fixation/020.layer-order-and-execution-sequence/OVERVIEW.md	-	-	/data/data/com.termux/files/home/02.ERP-system/90.transition-triage/20.unclassified-global/module-unknown/OVERVIEW__20260422_182656.md	module_unknown	could not classify module/submodule
legacy-root	/data/data/com.termux/files/home/02.ERP-system/000.platform/520.formal-roadmap-fixation/030.module-priority-and-decision-gates/1322_ERP_FORMAL_ROADMAP_PRIORITY_CURRENT_STATE.md	-	-	/data/data/com.termux/files/home/02.ERP-system/90.transition-triage/20.unclassified-global/module-unknown/1322_ERP_FORMAL_ROADMAP_PRIORITY_CURRENT_STATE.md	module_unknown	could not classify module/submodule
legacy-root	/data/data/com.termux/files/home/02.ERP-system/000.platform/520.formal-roadmap-fixation/030.module-priority-and-decision-gates/1323_ERP_BUSINESS_MODULE_PRIORITY_RULE.md	-	-	/data/data/com.termux/files/home/02.ERP-system/90.transition-triage/20.unclassified-global/module-unknown/1323_ERP_BUSINESS_MODULE_PRIORITY_RULE.md	module_unknown	could not classify module/submodule
legacy-root	/data/data/com.termux/files/home/02.ERP-system/000.platform/520.formal-roadmap-fixation/030.module-priority-and-decision-gates/1324_ERP_MANAGEMENT_MODULE_PRIORITY_RULE.md	-	-	/data/data/com.termux/files/home/02.ERP-system/90.transition-triage/20.unclassified-global/module-unknown/1324_ERP_MANAGEMENT_MODULE_PRIORITY_RULE.md	module_unknown	could not classify module/submodule
legacy-root	/data/data/com.termux/files/home/02.ERP-system/000.platform/520.formal-roadmap-fixation/030.module-priority-and-decision-gates/1325_ERP_OPTION_FAMILY_HANDLING_RULE.md	-	-	/data/data/com.termux/files/home/02.ERP-system/90.transition-triage/20.unclassified-global/module-unknown/1325_ERP_OPTION_FAMILY_HANDLING_RULE.md	module_unknown	could not classify module/submodule
legacy-root	/data/data/com.termux/files/home/02.ERP-system/000.platform/520.formal-roadmap-fixation/030.module-priority-and-decision-gates/1326_ERP_EXCLUSION_AND_DEFERMENT_RULE.md	-	-	/data/data/com.termux/files/home/02.ERP-system/90.transition-triage/20.unclassified-global/module-unknown/1326_ERP_EXCLUSION_AND_DEFERMENT_RULE.md	module_unknown	could not classify module/submodule
legacy-root	/data/data/com.termux/files/home/02.ERP-system/000.platform/520.formal-roadmap-fixation/030.module-priority-and-decision-gates/1327_ERP_DECISION_GATE_RULE.md	-	-	/data/data/com.termux/files/home/02.ERP-system/90.transition-triage/20.unclassified-global/module-unknown/1327_ERP_DECISION_GATE_RULE.md	module_unknown	could not classify module/submodule
legacy-root	/data/data/com.termux/files/home/02.ERP-system/000.platform/520.formal-roadmap-fixation/030.module-priority-and-decision-gates/1328_ERP_UNRESOLVED_RISK_HANDLING_RULE.md	-	-	/data/data/com.termux/files/home/02.ERP-system/90.transition-triage/20.unclassified-global/module-unknown/1328_ERP_UNRESOLVED_RISK_HANDLING_RULE.md	module_unknown	could not classify module/submodule
legacy-root	/data/data/com.termux/files/home/02.ERP-system/000.platform/520.formal-roadmap-fixation/030.module-priority-and-decision-gates/1329_ERP_PRIORITY_AND_DECISION_GATE_ROOT_NAVIGATION_RULE.md	-	-	/data/data/com.termux/files/home/02.ERP-system/90.transition-triage/20.unclassified-global/module-unknown/1329_ERP_PRIORITY_AND_DECISION_GATE_ROOT_NAVIGATION_RULE.md	module_unknown	could not classify module/submodule
legacy-root	/data/data/com.termux/files/home/02.ERP-system/000.platform/520.formal-roadmap-fixation/030.module-priority-and-decision-gates/INDEX.md	-	-	/data/data/com.termux/files/home/02.ERP-system/90.transition-triage/20.unclassified-global/module-unknown/INDEX__20260422_182656.md	module_unknown	could not classify module/submodule
legacy-root	/data/data/com.termux/files/home/02.ERP-system/000.platform/520.formal-roadmap-fixation/030.module-priority-and-decision-gates/OVERVIEW.md	-	-	/data/data/com.termux/files/home/02.ERP-system/90.transition-triage/20.unclassified-global/module-unknown/OVERVIEW__20260422_182656.md	module_unknown	could not classify module/submodule
legacy-root	/data/data/com.termux/files/home/02.ERP-system/000.platform/520.formal-roadmap-fixation/040.deliverables-milestones-and-final-lock/1330_ERP_FORMAL_ROADMAP_DELIVERABLES_CURRENT_STATE.md	-	-	/data/data/com.termux/files/home/02.ERP-system/90.transition-triage/20.unclassified-global/module-unknown/1330_ERP_FORMAL_ROADMAP_DELIVERABLES_CURRENT_STATE.md	module_unknown	could not classify module/submodule
legacy-root	/data/data/com.termux/files/home/02.ERP-system/000.platform/520.formal-roadmap-fixation/040.deliverables-milestones-and-final-lock/1331_ERP_DELIVERABLE_FAMILY_RULE.md	-	-	/data/data/com.termux/files/home/02.ERP-system/90.transition-triage/20.unclassified-global/module-unknown/1331_ERP_DELIVERABLE_FAMILY_RULE.md	module_unknown	could not classify module/submodule
legacy-root	/data/data/com.termux/files/home/02.ERP-system/000.platform/520.formal-roadmap-fixation/040.deliverables-milestones-and-final-lock/1332_ERP_REPORTING_AND_MILESTONE_RULE.md	-	-	/data/data/com.termux/files/home/02.ERP-system/90.transition-triage/20.unclassified-global/module-unknown/1332_ERP_REPORTING_AND_MILESTONE_RULE.md	module_unknown	could not classify module/submodule
legacy-root	/data/data/com.termux/files/home/02.ERP-system/000.platform/520.formal-roadmap-fixation/040.deliverables-milestones-and-final-lock/1333_ERP_ACCEPTANCE_AND_COMPLETION_CRITERIA.md	-	-	/data/data/com.termux/files/home/02.ERP-system/90.transition-triage/20.unclassified-global/module-unknown/1333_ERP_ACCEPTANCE_AND_COMPLETION_CRITERIA.md	module_unknown	could not classify module/submodule
legacy-root	/data/data/com.termux/files/home/02.ERP-system/000.platform/520.formal-roadmap-fixation/040.deliverables-milestones-and-final-lock/1334_ERP_FORMAL_ROADMAP_FIXED_SUMMARY.md	-	-	/data/data/com.termux/files/home/02.ERP-system/90.transition-triage/20.unclassified-global/module-unknown/1334_ERP_FORMAL_ROADMAP_FIXED_SUMMARY.md	module_unknown	could not classify module/submodule
legacy-root	/data/data/com.termux/files/home/02.ERP-system/000.platform/520.formal-roadmap-fixation/040.deliverables-milestones-and-final-lock/1335_ERP_FORMAL_ROADMAP_COMPLETION_NOTE.md	-	-	/data/data/com.termux/files/home/02.ERP-system/90.transition-triage/20.unclassified-global/module-unknown/1335_ERP_FORMAL_ROADMAP_COMPLETION_NOTE.md	module_unknown	could not classify module/submodule
legacy-root	/data/data/com.termux/files/home/02.ERP-system/000.platform/520.formal-roadmap-fixation/040.deliverables-milestones-and-final-lock/1336_ERP_FORMAL_ROADMAP_ROOT_PATCH.md	-	-	/data/data/com.termux/files/home/02.ERP-system/90.transition-triage/20.unclassified-global/module-unknown/1336_ERP_FORMAL_ROADMAP_ROOT_PATCH.md	module_unknown	could not classify module/submodule
legacy-root	/data/data/com.termux/files/home/02.ERP-system/99.archive/20260422_224743/module-design-reset/52.master-data/120.implementation/1337_DESIGN_MASTER_INDEX_FORMAL_ROADMAP_PATCH.md	52.master-data	120.implementation	/data/data/com.termux/files/home/02.ERP-system/52.master-data/120.implementation/1337_DESIGN_MASTER_INDEX_FORMAL_ROADMAP_PATCH.md	distributed	copied to canonical layer and archived source
legacy-root	/data/data/com.termux/files/home/02.ERP-system/99.archive/20260422_224743/module-design-reset/52.master-data/120.implementation/1338_ERP_SYSTEM_MASTER_INDEX_FORMAL_ROADMAP_PATCH.md	52.master-data	120.implementation	/data/data/com.termux/files/home/02.ERP-system/52.master-data/120.implementation/1338_ERP_SYSTEM_MASTER_INDEX_FORMAL_ROADMAP_PATCH.md	distributed	copied to canonical layer and archived source
legacy-root	/data/data/com.termux/files/home/02.ERP-system/000.platform/520.formal-roadmap-fixation/040.deliverables-milestones-and-final-lock/1339_ERP_FORMAL_ROADMAP_SAFE_NEXT_EXECUTION_PROMPT_TEMPLATE.md	-	-	/data/data/com.termux/files/home/02.ERP-system/90.transition-triage/20.unclassified-global/module-unknown/1339_ERP_FORMAL_ROADMAP_SAFE_NEXT_EXECUTION_PROMPT_TEMPLATE.md	module_unknown	could not classify module/submodule
legacy-root	/data/data/com.termux/files/home/02.ERP-system/000.platform/520.formal-roadmap-fixation/040.deliverables-milestones-and-final-lock/1340_ERP_FORMAL_ROADMAP_ROOT_NAVIGATION_RULE.md	-	-	/data/data/com.termux/files/home/02.ERP-system/90.transition-triage/20.unclassified-global/module-unknown/1340_ERP_FORMAL_ROADMAP_ROOT_NAVIGATION_RULE.md	module_unknown	could not classify module/submodule
legacy-root	/data/data/com.termux/files/home/02.ERP-system/000.platform/520.formal-roadmap-fixation/040.deliverables-milestones-and-final-lock/INDEX.md	-	-	/data/data/com.termux/files/home/02.ERP-system/90.transition-triage/20.unclassified-global/module-unknown/INDEX__20260422_182656.md	module_unknown	could not classify module/submodule
legacy-root	/data/data/com.termux/files/home/02.ERP-system/000.platform/520.formal-roadmap-fixation/040.deliverables-milestones-and-final-lock/OVERVIEW.md	-	-	/data/data/com.termux/files/home/02.ERP-system/90.transition-triage/20.unclassified-global/module-unknown/OVERVIEW__20260422_182656.md	module_unknown	could not classify module/submodule
legacy-root	/data/data/com.termux/files/home/02.ERP-system/000.platform/520.formal-roadmap-fixation/INDEX.md	-	-	/data/data/com.termux/files/home/02.ERP-system/90.transition-triage/20.unclassified-global/module-unknown/INDEX__20260422_182656.md	module_unknown	could not classify module/submodule
legacy-root	/data/data/com.termux/files/home/02.ERP-system/000.platform/520.formal-roadmap-fixation/OVERVIEW.md	-	-	/data/data/com.termux/files/home/02.ERP-system/90.transition-triage/20.unclassified-global/module-unknown/OVERVIEW__20260422_182656.md	module_unknown	could not classify module/submodule
legacy-root	/data/data/com.termux/files/home/02.ERP-system/000.platform/INDEX.md	-	-	/data/data/com.termux/files/home/02.ERP-system/90.transition-triage/20.unclassified-global/module-unknown/INDEX__20260422_182656.md	module_unknown	could not classify module/submodule
legacy-root	/data/data/com.termux/files/home/02.ERP-system/000.platform/OVERVIEW.md	-	-	/data/data/com.termux/files/home/02.ERP-system/90.transition-triage/20.unclassified-global/module-unknown/OVERVIEW__20260422_182656.md	module_unknown	could not classify module/submodule
legacy-root	/data/data/com.termux/files/home/02.ERP-system/001.core-principles/000_CORE_PRINCIPLES_INDEX.md	-	-	/data/data/com.termux/files/home/02.ERP-system/90.transition-triage/20.unclassified-global/module-unknown/000_CORE_PRINCIPLES_INDEX.md	module_unknown	could not classify module/submodule
legacy-root	/data/data/com.termux/files/home/02.ERP-system/001.core-principles/000_CORE_PRINCIPLES_OVERVIEW.md	-	-	/data/data/com.termux/files/home/02.ERP-system/90.transition-triage/20.unclassified-global/module-unknown/000_CORE_PRINCIPLES_OVERVIEW.md	module_unknown	could not classify module/submodule
legacy-root	/data/data/com.termux/files/home/02.ERP-system/001.core-principles/000_ERP_IDEAL_LAYER_ARCHITECTURE.md	-	-	/data/data/com.termux/files/home/02.ERP-system/90.transition-triage/20.unclassified-global/module-unknown/000_ERP_IDEAL_LAYER_ARCHITECTURE.md	module_unknown	could not classify module/submodule
legacy-root	/data/data/com.termux/files/home/02.ERP-system/001.core-principles/001_ERP_LAYER_RESPONSIBILITY_MAP.md	-	-	/data/data/com.termux/files/home/02.ERP-system/90.transition-triage/20.unclassified-global/module-unknown/001_ERP_LAYER_RESPONSIBILITY_MAP.md	module_unknown	could not classify module/submodule
legacy-root	/data/data/com.termux/files/home/02.ERP-system/001.core-principles/002_ERP_MODULE_RESPONSIBILITY_MAP.md	-	-	/data/data/com.termux/files/home/02.ERP-system/90.transition-triage/20.unclassified-global/module-unknown/002_ERP_MODULE_RESPONSIBILITY_MAP.md	module_unknown	could not classify module/submodule
legacy-root	/data/data/com.termux/files/home/02.ERP-system/001.core-principles/003_ERP_TABLE_OWNERSHIP_PRINCIPLE.md	-	-	/data/data/com.termux/files/home/02.ERP-system/90.transition-triage/20.unclassified-global/module-unknown/003_ERP_TABLE_OWNERSHIP_PRINCIPLE.md	module_unknown	could not classify module/submodule
legacy-root	/data/data/com.termux/files/home/02.ERP-system/001.core-principles/004_ERP_STATE_EVENT_ACTION_REQUEST_OWNERSHIP.md	-	-	/data/data/com.termux/files/home/02.ERP-system/90.transition-triage/20.unclassified-global/module-unknown/004_ERP_STATE_EVENT_ACTION_REQUEST_OWNERSHIP.md	module_unknown	could not classify module/submodule
legacy-root	/data/data/com.termux/files/home/02.ERP-system/001.core-principles/007_ERP_CANONICAL_STATE_MODEL.md	-	-	/data/data/com.termux/files/home/02.ERP-system/90.transition-triage/20.unclassified-global/module-unknown/007_ERP_CANONICAL_STATE_MODEL.md	module_unknown	could not classify module/submodule
legacy-root	/data/data/com.termux/files/home/02.ERP-system/001.core-principles/008_ERP_CANONICAL_EVENT_MODEL.md	-	-	/data/data/com.termux/files/home/02.ERP-system/90.transition-triage/20.unclassified-global/module-unknown/008_ERP_CANONICAL_EVENT_MODEL.md	module_unknown	could not classify module/submodule
legacy-root	/data/data/com.termux/files/home/02.ERP-system/001.core-principles/009_ERP_CANONICAL_REQUEST_MODEL.md	-	-	/data/data/com.termux/files/home/02.ERP-system/90.transition-triage/20.unclassified-global/module-unknown/009_ERP_CANONICAL_REQUEST_MODEL.md	module_unknown	could not classify module/submodule
legacy-root	/data/data/com.termux/files/home/02.ERP-system/001.core-principles/010_ERP_CANONICAL_ACTION_MODEL.md	-	-	/data/data/com.termux/files/home/02.ERP-system/90.transition-triage/20.unclassified-global/module-unknown/010_ERP_CANONICAL_ACTION_MODEL.md	module_unknown	could not classify module/submodule
legacy-root	/data/data/com.termux/files/home/02.ERP-system/001.core-principles/011_ERP_REQUEST_STATUS_MODEL.md	-	-	/data/data/com.termux/files/home/02.ERP-system/90.transition-triage/20.unclassified-global/module-unknown/011_ERP_REQUEST_STATUS_MODEL.md	module_unknown	could not classify module/submodule
legacy-root	/data/data/com.termux/files/home/02.ERP-system/001.core-principles/012_ERP_GLOBAL_AND_MULTI_DEVICE_PREREQUISITE.md	-	-	/data/data/com.termux/files/home/02.ERP-system/90.transition-triage/20.unclassified-global/module-unknown/012_ERP_GLOBAL_AND_MULTI_DEVICE_PREREQUISITE.md	module_unknown	could not classify module/submodule
legacy-root	/data/data/com.termux/files/home/02.ERP-system/001.core-principles/013_ERP_MULTI_CURRENCY_PRINCIPLE.md	-	-	/data/data/com.termux/files/home/02.ERP-system/90.transition-triage/20.unclassified-global/module-unknown/013_ERP_MULTI_CURRENCY_PRINCIPLE.md	module_unknown	could not classify module/submodule
legacy-root	/data/data/com.termux/files/home/02.ERP-system/001.core-principles/014_ERP_MULTI_LANGUAGE_PRINCIPLE.md	-	-	/data/data/com.termux/files/home/02.ERP-system/90.transition-triage/20.unclassified-global/module-unknown/014_ERP_MULTI_LANGUAGE_PRINCIPLE.md	module_unknown	could not classify module/submodule
legacy-root	/data/data/com.termux/files/home/02.ERP-system/001.core-principles/INDEX.md	-	-	/data/data/com.termux/files/home/02.ERP-system/90.transition-triage/20.unclassified-global/module-unknown/INDEX__20260422_182656.md	module_unknown	could not classify module/submodule
legacy-root	/data/data/com.termux/files/home/02.ERP-system/001.core-principles/OVERVIEW.md	-	-	/data/data/com.termux/files/home/02.ERP-system/90.transition-triage/20.unclassified-global/module-unknown/OVERVIEW__20260422_182656.md	module_unknown	could not classify module/submodule
legacy-root	/data/data/com.termux/files/home/02.ERP-system/002.interface-and-contract/000_INTERFACE_AND_CONTRACT_INDEX.md	-	-	/data/data/com.termux/files/home/02.ERP-system/90.transition-triage/20.unclassified-global/module-unknown/000_INTERFACE_AND_CONTRACT_INDEX.md	module_unknown	could not classify module/submodule
legacy-root	/data/data/com.termux/files/home/02.ERP-system/002.interface-and-contract/000_INTERFACE_AND_CONTRACT_OVERVIEW.md	-	-	/data/data/com.termux/files/home/02.ERP-system/90.transition-triage/20.unclassified-global/module-unknown/000_INTERFACE_AND_CONTRACT_OVERVIEW.md	module_unknown	could not classify module/submodule
legacy-root	/data/data/com.termux/files/home/02.ERP-system/002.interface-and-contract/001_EXACT_CONTRACT_EXAMPLES_INDEX.md	-	-	/data/data/com.termux/files/home/02.ERP-system/90.transition-triage/20.unclassified-global/module-unknown/001_EXACT_CONTRACT_EXAMPLES_INDEX.md	module_unknown	could not classify module/submodule
legacy-root	/data/data/com.termux/files/home/02.ERP-system/002.interface-and-contract/001_EXACT_CONTRACT_EXAMPLES_OVERVIEW.md	-	-	/data/data/com.termux/files/home/02.ERP-system/90.transition-triage/20.unclassified-global/module-unknown/001_EXACT_CONTRACT_EXAMPLES_OVERVIEW.md	module_unknown	could not classify module/submodule
