unit_path	op_kind	source_path	target_path	result	note
/data/data/com.termux/files/home/02.ERP-system/01.sales	archive_payload	/data/data/com.termux/files/home/02.ERP-system/01.sales/020.architecture/1213_ERP_SALES_WHOLE_DESIGN_STATUS.md	/data/data/com.termux/files/home/02.ERP-system/99.archive/20260422_224743/module-design-reset/01.sales/020.architecture/1213_ERP_SALES_WHOLE_DESIGN_STATUS.md	moved	module payload archived during reset
/data/data/com.termux/files/home/02.ERP-system/01.sales	archive_payload	/data/data/com.termux/files/home/02.ERP-system/01.sales/060.integration/1082_ERP_CUSTOMER_SALES_LABOR_BASELINE_BOUNDARY_RULE.md	/data/data/com.termux/files/home/02.ERP-system/99.archive/20260422_224743/module-design-reset/01.sales/060.integration/1082_ERP_CUSTOMER_SALES_LABOR_BASELINE_BOUNDARY_RULE.md	moved	module payload archived during reset
/data/data/com.termux/files/home/02.ERP-system/01.sales	archive_payload	/data/data/com.termux/files/home/02.ERP-system/01.sales/060.integration/1088_ERP_CUSTOMER_SALES_TO_OPERATIONS_DEPENDENCY_CHAIN.md	/data/data/com.termux/files/home/02.ERP-system/99.archive/20260422_224743/module-design-reset/01.sales/060.integration/1088_ERP_CUSTOMER_SALES_TO_OPERATIONS_DEPENDENCY_CHAIN.md	moved	module payload archived during reset
/data/data/com.termux/files/home/02.ERP-system/01.sales	archive_payload	/data/data/com.termux/files/home/02.ERP-system/01.sales/120.implementation/555_ERP_CUSTOMER_AND_SALES_EXPANSION_POSITION.md	/data/data/com.termux/files/home/02.ERP-system/99.archive/20260422_224743/module-design-reset/01.sales/120.implementation/555_ERP_CUSTOMER_AND_SALES_EXPANSION_POSITION.md	moved	module payload archived during reset
/data/data/com.termux/files/home/02.ERP-system/01.sales	dir	/data/data/com.termux/files/home/02.ERP-system/01.sales/010.constitution	/data/data/com.termux/files/home/02.ERP-system/01.sales/010.constitution	exists	directory already exists
/data/data/com.termux/files/home/02.ERP-system/01.sales	dir	/data/data/com.termux/files/home/02.ERP-system/01.sales/020.architecture	/data/data/com.termux/files/home/02.ERP-system/01.sales/020.architecture	exists	directory already exists
/data/data/com.termux/files/home/02.ERP-system/01.sales	dir	/data/data/com.termux/files/home/02.ERP-system/01.sales/030.model	/data/data/com.termux/files/home/02.ERP-system/01.sales/030.model	exists	directory already exists
/data/data/com.termux/files/home/02.ERP-system/01.sales	dir	/data/data/com.termux/files/home/02.ERP-system/01.sales/050.flow	/data/data/com.termux/files/home/02.ERP-system/01.sales/050.flow	exists	directory already exists
/data/data/com.termux/files/home/02.ERP-system/01.sales	dir	/data/data/com.termux/files/home/02.ERP-system/01.sales/060.integration	/data/data/com.termux/files/home/02.ERP-system/01.sales/060.integration	exists	directory already exists
/data/data/com.termux/files/home/02.ERP-system/01.sales	dir	/data/data/com.termux/files/home/02.ERP-system/01.sales/070.operations	/data/data/com.termux/files/home/02.ERP-system/01.sales/070.operations	exists	directory already exists
/data/data/com.termux/files/home/02.ERP-system/01.sales	dir	/data/data/com.termux/files/home/02.ERP-system/01.sales/080.policy	/data/data/com.termux/files/home/02.ERP-system/01.sales/080.policy	exists	directory already exists
/data/data/com.termux/files/home/02.ERP-system/01.sales	dir	/data/data/com.termux/files/home/02.ERP-system/01.sales/100.security	/data/data/com.termux/files/home/02.ERP-system/01.sales/100.security	exists	directory already exists
/data/data/com.termux/files/home/02.ERP-system/01.sales	dir	/data/data/com.termux/files/home/02.ERP-system/01.sales/110.infrastructure	/data/data/com.termux/files/home/02.ERP-system/01.sales/110.infrastructure	exists	directory already exists
/data/data/com.termux/files/home/02.ERP-system/01.sales	dir	/data/data/com.termux/files/home/02.ERP-system/01.sales/120.implementation	/data/data/com.termux/files/home/02.ERP-system/01.sales/120.implementation	exists	directory already exists
/data/data/com.termux/files/home/02.ERP-system/01.sales	dir	/data/data/com.termux/files/home/02.ERP-system/01.sales/130.development	/data/data/com.termux/files/home/02.ERP-system/01.sales/130.development	exists	directory already exists
/data/data/com.termux/files/home/02.ERP-system/01.sales	dir	/data/data/com.termux/files/home/02.ERP-system/01.sales/900.meta	/data/data/com.termux/files/home/02.ERP-system/01.sales/900.meta	exists	directory already exists
/data/data/com.termux/files/home/02.ERP-system/01.sales	dir	/data/data/com.termux/files/home/02.ERP-system/01.sales/920.meta	/data/data/com.termux/files/home/02.ERP-system/01.sales/920.meta	exists	directory already exists
/data/data/com.termux/files/home/02.ERP-system/01.sales	index	/data/data/com.termux/files/home/02.ERP-system/01.sales/INDEX.md	/data/data/com.termux/files/home/02.ERP-system/01.sales/INDEX.md	exists	index already exists
/data/data/com.termux/files/home/02.ERP-system/01.sales	overview	/data/data/com.termux/files/home/02.ERP-system/01.sales/OVERVIEW.md	/data/data/com.termux/files/home/02.ERP-system/01.sales/OVERVIEW.md	exists	overview already exists
/data/data/com.termux/files/home/02.ERP-system/01.sales	dir	/data/data/com.termux/files/home/02.ERP-system/01.sales/010.constitution	/data/data/com.termux/files/home/02.ERP-system/01.sales/010.constitution	exists	directory already exists
/data/data/com.termux/files/home/02.ERP-system/01.sales	index	/data/data/com.termux/files/home/02.ERP-system/01.sales/010.constitution/INDEX.md	/data/data/com.termux/files/home/02.ERP-system/01.sales/010.constitution/INDEX.md	exists	index already exists
/data/data/com.termux/files/home/02.ERP-system/01.sales	overview	/data/data/com.termux/files/home/02.ERP-system/01.sales/010.constitution/OVERVIEW.md	/data/data/com.termux/files/home/02.ERP-system/01.sales/010.constitution/OVERVIEW.md	exists	overview already exists
/data/data/com.termux/files/home/02.ERP-system/01.sales	dir	/data/data/com.termux/files/home/02.ERP-system/01.sales/020.architecture	/data/data/com.termux/files/home/02.ERP-system/01.sales/020.architecture	exists	directory already exists
/data/data/com.termux/files/home/02.ERP-system/01.sales	index	/data/data/com.termux/files/home/02.ERP-system/01.sales/020.architecture/INDEX.md	/data/data/com.termux/files/home/02.ERP-system/01.sales/020.architecture/INDEX.md	exists	index already exists
/data/data/com.termux/files/home/02.ERP-system/01.sales	overview	/data/data/com.termux/files/home/02.ERP-system/01.sales/020.architecture/OVERVIEW.md	/data/data/com.termux/files/home/02.ERP-system/01.sales/020.architecture/OVERVIEW.md	exists	overview already exists
/data/data/com.termux/files/home/02.ERP-system/01.sales	dir	/data/data/com.termux/files/home/02.ERP-system/01.sales/030.model	/data/data/com.termux/files/home/02.ERP-system/01.sales/030.model	exists	directory already exists
/data/data/com.termux/files/home/02.ERP-system/01.sales	index	/data/data/com.termux/files/home/02.ERP-system/01.sales/030.model/INDEX.md	/data/data/com.termux/files/home/02.ERP-system/01.sales/030.model/INDEX.md	exists	index already exists
/data/data/com.termux/files/home/02.ERP-system/01.sales	overview	/data/data/com.termux/files/home/02.ERP-system/01.sales/030.model/OVERVIEW.md	/data/data/com.termux/files/home/02.ERP-system/01.sales/030.model/OVERVIEW.md	exists	overview already exists
/data/data/com.termux/files/home/02.ERP-system/01.sales	dir	/data/data/com.termux/files/home/02.ERP-system/01.sales/050.flow	/data/data/com.termux/files/home/02.ERP-system/01.sales/050.flow	exists	directory already exists
/data/data/com.termux/files/home/02.ERP-system/01.sales	index	/data/data/com.termux/files/home/02.ERP-system/01.sales/050.flow/INDEX.md	/data/data/com.termux/files/home/02.ERP-system/01.sales/050.flow/INDEX.md	exists	index already exists
/data/data/com.termux/files/home/02.ERP-system/01.sales	overview	/data/data/com.termux/files/home/02.ERP-system/01.sales/050.flow/OVERVIEW.md	/data/data/com.termux/files/home/02.ERP-system/01.sales/050.flow/OVERVIEW.md	exists	overview already exists
/data/data/com.termux/files/home/02.ERP-system/01.sales	dir	/data/data/com.termux/files/home/02.ERP-system/01.sales/060.integration	/data/data/com.termux/files/home/02.ERP-system/01.sales/060.integration	exists	directory already exists
/data/data/com.termux/files/home/02.ERP-system/01.sales	index	/data/data/com.termux/files/home/02.ERP-system/01.sales/060.integration/INDEX.md	/data/data/com.termux/files/home/02.ERP-system/01.sales/060.integration/INDEX.md	exists	index already exists
/data/data/com.termux/files/home/02.ERP-system/01.sales	overview	/data/data/com.termux/files/home/02.ERP-system/01.sales/060.integration/OVERVIEW.md	/data/data/com.termux/files/home/02.ERP-system/01.sales/060.integration/OVERVIEW.md	exists	overview already exists
/data/data/com.termux/files/home/02.ERP-system/01.sales	dir	/data/data/com.termux/files/home/02.ERP-system/01.sales/070.operations	/data/data/com.termux/files/home/02.ERP-system/01.sales/070.operations	exists	directory already exists
/data/data/com.termux/files/home/02.ERP-system/01.sales	index	/data/data/com.termux/files/home/02.ERP-system/01.sales/070.operations/INDEX.md	/data/data/com.termux/files/home/02.ERP-system/01.sales/070.operations/INDEX.md	exists	index already exists
/data/data/com.termux/files/home/02.ERP-system/01.sales	overview	/data/data/com.termux/files/home/02.ERP-system/01.sales/070.operations/OVERVIEW.md	/data/data/com.termux/files/home/02.ERP-system/01.sales/070.operations/OVERVIEW.md	exists	overview already exists
/data/data/com.termux/files/home/02.ERP-system/01.sales	dir	/data/data/com.termux/files/home/02.ERP-system/01.sales/080.policy	/data/data/com.termux/files/home/02.ERP-system/01.sales/080.policy	exists	directory already exists
/data/data/com.termux/files/home/02.ERP-system/01.sales	index	/data/data/com.termux/files/home/02.ERP-system/01.sales/080.policy/INDEX.md	/data/data/com.termux/files/home/02.ERP-system/01.sales/080.policy/INDEX.md	exists	index already exists
/data/data/com.termux/files/home/02.ERP-system/01.sales	overview	/data/data/com.termux/files/home/02.ERP-system/01.sales/080.policy/OVERVIEW.md	/data/data/com.termux/files/home/02.ERP-system/01.sales/080.policy/OVERVIEW.md	exists	overview already exists
/data/data/com.termux/files/home/02.ERP-system/01.sales	dir	/data/data/com.termux/files/home/02.ERP-system/01.sales/100.security	/data/data/com.termux/files/home/02.ERP-system/01.sales/100.security	exists	directory already exists
/data/data/com.termux/files/home/02.ERP-system/01.sales	index	/data/data/com.termux/files/home/02.ERP-system/01.sales/100.security/INDEX.md	/data/data/com.termux/files/home/02.ERP-system/01.sales/100.security/INDEX.md	exists	index already exists
/data/data/com.termux/files/home/02.ERP-system/01.sales	overview	/data/data/com.termux/files/home/02.ERP-system/01.sales/100.security/OVERVIEW.md	/data/data/com.termux/files/home/02.ERP-system/01.sales/100.security/OVERVIEW.md	exists	overview already exists
/data/data/com.termux/files/home/02.ERP-system/01.sales	dir	/data/data/com.termux/files/home/02.ERP-system/01.sales/110.infrastructure	/data/data/com.termux/files/home/02.ERP-system/01.sales/110.infrastructure	exists	directory already exists
/data/data/com.termux/files/home/02.ERP-system/01.sales	index	/data/data/com.termux/files/home/02.ERP-system/01.sales/110.infrastructure/INDEX.md	/data/data/com.termux/files/home/02.ERP-system/01.sales/110.infrastructure/INDEX.md	exists	index already exists
/data/data/com.termux/files/home/02.ERP-system/01.sales	overview	/data/data/com.termux/files/home/02.ERP-system/01.sales/110.infrastructure/OVERVIEW.md	/data/data/com.termux/files/home/02.ERP-system/01.sales/110.infrastructure/OVERVIEW.md	exists	overview already exists
/data/data/com.termux/files/home/02.ERP-system/01.sales	dir	/data/data/com.termux/files/home/02.ERP-system/01.sales/120.implementation	/data/data/com.termux/files/home/02.ERP-system/01.sales/120.implementation	exists	directory already exists
/data/data/com.termux/files/home/02.ERP-system/01.sales	index	/data/data/com.termux/files/home/02.ERP-system/01.sales/120.implementation/INDEX.md	/data/data/com.termux/files/home/02.ERP-system/01.sales/120.implementation/INDEX.md	exists	index already exists
/data/data/com.termux/files/home/02.ERP-system/01.sales	overview	/data/data/com.termux/files/home/02.ERP-system/01.sales/120.implementation/OVERVIEW.md	/data/data/com.termux/files/home/02.ERP-system/01.sales/120.implementation/OVERVIEW.md	exists	overview already exists
/data/data/com.termux/files/home/02.ERP-system/01.sales	dir	/data/data/com.termux/files/home/02.ERP-system/01.sales/130.development	/data/data/com.termux/files/home/02.ERP-system/01.sales/130.development	exists	directory already exists
/data/data/com.termux/files/home/02.ERP-system/01.sales	index	/data/data/com.termux/files/home/02.ERP-system/01.sales/130.development/INDEX.md	/data/data/com.termux/files/home/02.ERP-system/01.sales/130.development/INDEX.md	exists	index already exists
/data/data/com.termux/files/home/02.ERP-system/01.sales	overview	/data/data/com.termux/files/home/02.ERP-system/01.sales/130.development/OVERVIEW.md	/data/data/com.termux/files/home/02.ERP-system/01.sales/130.development/OVERVIEW.md	exists	overview already exists
/data/data/com.termux/files/home/02.ERP-system/01.sales	dir	/data/data/com.termux/files/home/02.ERP-system/01.sales/900.meta	/data/data/com.termux/files/home/02.ERP-system/01.sales/900.meta	exists	directory already exists
/data/data/com.termux/files/home/02.ERP-system/01.sales	index	/data/data/com.termux/files/home/02.ERP-system/01.sales/900.meta/INDEX.md	/data/data/com.termux/files/home/02.ERP-system/01.sales/900.meta/INDEX.md	exists	index already exists
/data/data/com.termux/files/home/02.ERP-system/01.sales	overview	/data/data/com.termux/files/home/02.ERP-system/01.sales/900.meta/OVERVIEW.md	/data/data/com.termux/files/home/02.ERP-system/01.sales/900.meta/OVERVIEW.md	exists	overview already exists
/data/data/com.termux/files/home/02.ERP-system/01.sales	dir	/data/data/com.termux/files/home/02.ERP-system/01.sales/920.meta	/data/data/com.termux/files/home/02.ERP-system/01.sales/920.meta	exists	directory already exists
/data/data/com.termux/files/home/02.ERP-system/01.sales	index	/data/data/com.termux/files/home/02.ERP-system/01.sales/920.meta/INDEX.md	/data/data/com.termux/files/home/02.ERP-system/01.sales/920.meta/INDEX.md	exists	index already exists
/data/data/com.termux/files/home/02.ERP-system/01.sales	overview	/data/data/com.termux/files/home/02.ERP-system/01.sales/920.meta/OVERVIEW.md	/data/data/com.termux/files/home/02.ERP-system/01.sales/920.meta/OVERVIEW.md	exists	overview already exists
/data/data/com.termux/files/home/02.ERP-system/02.sfa	dir	/data/data/com.termux/files/home/02.ERP-system/02.sfa/010.constitution	/data/data/com.termux/files/home/02.ERP-system/02.sfa/010.constitution	exists	directory already exists
/data/data/com.termux/files/home/02.ERP-system/02.sfa	dir	/data/data/com.termux/files/home/02.ERP-system/02.sfa/020.architecture	/data/data/com.termux/files/home/02.ERP-system/02.sfa/020.architecture	exists	directory already exists
/data/data/com.termux/files/home/02.ERP-system/02.sfa	dir	/data/data/com.termux/files/home/02.ERP-system/02.sfa/030.model	/data/data/com.termux/files/home/02.ERP-system/02.sfa/030.model	exists	directory already exists
/data/data/com.termux/files/home/02.ERP-system/02.sfa	dir	/data/data/com.termux/files/home/02.ERP-system/02.sfa/050.flow	/data/data/com.termux/files/home/02.ERP-system/02.sfa/050.flow	exists	directory already exists
/data/data/com.termux/files/home/02.ERP-system/02.sfa	dir	/data/data/com.termux/files/home/02.ERP-system/02.sfa/060.integration	/data/data/com.termux/files/home/02.ERP-system/02.sfa/060.integration	exists	directory already exists
/data/data/com.termux/files/home/02.ERP-system/02.sfa	dir	/data/data/com.termux/files/home/02.ERP-system/02.sfa/070.operations	/data/data/com.termux/files/home/02.ERP-system/02.sfa/070.operations	exists	directory already exists
/data/data/com.termux/files/home/02.ERP-system/02.sfa	dir	/data/data/com.termux/files/home/02.ERP-system/02.sfa/080.policy	/data/data/com.termux/files/home/02.ERP-system/02.sfa/080.policy	exists	directory already exists
/data/data/com.termux/files/home/02.ERP-system/02.sfa	dir	/data/data/com.termux/files/home/02.ERP-system/02.sfa/100.security	/data/data/com.termux/files/home/02.ERP-system/02.sfa/100.security	exists	directory already exists
/data/data/com.termux/files/home/02.ERP-system/02.sfa	dir	/data/data/com.termux/files/home/02.ERP-system/02.sfa/110.infrastructure	/data/data/com.termux/files/home/02.ERP-system/02.sfa/110.infrastructure	exists	directory already exists
/data/data/com.termux/files/home/02.ERP-system/02.sfa	dir	/data/data/com.termux/files/home/02.ERP-system/02.sfa/120.implementation	/data/data/com.termux/files/home/02.ERP-system/02.sfa/120.implementation	exists	directory already exists
/data/data/com.termux/files/home/02.ERP-system/02.sfa	dir	/data/data/com.termux/files/home/02.ERP-system/02.sfa/130.development	/data/data/com.termux/files/home/02.ERP-system/02.sfa/130.development	exists	directory already exists
/data/data/com.termux/files/home/02.ERP-system/02.sfa	dir	/data/data/com.termux/files/home/02.ERP-system/02.sfa/900.meta	/data/data/com.termux/files/home/02.ERP-system/02.sfa/900.meta	exists	directory already exists
/data/data/com.termux/files/home/02.ERP-system/02.sfa	dir	/data/data/com.termux/files/home/02.ERP-system/02.sfa/920.meta	/data/data/com.termux/files/home/02.ERP-system/02.sfa/920.meta	exists	directory already exists
/data/data/com.termux/files/home/02.ERP-system/02.sfa	index	/data/data/com.termux/files/home/02.ERP-system/02.sfa/INDEX.md	/data/data/com.termux/files/home/02.ERP-system/02.sfa/INDEX.md	exists	index already exists
/data/data/com.termux/files/home/02.ERP-system/02.sfa	overview	/data/data/com.termux/files/home/02.ERP-system/02.sfa/OVERVIEW.md	/data/data/com.termux/files/home/02.ERP-system/02.sfa/OVERVIEW.md	exists	overview already exists
/data/data/com.termux/files/home/02.ERP-system/02.sfa	dir	/data/data/com.termux/files/home/02.ERP-system/02.sfa/010.constitution	/data/data/com.termux/files/home/02.ERP-system/02.sfa/010.constitution	exists	directory already exists
/data/data/com.termux/files/home/02.ERP-system/02.sfa	index	/data/data/com.termux/files/home/02.ERP-system/02.sfa/010.constitution/INDEX.md	/data/data/com.termux/files/home/02.ERP-system/02.sfa/010.constitution/INDEX.md	exists	index already exists
/data/data/com.termux/files/home/02.ERP-system/02.sfa	overview	/data/data/com.termux/files/home/02.ERP-system/02.sfa/010.constitution/OVERVIEW.md	/data/data/com.termux/files/home/02.ERP-system/02.sfa/010.constitution/OVERVIEW.md	exists	overview already exists
/data/data/com.termux/files/home/02.ERP-system/02.sfa	dir	/data/data/com.termux/files/home/02.ERP-system/02.sfa/020.architecture	/data/data/com.termux/files/home/02.ERP-system/02.sfa/020.architecture	exists	directory already exists
/data/data/com.termux/files/home/02.ERP-system/02.sfa	index	/data/data/com.termux/files/home/02.ERP-system/02.sfa/020.architecture/INDEX.md	/data/data/com.termux/files/home/02.ERP-system/02.sfa/020.architecture/INDEX.md	exists	index already exists
/data/data/com.termux/files/home/02.ERP-system/02.sfa	overview	/data/data/com.termux/files/home/02.ERP-system/02.sfa/020.architecture/OVERVIEW.md	/data/data/com.termux/files/home/02.ERP-system/02.sfa/020.architecture/OVERVIEW.md	exists	overview already exists
/data/data/com.termux/files/home/02.ERP-system/02.sfa	dir	/data/data/com.termux/files/home/02.ERP-system/02.sfa/030.model	/data/data/com.termux/files/home/02.ERP-system/02.sfa/030.model	exists	directory already exists
/data/data/com.termux/files/home/02.ERP-system/02.sfa	index	/data/data/com.termux/files/home/02.ERP-system/02.sfa/030.model/INDEX.md	/data/data/com.termux/files/home/02.ERP-system/02.sfa/030.model/INDEX.md	exists	index already exists
/data/data/com.termux/files/home/02.ERP-system/02.sfa	overview	/data/data/com.termux/files/home/02.ERP-system/02.sfa/030.model/OVERVIEW.md	/data/data/com.termux/files/home/02.ERP-system/02.sfa/030.model/OVERVIEW.md	exists	overview already exists
/data/data/com.termux/files/home/02.ERP-system/02.sfa	dir	/data/data/com.termux/files/home/02.ERP-system/02.sfa/050.flow	/data/data/com.termux/files/home/02.ERP-system/02.sfa/050.flow	exists	directory already exists
/data/data/com.termux/files/home/02.ERP-system/02.sfa	index	/data/data/com.termux/files/home/02.ERP-system/02.sfa/050.flow/INDEX.md	/data/data/com.termux/files/home/02.ERP-system/02.sfa/050.flow/INDEX.md	exists	index already exists
/data/data/com.termux/files/home/02.ERP-system/02.sfa	overview	/data/data/com.termux/files/home/02.ERP-system/02.sfa/050.flow/OVERVIEW.md	/data/data/com.termux/files/home/02.ERP-system/02.sfa/050.flow/OVERVIEW.md	exists	overview already exists
/data/data/com.termux/files/home/02.ERP-system/02.sfa	dir	/data/data/com.termux/files/home/02.ERP-system/02.sfa/060.integration	/data/data/com.termux/files/home/02.ERP-system/02.sfa/060.integration	exists	directory already exists
/data/data/com.termux/files/home/02.ERP-system/02.sfa	index	/data/data/com.termux/files/home/02.ERP-system/02.sfa/060.integration/INDEX.md	/data/data/com.termux/files/home/02.ERP-system/02.sfa/060.integration/INDEX.md	exists	index already exists
/data/data/com.termux/files/home/02.ERP-system/02.sfa	overview	/data/data/com.termux/files/home/02.ERP-system/02.sfa/060.integration/OVERVIEW.md	/data/data/com.termux/files/home/02.ERP-system/02.sfa/060.integration/OVERVIEW.md	exists	overview already exists
/data/data/com.termux/files/home/02.ERP-system/02.sfa	dir	/data/data/com.termux/files/home/02.ERP-system/02.sfa/070.operations	/data/data/com.termux/files/home/02.ERP-system/02.sfa/070.operations	exists	directory already exists
/data/data/com.termux/files/home/02.ERP-system/02.sfa	index	/data/data/com.termux/files/home/02.ERP-system/02.sfa/070.operations/INDEX.md	/data/data/com.termux/files/home/02.ERP-system/02.sfa/070.operations/INDEX.md	exists	index already exists
/data/data/com.termux/files/home/02.ERP-system/02.sfa	overview	/data/data/com.termux/files/home/02.ERP-system/02.sfa/070.operations/OVERVIEW.md	/data/data/com.termux/files/home/02.ERP-system/02.sfa/070.operations/OVERVIEW.md	exists	overview already exists
/data/data/com.termux/files/home/02.ERP-system/02.sfa	dir	/data/data/com.termux/files/home/02.ERP-system/02.sfa/080.policy	/data/data/com.termux/files/home/02.ERP-system/02.sfa/080.policy	exists	directory already exists
/data/data/com.termux/files/home/02.ERP-system/02.sfa	index	/data/data/com.termux/files/home/02.ERP-system/02.sfa/080.policy/INDEX.md	/data/data/com.termux/files/home/02.ERP-system/02.sfa/080.policy/INDEX.md	exists	index already exists
/data/data/com.termux/files/home/02.ERP-system/02.sfa	overview	/data/data/com.termux/files/home/02.ERP-system/02.sfa/080.policy/OVERVIEW.md	/data/data/com.termux/files/home/02.ERP-system/02.sfa/080.policy/OVERVIEW.md	exists	overview already exists
/data/data/com.termux/files/home/02.ERP-system/02.sfa	dir	/data/data/com.termux/files/home/02.ERP-system/02.sfa/100.security	/data/data/com.termux/files/home/02.ERP-system/02.sfa/100.security	exists	directory already exists
/data/data/com.termux/files/home/02.ERP-system/02.sfa	index	/data/data/com.termux/files/home/02.ERP-system/02.sfa/100.security/INDEX.md	/data/data/com.termux/files/home/02.ERP-system/02.sfa/100.security/INDEX.md	exists	index already exists
/data/data/com.termux/files/home/02.ERP-system/02.sfa	overview	/data/data/com.termux/files/home/02.ERP-system/02.sfa/100.security/OVERVIEW.md	/data/data/com.termux/files/home/02.ERP-system/02.sfa/100.security/OVERVIEW.md	exists	overview already exists
/data/data/com.termux/files/home/02.ERP-system/02.sfa	dir	/data/data/com.termux/files/home/02.ERP-system/02.sfa/110.infrastructure	/data/data/com.termux/files/home/02.ERP-system/02.sfa/110.infrastructure	exists	directory already exists
/data/data/com.termux/files/home/02.ERP-system/02.sfa	index	/data/data/com.termux/files/home/02.ERP-system/02.sfa/110.infrastructure/INDEX.md	/data/data/com.termux/files/home/02.ERP-system/02.sfa/110.infrastructure/INDEX.md	exists	index already exists
/data/data/com.termux/files/home/02.ERP-system/02.sfa	overview	/data/data/com.termux/files/home/02.ERP-system/02.sfa/110.infrastructure/OVERVIEW.md	/data/data/com.termux/files/home/02.ERP-system/02.sfa/110.infrastructure/OVERVIEW.md	exists	overview already exists
/data/data/com.termux/files/home/02.ERP-system/02.sfa	dir	/data/data/com.termux/files/home/02.ERP-system/02.sfa/120.implementation	/data/data/com.termux/files/home/02.ERP-system/02.sfa/120.implementation	exists	directory already exists
/data/data/com.termux/files/home/02.ERP-system/02.sfa	index	/data/data/com.termux/files/home/02.ERP-system/02.sfa/120.implementation/INDEX.md	/data/data/com.termux/files/home/02.ERP-system/02.sfa/120.implementation/INDEX.md	exists	index already exists
/data/data/com.termux/files/home/02.ERP-system/02.sfa	overview	/data/data/com.termux/files/home/02.ERP-system/02.sfa/120.implementation/OVERVIEW.md	/data/data/com.termux/files/home/02.ERP-system/02.sfa/120.implementation/OVERVIEW.md	exists	overview already exists
/data/data/com.termux/files/home/02.ERP-system/02.sfa	dir	/data/data/com.termux/files/home/02.ERP-system/02.sfa/130.development	/data/data/com.termux/files/home/02.ERP-system/02.sfa/130.development	exists	directory already exists
/data/data/com.termux/files/home/02.ERP-system/02.sfa	index	/data/data/com.termux/files/home/02.ERP-system/02.sfa/130.development/INDEX.md	/data/data/com.termux/files/home/02.ERP-system/02.sfa/130.development/INDEX.md	exists	index already exists
/data/data/com.termux/files/home/02.ERP-system/02.sfa	overview	/data/data/com.termux/files/home/02.ERP-system/02.sfa/130.development/OVERVIEW.md	/data/data/com.termux/files/home/02.ERP-system/02.sfa/130.development/OVERVIEW.md	exists	overview already exists
/data/data/com.termux/files/home/02.ERP-system/02.sfa	dir	/data/data/com.termux/files/home/02.ERP-system/02.sfa/900.meta	/data/data/com.termux/files/home/02.ERP-system/02.sfa/900.meta	exists	directory already exists
/data/data/com.termux/files/home/02.ERP-system/02.sfa	index	/data/data/com.termux/files/home/02.ERP-system/02.sfa/900.meta/INDEX.md	/data/data/com.termux/files/home/02.ERP-system/02.sfa/900.meta/INDEX.md	exists	index already exists
/data/data/com.termux/files/home/02.ERP-system/02.sfa	overview	/data/data/com.termux/files/home/02.ERP-system/02.sfa/900.meta/OVERVIEW.md	/data/data/com.termux/files/home/02.ERP-system/02.sfa/900.meta/OVERVIEW.md	exists	overview already exists
/data/data/com.termux/files/home/02.ERP-system/02.sfa	dir	/data/data/com.termux/files/home/02.ERP-system/02.sfa/920.meta	/data/data/com.termux/files/home/02.ERP-system/02.sfa/920.meta	exists	directory already exists
/data/data/com.termux/files/home/02.ERP-system/02.sfa	index	/data/data/com.termux/files/home/02.ERP-system/02.sfa/920.meta/INDEX.md	/data/data/com.termux/files/home/02.ERP-system/02.sfa/920.meta/INDEX.md	exists	index already exists
/data/data/com.termux/files/home/02.ERP-system/02.sfa	overview	/data/data/com.termux/files/home/02.ERP-system/02.sfa/920.meta/OVERVIEW.md	/data/data/com.termux/files/home/02.ERP-system/02.sfa/920.meta/OVERVIEW.md	exists	overview already exists
/data/data/com.termux/files/home/02.ERP-system/03.crm	dir	/data/data/com.termux/files/home/02.ERP-system/03.crm/010.constitution	/data/data/com.termux/files/home/02.ERP-system/03.crm/010.constitution	exists	directory already exists
/data/data/com.termux/files/home/02.ERP-system/03.crm	dir	/data/data/com.termux/files/home/02.ERP-system/03.crm/020.architecture	/data/data/com.termux/files/home/02.ERP-system/03.crm/020.architecture	exists	directory already exists
/data/data/com.termux/files/home/02.ERP-system/03.crm	dir	/data/data/com.termux/files/home/02.ERP-system/03.crm/030.model	/data/data/com.termux/files/home/02.ERP-system/03.crm/030.model	exists	directory already exists
/data/data/com.termux/files/home/02.ERP-system/03.crm	dir	/data/data/com.termux/files/home/02.ERP-system/03.crm/050.flow	/data/data/com.termux/files/home/02.ERP-system/03.crm/050.flow	exists	directory already exists
/data/data/com.termux/files/home/02.ERP-system/03.crm	dir	/data/data/com.termux/files/home/02.ERP-system/03.crm/060.integration	/data/data/com.termux/files/home/02.ERP-system/03.crm/060.integration	exists	directory already exists
/data/data/com.termux/files/home/02.ERP-system/03.crm	dir	/data/data/com.termux/files/home/02.ERP-system/03.crm/070.operations	/data/data/com.termux/files/home/02.ERP-system/03.crm/070.operations	exists	directory already exists
/data/data/com.termux/files/home/02.ERP-system/03.crm	dir	/data/data/com.termux/files/home/02.ERP-system/03.crm/080.policy	/data/data/com.termux/files/home/02.ERP-system/03.crm/080.policy	exists	directory already exists
/data/data/com.termux/files/home/02.ERP-system/03.crm	dir	/data/data/com.termux/files/home/02.ERP-system/03.crm/100.security	/data/data/com.termux/files/home/02.ERP-system/03.crm/100.security	exists	directory already exists
/data/data/com.termux/files/home/02.ERP-system/03.crm	dir	/data/data/com.termux/files/home/02.ERP-system/03.crm/110.infrastructure	/data/data/com.termux/files/home/02.ERP-system/03.crm/110.infrastructure	exists	directory already exists
/data/data/com.termux/files/home/02.ERP-system/03.crm	dir	/data/data/com.termux/files/home/02.ERP-system/03.crm/120.implementation	/data/data/com.termux/files/home/02.ERP-system/03.crm/120.implementation	exists	directory already exists
/data/data/com.termux/files/home/02.ERP-system/03.crm	dir	/data/data/com.termux/files/home/02.ERP-system/03.crm/130.development	/data/data/com.termux/files/home/02.ERP-system/03.crm/130.development	exists	directory already exists
/data/data/com.termux/files/home/02.ERP-system/03.crm	dir	/data/data/com.termux/files/home/02.ERP-system/03.crm/900.meta	/data/data/com.termux/files/home/02.ERP-system/03.crm/900.meta	exists	directory already exists
/data/data/com.termux/files/home/02.ERP-system/03.crm	dir	/data/data/com.termux/files/home/02.ERP-system/03.crm/920.meta	/data/data/com.termux/files/home/02.ERP-system/03.crm/920.meta	exists	directory already exists
/data/data/com.termux/files/home/02.ERP-system/03.crm	index	/data/data/com.termux/files/home/02.ERP-system/03.crm/INDEX.md	/data/data/com.termux/files/home/02.ERP-system/03.crm/INDEX.md	exists	index already exists
/data/data/com.termux/files/home/02.ERP-system/03.crm	overview	/data/data/com.termux/files/home/02.ERP-system/03.crm/OVERVIEW.md	/data/data/com.termux/files/home/02.ERP-system/03.crm/OVERVIEW.md	exists	overview already exists
/data/data/com.termux/files/home/02.ERP-system/03.crm	dir	/data/data/com.termux/files/home/02.ERP-system/03.crm/010.constitution	/data/data/com.termux/files/home/02.ERP-system/03.crm/010.constitution	exists	directory already exists
/data/data/com.termux/files/home/02.ERP-system/03.crm	index	/data/data/com.termux/files/home/02.ERP-system/03.crm/010.constitution/INDEX.md	/data/data/com.termux/files/home/02.ERP-system/03.crm/010.constitution/INDEX.md	exists	index already exists
/data/data/com.termux/files/home/02.ERP-system/03.crm	overview	/data/data/com.termux/files/home/02.ERP-system/03.crm/010.constitution/OVERVIEW.md	/data/data/com.termux/files/home/02.ERP-system/03.crm/010.constitution/OVERVIEW.md	exists	overview already exists
/data/data/com.termux/files/home/02.ERP-system/03.crm	dir	/data/data/com.termux/files/home/02.ERP-system/03.crm/020.architecture	/data/data/com.termux/files/home/02.ERP-system/03.crm/020.architecture	exists	directory already exists
/data/data/com.termux/files/home/02.ERP-system/03.crm	index	/data/data/com.termux/files/home/02.ERP-system/03.crm/020.architecture/INDEX.md	/data/data/com.termux/files/home/02.ERP-system/03.crm/020.architecture/INDEX.md	exists	index already exists
/data/data/com.termux/files/home/02.ERP-system/03.crm	overview	/data/data/com.termux/files/home/02.ERP-system/03.crm/020.architecture/OVERVIEW.md	/data/data/com.termux/files/home/02.ERP-system/03.crm/020.architecture/OVERVIEW.md	exists	overview already exists
/data/data/com.termux/files/home/02.ERP-system/03.crm	dir	/data/data/com.termux/files/home/02.ERP-system/03.crm/030.model	/data/data/com.termux/files/home/02.ERP-system/03.crm/030.model	exists	directory already exists
/data/data/com.termux/files/home/02.ERP-system/03.crm	index	/data/data/com.termux/files/home/02.ERP-system/03.crm/030.model/INDEX.md	/data/data/com.termux/files/home/02.ERP-system/03.crm/030.model/INDEX.md	exists	index already exists
/data/data/com.termux/files/home/02.ERP-system/03.crm	overview	/data/data/com.termux/files/home/02.ERP-system/03.crm/030.model/OVERVIEW.md	/data/data/com.termux/files/home/02.ERP-system/03.crm/030.model/OVERVIEW.md	exists	overview already exists
/data/data/com.termux/files/home/02.ERP-system/03.crm	dir	/data/data/com.termux/files/home/02.ERP-system/03.crm/050.flow	/data/data/com.termux/files/home/02.ERP-system/03.crm/050.flow	exists	directory already exists
/data/data/com.termux/files/home/02.ERP-system/03.crm	index	/data/data/com.termux/files/home/02.ERP-system/03.crm/050.flow/INDEX.md	/data/data/com.termux/files/home/02.ERP-system/03.crm/050.flow/INDEX.md	exists	index already exists
/data/data/com.termux/files/home/02.ERP-system/03.crm	overview	/data/data/com.termux/files/home/02.ERP-system/03.crm/050.flow/OVERVIEW.md	/data/data/com.termux/files/home/02.ERP-system/03.crm/050.flow/OVERVIEW.md	exists	overview already exists
/data/data/com.termux/files/home/02.ERP-system/03.crm	dir	/data/data/com.termux/files/home/02.ERP-system/03.crm/060.integration	/data/data/com.termux/files/home/02.ERP-system/03.crm/060.integration	exists	directory already exists
/data/data/com.termux/files/home/02.ERP-system/03.crm	index	/data/data/com.termux/files/home/02.ERP-system/03.crm/060.integration/INDEX.md	/data/data/com.termux/files/home/02.ERP-system/03.crm/060.integration/INDEX.md	exists	index already exists
/data/data/com.termux/files/home/02.ERP-system/03.crm	overview	/data/data/com.termux/files/home/02.ERP-system/03.crm/060.integration/OVERVIEW.md	/data/data/com.termux/files/home/02.ERP-system/03.crm/060.integration/OVERVIEW.md	exists	overview already exists
/data/data/com.termux/files/home/02.ERP-system/03.crm	dir	/data/data/com.termux/files/home/02.ERP-system/03.crm/070.operations	/data/data/com.termux/files/home/02.ERP-system/03.crm/070.operations	exists	directory already exists
/data/data/com.termux/files/home/02.ERP-system/03.crm	index	/data/data/com.termux/files/home/02.ERP-system/03.crm/070.operations/INDEX.md	/data/data/com.termux/files/home/02.ERP-system/03.crm/070.operations/INDEX.md	exists	index already exists
/data/data/com.termux/files/home/02.ERP-system/03.crm	overview	/data/data/com.termux/files/home/02.ERP-system/03.crm/070.operations/OVERVIEW.md	/data/data/com.termux/files/home/02.ERP-system/03.crm/070.operations/OVERVIEW.md	exists	overview already exists
/data/data/com.termux/files/home/02.ERP-system/03.crm	dir	/data/data/com.termux/files/home/02.ERP-system/03.crm/080.policy	/data/data/com.termux/files/home/02.ERP-system/03.crm/080.policy	exists	directory already exists
/data/data/com.termux/files/home/02.ERP-system/03.crm	index	/data/data/com.termux/files/home/02.ERP-system/03.crm/080.policy/INDEX.md	/data/data/com.termux/files/home/02.ERP-system/03.crm/080.policy/INDEX.md	exists	index already exists
/data/data/com.termux/files/home/02.ERP-system/03.crm	overview	/data/data/com.termux/files/home/02.ERP-system/03.crm/080.policy/OVERVIEW.md	/data/data/com.termux/files/home/02.ERP-system/03.crm/080.policy/OVERVIEW.md	exists	overview already exists
/data/data/com.termux/files/home/02.ERP-system/03.crm	dir	/data/data/com.termux/files/home/02.ERP-system/03.crm/100.security	/data/data/com.termux/files/home/02.ERP-system/03.crm/100.security	exists	directory already exists
/data/data/com.termux/files/home/02.ERP-system/03.crm	index	/data/data/com.termux/files/home/02.ERP-system/03.crm/100.security/INDEX.md	/data/data/com.termux/files/home/02.ERP-system/03.crm/100.security/INDEX.md	exists	index already exists
/data/data/com.termux/files/home/02.ERP-system/03.crm	overview	/data/data/com.termux/files/home/02.ERP-system/03.crm/100.security/OVERVIEW.md	/data/data/com.termux/files/home/02.ERP-system/03.crm/100.security/OVERVIEW.md	exists	overview already exists
/data/data/com.termux/files/home/02.ERP-system/03.crm	dir	/data/data/com.termux/files/home/02.ERP-system/03.crm/110.infrastructure	/data/data/com.termux/files/home/02.ERP-system/03.crm/110.infrastructure	exists	directory already exists
/data/data/com.termux/files/home/02.ERP-system/03.crm	index	/data/data/com.termux/files/home/02.ERP-system/03.crm/110.infrastructure/INDEX.md	/data/data/com.termux/files/home/02.ERP-system/03.crm/110.infrastructure/INDEX.md	exists	index already exists
/data/data/com.termux/files/home/02.ERP-system/03.crm	overview	/data/data/com.termux/files/home/02.ERP-system/03.crm/110.infrastructure/OVERVIEW.md	/data/data/com.termux/files/home/02.ERP-system/03.crm/110.infrastructure/OVERVIEW.md	exists	overview already exists
/data/data/com.termux/files/home/02.ERP-system/03.crm	dir	/data/data/com.termux/files/home/02.ERP-system/03.crm/120.implementation	/data/data/com.termux/files/home/02.ERP-system/03.crm/120.implementation	exists	directory already exists
/data/data/com.termux/files/home/02.ERP-system/03.crm	index	/data/data/com.termux/files/home/02.ERP-system/03.crm/120.implementation/INDEX.md	/data/data/com.termux/files/home/02.ERP-system/03.crm/120.implementation/INDEX.md	exists	index already exists
/data/data/com.termux/files/home/02.ERP-system/03.crm	overview	/data/data/com.termux/files/home/02.ERP-system/03.crm/120.implementation/OVERVIEW.md	/data/data/com.termux/files/home/02.ERP-system/03.crm/120.implementation/OVERVIEW.md	exists	overview already exists
/data/data/com.termux/files/home/02.ERP-system/03.crm	dir	/data/data/com.termux/files/home/02.ERP-system/03.crm/130.development	/data/data/com.termux/files/home/02.ERP-system/03.crm/130.development	exists	directory already exists
/data/data/com.termux/files/home/02.ERP-system/03.crm	index	/data/data/com.termux/files/home/02.ERP-system/03.crm/130.development/INDEX.md	/data/data/com.termux/files/home/02.ERP-system/03.crm/130.development/INDEX.md	exists	index already exists
/data/data/com.termux/files/home/02.ERP-system/03.crm	overview	/data/data/com.termux/files/home/02.ERP-system/03.crm/130.development/OVERVIEW.md	/data/data/com.termux/files/home/02.ERP-system/03.crm/130.development/OVERVIEW.md	exists	overview already exists
/data/data/com.termux/files/home/02.ERP-system/03.crm	dir	/data/data/com.termux/files/home/02.ERP-system/03.crm/900.meta	/data/data/com.termux/files/home/02.ERP-system/03.crm/900.meta	exists	directory already exists
/data/data/com.termux/files/home/02.ERP-system/03.crm	index	/data/data/com.termux/files/home/02.ERP-system/03.crm/900.meta/INDEX.md	/data/data/com.termux/files/home/02.ERP-system/03.crm/900.meta/INDEX.md	exists	index already exists
/data/data/com.termux/files/home/02.ERP-system/03.crm	overview	/data/data/com.termux/files/home/02.ERP-system/03.crm/900.meta/OVERVIEW.md	/data/data/com.termux/files/home/02.ERP-system/03.crm/900.meta/OVERVIEW.md	exists	overview already exists
/data/data/com.termux/files/home/02.ERP-system/03.crm	dir	/data/data/com.termux/files/home/02.ERP-system/03.crm/920.meta	/data/data/com.termux/files/home/02.ERP-system/03.crm/920.meta	exists	directory already exists
/data/data/com.termux/files/home/02.ERP-system/03.crm	index	/data/data/com.termux/files/home/02.ERP-system/03.crm/920.meta/INDEX.md	/data/data/com.termux/files/home/02.ERP-system/03.crm/920.meta/INDEX.md	exists	index already exists
/data/data/com.termux/files/home/02.ERP-system/03.crm	overview	/data/data/com.termux/files/home/02.ERP-system/03.crm/920.meta/OVERVIEW.md	/data/data/com.termux/files/home/02.ERP-system/03.crm/920.meta/OVERVIEW.md	exists	overview already exists
/data/data/com.termux/files/home/02.ERP-system/04.order-management	dir	/data/data/com.termux/files/home/02.ERP-system/04.order-management/010.constitution	/data/data/com.termux/files/home/02.ERP-system/04.order-management/010.constitution	exists	directory already exists
/data/data/com.termux/files/home/02.ERP-system/04.order-management	dir	/data/data/com.termux/files/home/02.ERP-system/04.order-management/020.architecture	/data/data/com.termux/files/home/02.ERP-system/04.order-management/020.architecture	exists	directory already exists
/data/data/com.termux/files/home/02.ERP-system/04.order-management	dir	/data/data/com.termux/files/home/02.ERP-system/04.order-management/030.model	/data/data/com.termux/files/home/02.ERP-system/04.order-management/030.model	exists	directory already exists
/data/data/com.termux/files/home/02.ERP-system/04.order-management	dir	/data/data/com.termux/files/home/02.ERP-system/04.order-management/050.flow	/data/data/com.termux/files/home/02.ERP-system/04.order-management/050.flow	exists	directory already exists
/data/data/com.termux/files/home/02.ERP-system/04.order-management	dir	/data/data/com.termux/files/home/02.ERP-system/04.order-management/060.integration	/data/data/com.termux/files/home/02.ERP-system/04.order-management/060.integration	exists	directory already exists
/data/data/com.termux/files/home/02.ERP-system/04.order-management	dir	/data/data/com.termux/files/home/02.ERP-system/04.order-management/070.operations	/data/data/com.termux/files/home/02.ERP-system/04.order-management/070.operations	exists	directory already exists
/data/data/com.termux/files/home/02.ERP-system/04.order-management	dir	/data/data/com.termux/files/home/02.ERP-system/04.order-management/080.policy	/data/data/com.termux/files/home/02.ERP-system/04.order-management/080.policy	exists	directory already exists
/data/data/com.termux/files/home/02.ERP-system/04.order-management	dir	/data/data/com.termux/files/home/02.ERP-system/04.order-management/100.security	/data/data/com.termux/files/home/02.ERP-system/04.order-management/100.security	exists	directory already exists
/data/data/com.termux/files/home/02.ERP-system/04.order-management	dir	/data/data/com.termux/files/home/02.ERP-system/04.order-management/110.infrastructure	/data/data/com.termux/files/home/02.ERP-system/04.order-management/110.infrastructure	exists	directory already exists
/data/data/com.termux/files/home/02.ERP-system/04.order-management	dir	/data/data/com.termux/files/home/02.ERP-system/04.order-management/120.implementation	/data/data/com.termux/files/home/02.ERP-system/04.order-management/120.implementation	exists	directory already exists
/data/data/com.termux/files/home/02.ERP-system/04.order-management	dir	/data/data/com.termux/files/home/02.ERP-system/04.order-management/130.development	/data/data/com.termux/files/home/02.ERP-system/04.order-management/130.development	exists	directory already exists
/data/data/com.termux/files/home/02.ERP-system/04.order-management	dir	/data/data/com.termux/files/home/02.ERP-system/04.order-management/900.meta	/data/data/com.termux/files/home/02.ERP-system/04.order-management/900.meta	exists	directory already exists
/data/data/com.termux/files/home/02.ERP-system/04.order-management	dir	/data/data/com.termux/files/home/02.ERP-system/04.order-management/920.meta	/data/data/com.termux/files/home/02.ERP-system/04.order-management/920.meta	exists	directory already exists
/data/data/com.termux/files/home/02.ERP-system/04.order-management	index	/data/data/com.termux/files/home/02.ERP-system/04.order-management/INDEX.md	/data/data/com.termux/files/home/02.ERP-system/04.order-management/INDEX.md	exists	index already exists
/data/data/com.termux/files/home/02.ERP-system/04.order-management	overview	/data/data/com.termux/files/home/02.ERP-system/04.order-management/OVERVIEW.md	/data/data/com.termux/files/home/02.ERP-system/04.order-management/OVERVIEW.md	exists	overview already exists
/data/data/com.termux/files/home/02.ERP-system/04.order-management	dir	/data/data/com.termux/files/home/02.ERP-system/04.order-management/010.constitution	/data/data/com.termux/files/home/02.ERP-system/04.order-management/010.constitution	exists	directory already exists
/data/data/com.termux/files/home/02.ERP-system/04.order-management	index	/data/data/com.termux/files/home/02.ERP-system/04.order-management/010.constitution/INDEX.md	/data/data/com.termux/files/home/02.ERP-system/04.order-management/010.constitution/INDEX.md	exists	index already exists
/data/data/com.termux/files/home/02.ERP-system/04.order-management	overview	/data/data/com.termux/files/home/02.ERP-system/04.order-management/010.constitution/OVERVIEW.md	/data/data/com.termux/files/home/02.ERP-system/04.order-management/010.constitution/OVERVIEW.md	exists	overview already exists
/data/data/com.termux/files/home/02.ERP-system/04.order-management	dir	/data/data/com.termux/files/home/02.ERP-system/04.order-management/020.architecture	/data/data/com.termux/files/home/02.ERP-system/04.order-management/020.architecture	exists	directory already exists
/data/data/com.termux/files/home/02.ERP-system/04.order-management	index	/data/data/com.termux/files/home/02.ERP-system/04.order-management/020.architecture/INDEX.md	/data/data/com.termux/files/home/02.ERP-system/04.order-management/020.architecture/INDEX.md	exists	index already exists
/data/data/com.termux/files/home/02.ERP-system/04.order-management	overview	/data/data/com.termux/files/home/02.ERP-system/04.order-management/020.architecture/OVERVIEW.md	/data/data/com.termux/files/home/02.ERP-system/04.order-management/020.architecture/OVERVIEW.md	exists	overview already exists
/data/data/com.termux/files/home/02.ERP-system/04.order-management	dir	/data/data/com.termux/files/home/02.ERP-system/04.order-management/030.model	/data/data/com.termux/files/home/02.ERP-system/04.order-management/030.model	exists	directory already exists
/data/data/com.termux/files/home/02.ERP-system/04.order-management	index	/data/data/com.termux/files/home/02.ERP-system/04.order-management/030.model/INDEX.md	/data/data/com.termux/files/home/02.ERP-system/04.order-management/030.model/INDEX.md	exists	index already exists
/data/data/com.termux/files/home/02.ERP-system/04.order-management	overview	/data/data/com.termux/files/home/02.ERP-system/04.order-management/030.model/OVERVIEW.md	/data/data/com.termux/files/home/02.ERP-system/04.order-management/030.model/OVERVIEW.md	exists	overview already exists
/data/data/com.termux/files/home/02.ERP-system/04.order-management	dir	/data/data/com.termux/files/home/02.ERP-system/04.order-management/050.flow	/data/data/com.termux/files/home/02.ERP-system/04.order-management/050.flow	exists	directory already exists
/data/data/com.termux/files/home/02.ERP-system/04.order-management	index	/data/data/com.termux/files/home/02.ERP-system/04.order-management/050.flow/INDEX.md	/data/data/com.termux/files/home/02.ERP-system/04.order-management/050.flow/INDEX.md	exists	index already exists
/data/data/com.termux/files/home/02.ERP-system/04.order-management	overview	/data/data/com.termux/files/home/02.ERP-system/04.order-management/050.flow/OVERVIEW.md	/data/data/com.termux/files/home/02.ERP-system/04.order-management/050.flow/OVERVIEW.md	exists	overview already exists
/data/data/com.termux/files/home/02.ERP-system/04.order-management	dir	/data/data/com.termux/files/home/02.ERP-system/04.order-management/060.integration	/data/data/com.termux/files/home/02.ERP-system/04.order-management/060.integration	exists	directory already exists
/data/data/com.termux/files/home/02.ERP-system/04.order-management	index	/data/data/com.termux/files/home/02.ERP-system/04.order-management/060.integration/INDEX.md	/data/data/com.termux/files/home/02.ERP-system/04.order-management/060.integration/INDEX.md	exists	index already exists
/data/data/com.termux/files/home/02.ERP-system/04.order-management	overview	/data/data/com.termux/files/home/02.ERP-system/04.order-management/060.integration/OVERVIEW.md	/data/data/com.termux/files/home/02.ERP-system/04.order-management/060.integration/OVERVIEW.md	exists	overview already exists
/data/data/com.termux/files/home/02.ERP-system/04.order-management	dir	/data/data/com.termux/files/home/02.ERP-system/04.order-management/070.operations	/data/data/com.termux/files/home/02.ERP-system/04.order-management/070.operations	exists	directory already exists
/data/data/com.termux/files/home/02.ERP-system/04.order-management	index	/data/data/com.termux/files/home/02.ERP-system/04.order-management/070.operations/INDEX.md	/data/data/com.termux/files/home/02.ERP-system/04.order-management/070.operations/INDEX.md	exists	index already exists
/data/data/com.termux/files/home/02.ERP-system/04.order-management	overview	/data/data/com.termux/files/home/02.ERP-system/04.order-management/070.operations/OVERVIEW.md	/data/data/com.termux/files/home/02.ERP-system/04.order-management/070.operations/OVERVIEW.md	exists	overview already exists
/data/data/com.termux/files/home/02.ERP-system/04.order-management	dir	/data/data/com.termux/files/home/02.ERP-system/04.order-management/080.policy	/data/data/com.termux/files/home/02.ERP-system/04.order-management/080.policy	exists	directory already exists
/data/data/com.termux/files/home/02.ERP-system/04.order-management	index	/data/data/com.termux/files/home/02.ERP-system/04.order-management/080.policy/INDEX.md	/data/data/com.termux/files/home/02.ERP-system/04.order-management/080.policy/INDEX.md	exists	index already exists
/data/data/com.termux/files/home/02.ERP-system/04.order-management	overview	/data/data/com.termux/files/home/02.ERP-system/04.order-management/080.policy/OVERVIEW.md	/data/data/com.termux/files/home/02.ERP-system/04.order-management/080.policy/OVERVIEW.md	exists	overview already exists
/data/data/com.termux/files/home/02.ERP-system/04.order-management	dir	/data/data/com.termux/files/home/02.ERP-system/04.order-management/100.security	/data/data/com.termux/files/home/02.ERP-system/04.order-management/100.security	exists	directory already exists
/data/data/com.termux/files/home/02.ERP-system/04.order-management	index	/data/data/com.termux/files/home/02.ERP-system/04.order-management/100.security/INDEX.md	/data/data/com.termux/files/home/02.ERP-system/04.order-management/100.security/INDEX.md	exists	index already exists
/data/data/com.termux/files/home/02.ERP-system/04.order-management	overview	/data/data/com.termux/files/home/02.ERP-system/04.order-management/100.security/OVERVIEW.md	/data/data/com.termux/files/home/02.ERP-system/04.order-management/100.security/OVERVIEW.md	exists	overview already exists
/data/data/com.termux/files/home/02.ERP-system/04.order-management	dir	/data/data/com.termux/files/home/02.ERP-system/04.order-management/110.infrastructure	/data/data/com.termux/files/home/02.ERP-system/04.order-management/110.infrastructure	exists	directory already exists
/data/data/com.termux/files/home/02.ERP-system/04.order-management	index	/data/data/com.termux/files/home/02.ERP-system/04.order-management/110.infrastructure/INDEX.md	/data/data/com.termux/files/home/02.ERP-system/04.order-management/110.infrastructure/INDEX.md	exists	index already exists
/data/data/com.termux/files/home/02.ERP-system/04.order-management	overview	/data/data/com.termux/files/home/02.ERP-system/04.order-management/110.infrastructure/OVERVIEW.md	/data/data/com.termux/files/home/02.ERP-system/04.order-management/110.infrastructure/OVERVIEW.md	exists	overview already exists
/data/data/com.termux/files/home/02.ERP-system/04.order-management	dir	/data/data/com.termux/files/home/02.ERP-system/04.order-management/120.implementation	/data/data/com.termux/files/home/02.ERP-system/04.order-management/120.implementation	exists	directory already exists
/data/data/com.termux/files/home/02.ERP-system/04.order-management	index	/data/data/com.termux/files/home/02.ERP-system/04.order-management/120.implementation/INDEX.md	/data/data/com.termux/files/home/02.ERP-system/04.order-management/120.implementation/INDEX.md	exists	index already exists
/data/data/com.termux/files/home/02.ERP-system/04.order-management	overview	/data/data/com.termux/files/home/02.ERP-system/04.order-management/120.implementation/OVERVIEW.md	/data/data/com.termux/files/home/02.ERP-system/04.order-management/120.implementation/OVERVIEW.md	exists	overview already exists
/data/data/com.termux/files/home/02.ERP-system/04.order-management	dir	/data/data/com.termux/files/home/02.ERP-system/04.order-management/130.development	/data/data/com.termux/files/home/02.ERP-system/04.order-management/130.development	exists	directory already exists
/data/data/com.termux/files/home/02.ERP-system/04.order-management	index	/data/data/com.termux/files/home/02.ERP-system/04.order-management/130.development/INDEX.md	/data/data/com.termux/files/home/02.ERP-system/04.order-management/130.development/INDEX.md	exists	index already exists
/data/data/com.termux/files/home/02.ERP-system/04.order-management	overview	/data/data/com.termux/files/home/02.ERP-system/04.order-management/130.development/OVERVIEW.md	/data/data/com.termux/files/home/02.ERP-system/04.order-management/130.development/OVERVIEW.md	exists	overview already exists
/data/data/com.termux/files/home/02.ERP-system/04.order-management	dir	/data/data/com.termux/files/home/02.ERP-system/04.order-management/900.meta	/data/data/com.termux/files/home/02.ERP-system/04.order-management/900.meta	exists	directory already exists
/data/data/com.termux/files/home/02.ERP-system/04.order-management	index	/data/data/com.termux/files/home/02.ERP-system/04.order-management/900.meta/INDEX.md	/data/data/com.termux/files/home/02.ERP-system/04.order-management/900.meta/INDEX.md	exists	index already exists
/data/data/com.termux/files/home/02.ERP-system/04.order-management	overview	/data/data/com.termux/files/home/02.ERP-system/04.order-management/900.meta/OVERVIEW.md	/data/data/com.termux/files/home/02.ERP-system/04.order-management/900.meta/OVERVIEW.md	exists	overview already exists
/data/data/com.termux/files/home/02.ERP-system/04.order-management	dir	/data/data/com.termux/files/home/02.ERP-system/04.order-management/920.meta	/data/data/com.termux/files/home/02.ERP-system/04.order-management/920.meta	exists	directory already exists
/data/data/com.termux/files/home/02.ERP-system/04.order-management	index	/data/data/com.termux/files/home/02.ERP-system/04.order-management/920.meta/INDEX.md	/data/data/com.termux/files/home/02.ERP-system/04.order-management/920.meta/INDEX.md	exists	index already exists
/data/data/com.termux/files/home/02.ERP-system/04.order-management	overview	/data/data/com.termux/files/home/02.ERP-system/04.order-management/920.meta/OVERVIEW.md	/data/data/com.termux/files/home/02.ERP-system/04.order-management/920.meta/OVERVIEW.md	exists	overview already exists
/data/data/com.termux/files/home/02.ERP-system/05.billing	dir	/data/data/com.termux/files/home/02.ERP-system/05.billing/010.constitution	/data/data/com.termux/files/home/02.ERP-system/05.billing/010.constitution	exists	directory already exists
/data/data/com.termux/files/home/02.ERP-system/05.billing	dir	/data/data/com.termux/files/home/02.ERP-system/05.billing/020.architecture	/data/data/com.termux/files/home/02.ERP-system/05.billing/020.architecture	exists	directory already exists
/data/data/com.termux/files/home/02.ERP-system/05.billing	dir	/data/data/com.termux/files/home/02.ERP-system/05.billing/030.model	/data/data/com.termux/files/home/02.ERP-system/05.billing/030.model	exists	directory already exists
/data/data/com.termux/files/home/02.ERP-system/05.billing	dir	/data/data/com.termux/files/home/02.ERP-system/05.billing/050.flow	/data/data/com.termux/files/home/02.ERP-system/05.billing/050.flow	exists	directory already exists
/data/data/com.termux/files/home/02.ERP-system/05.billing	dir	/data/data/com.termux/files/home/02.ERP-system/05.billing/060.integration	/data/data/com.termux/files/home/02.ERP-system/05.billing/060.integration	exists	directory already exists
/data/data/com.termux/files/home/02.ERP-system/05.billing	dir	/data/data/com.termux/files/home/02.ERP-system/05.billing/070.operations	/data/data/com.termux/files/home/02.ERP-system/05.billing/070.operations	exists	directory already exists
/data/data/com.termux/files/home/02.ERP-system/05.billing	dir	/data/data/com.termux/files/home/02.ERP-system/05.billing/080.policy	/data/data/com.termux/files/home/02.ERP-system/05.billing/080.policy	exists	directory already exists
/data/data/com.termux/files/home/02.ERP-system/05.billing	dir	/data/data/com.termux/files/home/02.ERP-system/05.billing/100.security	/data/data/com.termux/files/home/02.ERP-system/05.billing/100.security	exists	directory already exists
/data/data/com.termux/files/home/02.ERP-system/05.billing	dir	/data/data/com.termux/files/home/02.ERP-system/05.billing/110.infrastructure	/data/data/com.termux/files/home/02.ERP-system/05.billing/110.infrastructure	exists	directory already exists
/data/data/com.termux/files/home/02.ERP-system/05.billing	dir	/data/data/com.termux/files/home/02.ERP-system/05.billing/120.implementation	/data/data/com.termux/files/home/02.ERP-system/05.billing/120.implementation	exists	directory already exists
/data/data/com.termux/files/home/02.ERP-system/05.billing	dir	/data/data/com.termux/files/home/02.ERP-system/05.billing/130.development	/data/data/com.termux/files/home/02.ERP-system/05.billing/130.development	exists	directory already exists
/data/data/com.termux/files/home/02.ERP-system/05.billing	dir	/data/data/com.termux/files/home/02.ERP-system/05.billing/900.meta	/data/data/com.termux/files/home/02.ERP-system/05.billing/900.meta	exists	directory already exists
/data/data/com.termux/files/home/02.ERP-system/05.billing	dir	/data/data/com.termux/files/home/02.ERP-system/05.billing/920.meta	/data/data/com.termux/files/home/02.ERP-system/05.billing/920.meta	exists	directory already exists
/data/data/com.termux/files/home/02.ERP-system/05.billing	index	/data/data/com.termux/files/home/02.ERP-system/05.billing/INDEX.md	/data/data/com.termux/files/home/02.ERP-system/05.billing/INDEX.md	exists	index already exists
/data/data/com.termux/files/home/02.ERP-system/05.billing	overview	/data/data/com.termux/files/home/02.ERP-system/05.billing/OVERVIEW.md	/data/data/com.termux/files/home/02.ERP-system/05.billing/OVERVIEW.md	exists	overview already exists
/data/data/com.termux/files/home/02.ERP-system/05.billing	dir	/data/data/com.termux/files/home/02.ERP-system/05.billing/010.constitution	/data/data/com.termux/files/home/02.ERP-system/05.billing/010.constitution	exists	directory already exists
/data/data/com.termux/files/home/02.ERP-system/05.billing	index	/data/data/com.termux/files/home/02.ERP-system/05.billing/010.constitution/INDEX.md	/data/data/com.termux/files/home/02.ERP-system/05.billing/010.constitution/INDEX.md	exists	index already exists
/data/data/com.termux/files/home/02.ERP-system/05.billing	overview	/data/data/com.termux/files/home/02.ERP-system/05.billing/010.constitution/OVERVIEW.md	/data/data/com.termux/files/home/02.ERP-system/05.billing/010.constitution/OVERVIEW.md	exists	overview already exists
/data/data/com.termux/files/home/02.ERP-system/05.billing	dir	/data/data/com.termux/files/home/02.ERP-system/05.billing/020.architecture	/data/data/com.termux/files/home/02.ERP-system/05.billing/020.architecture	exists	directory already exists
/data/data/com.termux/files/home/02.ERP-system/05.billing	index	/data/data/com.termux/files/home/02.ERP-system/05.billing/020.architecture/INDEX.md	/data/data/com.termux/files/home/02.ERP-system/05.billing/020.architecture/INDEX.md	exists	index already exists
/data/data/com.termux/files/home/02.ERP-system/05.billing	overview	/data/data/com.termux/files/home/02.ERP-system/05.billing/020.architecture/OVERVIEW.md	/data/data/com.termux/files/home/02.ERP-system/05.billing/020.architecture/OVERVIEW.md	exists	overview already exists
/data/data/com.termux/files/home/02.ERP-system/05.billing	dir	/data/data/com.termux/files/home/02.ERP-system/05.billing/030.model	/data/data/com.termux/files/home/02.ERP-system/05.billing/030.model	exists	directory already exists
/data/data/com.termux/files/home/02.ERP-system/05.billing	index	/data/data/com.termux/files/home/02.ERP-system/05.billing/030.model/INDEX.md	/data/data/com.termux/files/home/02.ERP-system/05.billing/030.model/INDEX.md	exists	index already exists
/data/data/com.termux/files/home/02.ERP-system/05.billing	overview	/data/data/com.termux/files/home/02.ERP-system/05.billing/030.model/OVERVIEW.md	/data/data/com.termux/files/home/02.ERP-system/05.billing/030.model/OVERVIEW.md	exists	overview already exists
/data/data/com.termux/files/home/02.ERP-system/05.billing	dir	/data/data/com.termux/files/home/02.ERP-system/05.billing/050.flow	/data/data/com.termux/files/home/02.ERP-system/05.billing/050.flow	exists	directory already exists
/data/data/com.termux/files/home/02.ERP-system/05.billing	index	/data/data/com.termux/files/home/02.ERP-system/05.billing/050.flow/INDEX.md	/data/data/com.termux/files/home/02.ERP-system/05.billing/050.flow/INDEX.md	exists	index already exists
/data/data/com.termux/files/home/02.ERP-system/05.billing	overview	/data/data/com.termux/files/home/02.ERP-system/05.billing/050.flow/OVERVIEW.md	/data/data/com.termux/files/home/02.ERP-system/05.billing/050.flow/OVERVIEW.md	exists	overview already exists
/data/data/com.termux/files/home/02.ERP-system/05.billing	dir	/data/data/com.termux/files/home/02.ERP-system/05.billing/060.integration	/data/data/com.termux/files/home/02.ERP-system/05.billing/060.integration	exists	directory already exists
/data/data/com.termux/files/home/02.ERP-system/05.billing	index	/data/data/com.termux/files/home/02.ERP-system/05.billing/060.integration/INDEX.md	/data/data/com.termux/files/home/02.ERP-system/05.billing/060.integration/INDEX.md	exists	index already exists
/data/data/com.termux/files/home/02.ERP-system/05.billing	overview	/data/data/com.termux/files/home/02.ERP-system/05.billing/060.integration/OVERVIEW.md	/data/data/com.termux/files/home/02.ERP-system/05.billing/060.integration/OVERVIEW.md	exists	overview already exists
/data/data/com.termux/files/home/02.ERP-system/05.billing	dir	/data/data/com.termux/files/home/02.ERP-system/05.billing/070.operations	/data/data/com.termux/files/home/02.ERP-system/05.billing/070.operations	exists	directory already exists
/data/data/com.termux/files/home/02.ERP-system/05.billing	index	/data/data/com.termux/files/home/02.ERP-system/05.billing/070.operations/INDEX.md	/data/data/com.termux/files/home/02.ERP-system/05.billing/070.operations/INDEX.md	exists	index already exists
/data/data/com.termux/files/home/02.ERP-system/05.billing	overview	/data/data/com.termux/files/home/02.ERP-system/05.billing/070.operations/OVERVIEW.md	/data/data/com.termux/files/home/02.ERP-system/05.billing/070.operations/OVERVIEW.md	exists	overview already exists
/data/data/com.termux/files/home/02.ERP-system/05.billing	dir	/data/data/com.termux/files/home/02.ERP-system/05.billing/080.policy	/data/data/com.termux/files/home/02.ERP-system/05.billing/080.policy	exists	directory already exists
/data/data/com.termux/files/home/02.ERP-system/05.billing	index	/data/data/com.termux/files/home/02.ERP-system/05.billing/080.policy/INDEX.md	/data/data/com.termux/files/home/02.ERP-system/05.billing/080.policy/INDEX.md	exists	index already exists
/data/data/com.termux/files/home/02.ERP-system/05.billing	overview	/data/data/com.termux/files/home/02.ERP-system/05.billing/080.policy/OVERVIEW.md	/data/data/com.termux/files/home/02.ERP-system/05.billing/080.policy/OVERVIEW.md	exists	overview already exists
/data/data/com.termux/files/home/02.ERP-system/05.billing	dir	/data/data/com.termux/files/home/02.ERP-system/05.billing/100.security	/data/data/com.termux/files/home/02.ERP-system/05.billing/100.security	exists	directory already exists
/data/data/com.termux/files/home/02.ERP-system/05.billing	index	/data/data/com.termux/files/home/02.ERP-system/05.billing/100.security/INDEX.md	/data/data/com.termux/files/home/02.ERP-system/05.billing/100.security/INDEX.md	exists	index already exists
/data/data/com.termux/files/home/02.ERP-system/05.billing	overview	/data/data/com.termux/files/home/02.ERP-system/05.billing/100.security/OVERVIEW.md	/data/data/com.termux/files/home/02.ERP-system/05.billing/100.security/OVERVIEW.md	exists	overview already exists
/data/data/com.termux/files/home/02.ERP-system/05.billing	dir	/data/data/com.termux/files/home/02.ERP-system/05.billing/110.infrastructure	/data/data/com.termux/files/home/02.ERP-system/05.billing/110.infrastructure	exists	directory already exists
/data/data/com.termux/files/home/02.ERP-system/05.billing	index	/data/data/com.termux/files/home/02.ERP-system/05.billing/110.infrastructure/INDEX.md	/data/data/com.termux/files/home/02.ERP-system/05.billing/110.infrastructure/INDEX.md	exists	index already exists
/data/data/com.termux/files/home/02.ERP-system/05.billing	overview	/data/data/com.termux/files/home/02.ERP-system/05.billing/110.infrastructure/OVERVIEW.md	/data/data/com.termux/files/home/02.ERP-system/05.billing/110.infrastructure/OVERVIEW.md	exists	overview already exists
/data/data/com.termux/files/home/02.ERP-system/05.billing	dir	/data/data/com.termux/files/home/02.ERP-system/05.billing/120.implementation	/data/data/com.termux/files/home/02.ERP-system/05.billing/120.implementation	exists	directory already exists
/data/data/com.termux/files/home/02.ERP-system/05.billing	index	/data/data/com.termux/files/home/02.ERP-system/05.billing/120.implementation/INDEX.md	/data/data/com.termux/files/home/02.ERP-system/05.billing/120.implementation/INDEX.md	exists	index already exists
/data/data/com.termux/files/home/02.ERP-system/05.billing	overview	/data/data/com.termux/files/home/02.ERP-system/05.billing/120.implementation/OVERVIEW.md	/data/data/com.termux/files/home/02.ERP-system/05.billing/120.implementation/OVERVIEW.md	exists	overview already exists
/data/data/com.termux/files/home/02.ERP-system/05.billing	dir	/data/data/com.termux/files/home/02.ERP-system/05.billing/130.development	/data/data/com.termux/files/home/02.ERP-system/05.billing/130.development	exists	directory already exists
/data/data/com.termux/files/home/02.ERP-system/05.billing	index	/data/data/com.termux/files/home/02.ERP-system/05.billing/130.development/INDEX.md	/data/data/com.termux/files/home/02.ERP-system/05.billing/130.development/INDEX.md	exists	index already exists
/data/data/com.termux/files/home/02.ERP-system/05.billing	overview	/data/data/com.termux/files/home/02.ERP-system/05.billing/130.development/OVERVIEW.md	/data/data/com.termux/files/home/02.ERP-system/05.billing/130.development/OVERVIEW.md	exists	overview already exists
/data/data/com.termux/files/home/02.ERP-system/05.billing	dir	/data/data/com.termux/files/home/02.ERP-system/05.billing/900.meta	/data/data/com.termux/files/home/02.ERP-system/05.billing/900.meta	exists	directory already exists
/data/data/com.termux/files/home/02.ERP-system/05.billing	index	/data/data/com.termux/files/home/02.ERP-system/05.billing/900.meta/INDEX.md	/data/data/com.termux/files/home/02.ERP-system/05.billing/900.meta/INDEX.md	exists	index already exists
/data/data/com.termux/files/home/02.ERP-system/05.billing	overview	/data/data/com.termux/files/home/02.ERP-system/05.billing/900.meta/OVERVIEW.md	/data/data/com.termux/files/home/02.ERP-system/05.billing/900.meta/OVERVIEW.md	exists	overview already exists
/data/data/com.termux/files/home/02.ERP-system/05.billing	dir	/data/data/com.termux/files/home/02.ERP-system/05.billing/920.meta	/data/data/com.termux/files/home/02.ERP-system/05.billing/920.meta	exists	directory already exists
/data/data/com.termux/files/home/02.ERP-system/05.billing	index	/data/data/com.termux/files/home/02.ERP-system/05.billing/920.meta/INDEX.md	/data/data/com.termux/files/home/02.ERP-system/05.billing/920.meta/INDEX.md	exists	index already exists
/data/data/com.termux/files/home/02.ERP-system/05.billing	overview	/data/data/com.termux/files/home/02.ERP-system/05.billing/920.meta/OVERVIEW.md	/data/data/com.termux/files/home/02.ERP-system/05.billing/920.meta/OVERVIEW.md	exists	overview already exists
/data/data/com.termux/files/home/02.ERP-system/10.purchase	archive_payload	/data/data/com.termux/files/home/02.ERP-system/10.purchase/020.architecture/1216_ERP_PURCHASING_WHOLE_DESIGN_STATUS.md	/data/data/com.termux/files/home/02.ERP-system/99.archive/20260422_224743/module-design-reset/10.purchase/020.architecture/1216_ERP_PURCHASING_WHOLE_DESIGN_STATUS.md	moved	module payload archived during reset
/data/data/com.termux/files/home/02.ERP-system/10.purchase	dir	/data/data/com.termux/files/home/02.ERP-system/10.purchase/010.constitution	/data/data/com.termux/files/home/02.ERP-system/10.purchase/010.constitution	exists	directory already exists
/data/data/com.termux/files/home/02.ERP-system/10.purchase	dir	/data/data/com.termux/files/home/02.ERP-system/10.purchase/020.architecture	/data/data/com.termux/files/home/02.ERP-system/10.purchase/020.architecture	exists	directory already exists
/data/data/com.termux/files/home/02.ERP-system/10.purchase	dir	/data/data/com.termux/files/home/02.ERP-system/10.purchase/030.model	/data/data/com.termux/files/home/02.ERP-system/10.purchase/030.model	exists	directory already exists
/data/data/com.termux/files/home/02.ERP-system/10.purchase	dir	/data/data/com.termux/files/home/02.ERP-system/10.purchase/050.flow	/data/data/com.termux/files/home/02.ERP-system/10.purchase/050.flow	exists	directory already exists
/data/data/com.termux/files/home/02.ERP-system/10.purchase	dir	/data/data/com.termux/files/home/02.ERP-system/10.purchase/060.integration	/data/data/com.termux/files/home/02.ERP-system/10.purchase/060.integration	exists	directory already exists
/data/data/com.termux/files/home/02.ERP-system/10.purchase	dir	/data/data/com.termux/files/home/02.ERP-system/10.purchase/070.operations	/data/data/com.termux/files/home/02.ERP-system/10.purchase/070.operations	exists	directory already exists
/data/data/com.termux/files/home/02.ERP-system/10.purchase	dir	/data/data/com.termux/files/home/02.ERP-system/10.purchase/080.policy	/data/data/com.termux/files/home/02.ERP-system/10.purchase/080.policy	exists	directory already exists
/data/data/com.termux/files/home/02.ERP-system/10.purchase	dir	/data/data/com.termux/files/home/02.ERP-system/10.purchase/100.security	/data/data/com.termux/files/home/02.ERP-system/10.purchase/100.security	exists	directory already exists
/data/data/com.termux/files/home/02.ERP-system/10.purchase	dir	/data/data/com.termux/files/home/02.ERP-system/10.purchase/110.infrastructure	/data/data/com.termux/files/home/02.ERP-system/10.purchase/110.infrastructure	exists	directory already exists
/data/data/com.termux/files/home/02.ERP-system/10.purchase	dir	/data/data/com.termux/files/home/02.ERP-system/10.purchase/120.implementation	/data/data/com.termux/files/home/02.ERP-system/10.purchase/120.implementation	exists	directory already exists
/data/data/com.termux/files/home/02.ERP-system/10.purchase	dir	/data/data/com.termux/files/home/02.ERP-system/10.purchase/130.development	/data/data/com.termux/files/home/02.ERP-system/10.purchase/130.development	exists	directory already exists
/data/data/com.termux/files/home/02.ERP-system/10.purchase	dir	/data/data/com.termux/files/home/02.ERP-system/10.purchase/900.meta	/data/data/com.termux/files/home/02.ERP-system/10.purchase/900.meta	exists	directory already exists
/data/data/com.termux/files/home/02.ERP-system/10.purchase	dir	/data/data/com.termux/files/home/02.ERP-system/10.purchase/920.meta	/data/data/com.termux/files/home/02.ERP-system/10.purchase/920.meta	exists	directory already exists
/data/data/com.termux/files/home/02.ERP-system/10.purchase	index	/data/data/com.termux/files/home/02.ERP-system/10.purchase/INDEX.md	/data/data/com.termux/files/home/02.ERP-system/10.purchase/INDEX.md	exists	index already exists
/data/data/com.termux/files/home/02.ERP-system/10.purchase	overview	/data/data/com.termux/files/home/02.ERP-system/10.purchase/OVERVIEW.md	/data/data/com.termux/files/home/02.ERP-system/10.purchase/OVERVIEW.md	exists	overview already exists
/data/data/com.termux/files/home/02.ERP-system/10.purchase	dir	/data/data/com.termux/files/home/02.ERP-system/10.purchase/010.constitution	/data/data/com.termux/files/home/02.ERP-system/10.purchase/010.constitution	exists	directory already exists
/data/data/com.termux/files/home/02.ERP-system/10.purchase	index	/data/data/com.termux/files/home/02.ERP-system/10.purchase/010.constitution/INDEX.md	/data/data/com.termux/files/home/02.ERP-system/10.purchase/010.constitution/INDEX.md	exists	index already exists
/data/data/com.termux/files/home/02.ERP-system/10.purchase	overview	/data/data/com.termux/files/home/02.ERP-system/10.purchase/010.constitution/OVERVIEW.md	/data/data/com.termux/files/home/02.ERP-system/10.purchase/010.constitution/OVERVIEW.md	exists	overview already exists
/data/data/com.termux/files/home/02.ERP-system/10.purchase	dir	/data/data/com.termux/files/home/02.ERP-system/10.purchase/020.architecture	/data/data/com.termux/files/home/02.ERP-system/10.purchase/020.architecture	exists	directory already exists
/data/data/com.termux/files/home/02.ERP-system/10.purchase	index	/data/data/com.termux/files/home/02.ERP-system/10.purchase/020.architecture/INDEX.md	/data/data/com.termux/files/home/02.ERP-system/10.purchase/020.architecture/INDEX.md	exists	index already exists
/data/data/com.termux/files/home/02.ERP-system/10.purchase	overview	/data/data/com.termux/files/home/02.ERP-system/10.purchase/020.architecture/OVERVIEW.md	/data/data/com.termux/files/home/02.ERP-system/10.purchase/020.architecture/OVERVIEW.md	exists	overview already exists
/data/data/com.termux/files/home/02.ERP-system/10.purchase	dir	/data/data/com.termux/files/home/02.ERP-system/10.purchase/030.model	/data/data/com.termux/files/home/02.ERP-system/10.purchase/030.model	exists	directory already exists
/data/data/com.termux/files/home/02.ERP-system/10.purchase	index	/data/data/com.termux/files/home/02.ERP-system/10.purchase/030.model/INDEX.md	/data/data/com.termux/files/home/02.ERP-system/10.purchase/030.model/INDEX.md	exists	index already exists
/data/data/com.termux/files/home/02.ERP-system/10.purchase	overview	/data/data/com.termux/files/home/02.ERP-system/10.purchase/030.model/OVERVIEW.md	/data/data/com.termux/files/home/02.ERP-system/10.purchase/030.model/OVERVIEW.md	exists	overview already exists
/data/data/com.termux/files/home/02.ERP-system/10.purchase	dir	/data/data/com.termux/files/home/02.ERP-system/10.purchase/050.flow	/data/data/com.termux/files/home/02.ERP-system/10.purchase/050.flow	exists	directory already exists
/data/data/com.termux/files/home/02.ERP-system/10.purchase	index	/data/data/com.termux/files/home/02.ERP-system/10.purchase/050.flow/INDEX.md	/data/data/com.termux/files/home/02.ERP-system/10.purchase/050.flow/INDEX.md	exists	index already exists
/data/data/com.termux/files/home/02.ERP-system/10.purchase	overview	/data/data/com.termux/files/home/02.ERP-system/10.purchase/050.flow/OVERVIEW.md	/data/data/com.termux/files/home/02.ERP-system/10.purchase/050.flow/OVERVIEW.md	exists	overview already exists
/data/data/com.termux/files/home/02.ERP-system/10.purchase	dir	/data/data/com.termux/files/home/02.ERP-system/10.purchase/060.integration	/data/data/com.termux/files/home/02.ERP-system/10.purchase/060.integration	exists	directory already exists
/data/data/com.termux/files/home/02.ERP-system/10.purchase	index	/data/data/com.termux/files/home/02.ERP-system/10.purchase/060.integration/INDEX.md	/data/data/com.termux/files/home/02.ERP-system/10.purchase/060.integration/INDEX.md	exists	index already exists
/data/data/com.termux/files/home/02.ERP-system/10.purchase	overview	/data/data/com.termux/files/home/02.ERP-system/10.purchase/060.integration/OVERVIEW.md	/data/data/com.termux/files/home/02.ERP-system/10.purchase/060.integration/OVERVIEW.md	exists	overview already exists
/data/data/com.termux/files/home/02.ERP-system/10.purchase	dir	/data/data/com.termux/files/home/02.ERP-system/10.purchase/070.operations	/data/data/com.termux/files/home/02.ERP-system/10.purchase/070.operations	exists	directory already exists
/data/data/com.termux/files/home/02.ERP-system/10.purchase	index	/data/data/com.termux/files/home/02.ERP-system/10.purchase/070.operations/INDEX.md	/data/data/com.termux/files/home/02.ERP-system/10.purchase/070.operations/INDEX.md	exists	index already exists
/data/data/com.termux/files/home/02.ERP-system/10.purchase	overview	/data/data/com.termux/files/home/02.ERP-system/10.purchase/070.operations/OVERVIEW.md	/data/data/com.termux/files/home/02.ERP-system/10.purchase/070.operations/OVERVIEW.md	exists	overview already exists
/data/data/com.termux/files/home/02.ERP-system/10.purchase	dir	/data/data/com.termux/files/home/02.ERP-system/10.purchase/080.policy	/data/data/com.termux/files/home/02.ERP-system/10.purchase/080.policy	exists	directory already exists
/data/data/com.termux/files/home/02.ERP-system/10.purchase	index	/data/data/com.termux/files/home/02.ERP-system/10.purchase/080.policy/INDEX.md	/data/data/com.termux/files/home/02.ERP-system/10.purchase/080.policy/INDEX.md	exists	index already exists
/data/data/com.termux/files/home/02.ERP-system/10.purchase	overview	/data/data/com.termux/files/home/02.ERP-system/10.purchase/080.policy/OVERVIEW.md	/data/data/com.termux/files/home/02.ERP-system/10.purchase/080.policy/OVERVIEW.md	exists	overview already exists
/data/data/com.termux/files/home/02.ERP-system/10.purchase	dir	/data/data/com.termux/files/home/02.ERP-system/10.purchase/100.security	/data/data/com.termux/files/home/02.ERP-system/10.purchase/100.security	exists	directory already exists
/data/data/com.termux/files/home/02.ERP-system/10.purchase	index	/data/data/com.termux/files/home/02.ERP-system/10.purchase/100.security/INDEX.md	/data/data/com.termux/files/home/02.ERP-system/10.purchase/100.security/INDEX.md	exists	index already exists
/data/data/com.termux/files/home/02.ERP-system/10.purchase	overview	/data/data/com.termux/files/home/02.ERP-system/10.purchase/100.security/OVERVIEW.md	/data/data/com.termux/files/home/02.ERP-system/10.purchase/100.security/OVERVIEW.md	exists	overview already exists
/data/data/com.termux/files/home/02.ERP-system/10.purchase	dir	/data/data/com.termux/files/home/02.ERP-system/10.purchase/110.infrastructure	/data/data/com.termux/files/home/02.ERP-system/10.purchase/110.infrastructure	exists	directory already exists
/data/data/com.termux/files/home/02.ERP-system/10.purchase	index	/data/data/com.termux/files/home/02.ERP-system/10.purchase/110.infrastructure/INDEX.md	/data/data/com.termux/files/home/02.ERP-system/10.purchase/110.infrastructure/INDEX.md	exists	index already exists
/data/data/com.termux/files/home/02.ERP-system/10.purchase	overview	/data/data/com.termux/files/home/02.ERP-system/10.purchase/110.infrastructure/OVERVIEW.md	/data/data/com.termux/files/home/02.ERP-system/10.purchase/110.infrastructure/OVERVIEW.md	exists	overview already exists
/data/data/com.termux/files/home/02.ERP-system/10.purchase	dir	/data/data/com.termux/files/home/02.ERP-system/10.purchase/120.implementation	/data/data/com.termux/files/home/02.ERP-system/10.purchase/120.implementation	exists	directory already exists
/data/data/com.termux/files/home/02.ERP-system/10.purchase	index	/data/data/com.termux/files/home/02.ERP-system/10.purchase/120.implementation/INDEX.md	/data/data/com.termux/files/home/02.ERP-system/10.purchase/120.implementation/INDEX.md	exists	index already exists
/data/data/com.termux/files/home/02.ERP-system/10.purchase	overview	/data/data/com.termux/files/home/02.ERP-system/10.purchase/120.implementation/OVERVIEW.md	/data/data/com.termux/files/home/02.ERP-system/10.purchase/120.implementation/OVERVIEW.md	exists	overview already exists
/data/data/com.termux/files/home/02.ERP-system/10.purchase	dir	/data/data/com.termux/files/home/02.ERP-system/10.purchase/130.development	/data/data/com.termux/files/home/02.ERP-system/10.purchase/130.development	exists	directory already exists
/data/data/com.termux/files/home/02.ERP-system/10.purchase	index	/data/data/com.termux/files/home/02.ERP-system/10.purchase/130.development/INDEX.md	/data/data/com.termux/files/home/02.ERP-system/10.purchase/130.development/INDEX.md	exists	index already exists
/data/data/com.termux/files/home/02.ERP-system/10.purchase	overview	/data/data/com.termux/files/home/02.ERP-system/10.purchase/130.development/OVERVIEW.md	/data/data/com.termux/files/home/02.ERP-system/10.purchase/130.development/OVERVIEW.md	exists	overview already exists
/data/data/com.termux/files/home/02.ERP-system/10.purchase	dir	/data/data/com.termux/files/home/02.ERP-system/10.purchase/900.meta	/data/data/com.termux/files/home/02.ERP-system/10.purchase/900.meta	exists	directory already exists
/data/data/com.termux/files/home/02.ERP-system/10.purchase	index	/data/data/com.termux/files/home/02.ERP-system/10.purchase/900.meta/INDEX.md	/data/data/com.termux/files/home/02.ERP-system/10.purchase/900.meta/INDEX.md	exists	index already exists
/data/data/com.termux/files/home/02.ERP-system/10.purchase	overview	/data/data/com.termux/files/home/02.ERP-system/10.purchase/900.meta/OVERVIEW.md	/data/data/com.termux/files/home/02.ERP-system/10.purchase/900.meta/OVERVIEW.md	exists	overview already exists
/data/data/com.termux/files/home/02.ERP-system/10.purchase	dir	/data/data/com.termux/files/home/02.ERP-system/10.purchase/920.meta	/data/data/com.termux/files/home/02.ERP-system/10.purchase/920.meta	exists	directory already exists
/data/data/com.termux/files/home/02.ERP-system/10.purchase	index	/data/data/com.termux/files/home/02.ERP-system/10.purchase/920.meta/INDEX.md	/data/data/com.termux/files/home/02.ERP-system/10.purchase/920.meta/INDEX.md	exists	index already exists
/data/data/com.termux/files/home/02.ERP-system/10.purchase	overview	/data/data/com.termux/files/home/02.ERP-system/10.purchase/920.meta/OVERVIEW.md	/data/data/com.termux/files/home/02.ERP-system/10.purchase/920.meta/OVERVIEW.md	exists	overview already exists
/data/data/com.termux/files/home/02.ERP-system/11.procurement	dir	/data/data/com.termux/files/home/02.ERP-system/11.procurement/010.constitution	/data/data/com.termux/files/home/02.ERP-system/11.procurement/010.constitution	exists	directory already exists
/data/data/com.termux/files/home/02.ERP-system/11.procurement	dir	/data/data/com.termux/files/home/02.ERP-system/11.procurement/020.architecture	/data/data/com.termux/files/home/02.ERP-system/11.procurement/020.architecture	exists	directory already exists
/data/data/com.termux/files/home/02.ERP-system/11.procurement	dir	/data/data/com.termux/files/home/02.ERP-system/11.procurement/030.model	/data/data/com.termux/files/home/02.ERP-system/11.procurement/030.model	exists	directory already exists
/data/data/com.termux/files/home/02.ERP-system/11.procurement	dir	/data/data/com.termux/files/home/02.ERP-system/11.procurement/050.flow	/data/data/com.termux/files/home/02.ERP-system/11.procurement/050.flow	exists	directory already exists
/data/data/com.termux/files/home/02.ERP-system/11.procurement	dir	/data/data/com.termux/files/home/02.ERP-system/11.procurement/060.integration	/data/data/com.termux/files/home/02.ERP-system/11.procurement/060.integration	exists	directory already exists
/data/data/com.termux/files/home/02.ERP-system/11.procurement	dir	/data/data/com.termux/files/home/02.ERP-system/11.procurement/070.operations	/data/data/com.termux/files/home/02.ERP-system/11.procurement/070.operations	exists	directory already exists
/data/data/com.termux/files/home/02.ERP-system/11.procurement	dir	/data/data/com.termux/files/home/02.ERP-system/11.procurement/080.policy	/data/data/com.termux/files/home/02.ERP-system/11.procurement/080.policy	exists	directory already exists
/data/data/com.termux/files/home/02.ERP-system/11.procurement	dir	/data/data/com.termux/files/home/02.ERP-system/11.procurement/100.security	/data/data/com.termux/files/home/02.ERP-system/11.procurement/100.security	exists	directory already exists
/data/data/com.termux/files/home/02.ERP-system/11.procurement	dir	/data/data/com.termux/files/home/02.ERP-system/11.procurement/110.infrastructure	/data/data/com.termux/files/home/02.ERP-system/11.procurement/110.infrastructure	exists	directory already exists
/data/data/com.termux/files/home/02.ERP-system/11.procurement	dir	/data/data/com.termux/files/home/02.ERP-system/11.procurement/120.implementation	/data/data/com.termux/files/home/02.ERP-system/11.procurement/120.implementation	exists	directory already exists
/data/data/com.termux/files/home/02.ERP-system/11.procurement	dir	/data/data/com.termux/files/home/02.ERP-system/11.procurement/130.development	/data/data/com.termux/files/home/02.ERP-system/11.procurement/130.development	exists	directory already exists
/data/data/com.termux/files/home/02.ERP-system/11.procurement	dir	/data/data/com.termux/files/home/02.ERP-system/11.procurement/900.meta	/data/data/com.termux/files/home/02.ERP-system/11.procurement/900.meta	exists	directory already exists
/data/data/com.termux/files/home/02.ERP-system/11.procurement	dir	/data/data/com.termux/files/home/02.ERP-system/11.procurement/920.meta	/data/data/com.termux/files/home/02.ERP-system/11.procurement/920.meta	exists	directory already exists
/data/data/com.termux/files/home/02.ERP-system/11.procurement	index	/data/data/com.termux/files/home/02.ERP-system/11.procurement/INDEX.md	/data/data/com.termux/files/home/02.ERP-system/11.procurement/INDEX.md	exists	index already exists
/data/data/com.termux/files/home/02.ERP-system/11.procurement	overview	/data/data/com.termux/files/home/02.ERP-system/11.procurement/OVERVIEW.md	/data/data/com.termux/files/home/02.ERP-system/11.procurement/OVERVIEW.md	exists	overview already exists
/data/data/com.termux/files/home/02.ERP-system/11.procurement	dir	/data/data/com.termux/files/home/02.ERP-system/11.procurement/010.constitution	/data/data/com.termux/files/home/02.ERP-system/11.procurement/010.constitution	exists	directory already exists
/data/data/com.termux/files/home/02.ERP-system/11.procurement	index	/data/data/com.termux/files/home/02.ERP-system/11.procurement/010.constitution/INDEX.md	/data/data/com.termux/files/home/02.ERP-system/11.procurement/010.constitution/INDEX.md	exists	index already exists
/data/data/com.termux/files/home/02.ERP-system/11.procurement	overview	/data/data/com.termux/files/home/02.ERP-system/11.procurement/010.constitution/OVERVIEW.md	/data/data/com.termux/files/home/02.ERP-system/11.procurement/010.constitution/OVERVIEW.md	exists	overview already exists
/data/data/com.termux/files/home/02.ERP-system/11.procurement	dir	/data/data/com.termux/files/home/02.ERP-system/11.procurement/020.architecture	/data/data/com.termux/files/home/02.ERP-system/11.procurement/020.architecture	exists	directory already exists
/data/data/com.termux/files/home/02.ERP-system/11.procurement	index	/data/data/com.termux/files/home/02.ERP-system/11.procurement/020.architecture/INDEX.md	/data/data/com.termux/files/home/02.ERP-system/11.procurement/020.architecture/INDEX.md	exists	index already exists
/data/data/com.termux/files/home/02.ERP-system/11.procurement	overview	/data/data/com.termux/files/home/02.ERP-system/11.procurement/020.architecture/OVERVIEW.md	/data/data/com.termux/files/home/02.ERP-system/11.procurement/020.architecture/OVERVIEW.md	exists	overview already exists
/data/data/com.termux/files/home/02.ERP-system/11.procurement	dir	/data/data/com.termux/files/home/02.ERP-system/11.procurement/030.model	/data/data/com.termux/files/home/02.ERP-system/11.procurement/030.model	exists	directory already exists
/data/data/com.termux/files/home/02.ERP-system/11.procurement	index	/data/data/com.termux/files/home/02.ERP-system/11.procurement/030.model/INDEX.md	/data/data/com.termux/files/home/02.ERP-system/11.procurement/030.model/INDEX.md	exists	index already exists
/data/data/com.termux/files/home/02.ERP-system/11.procurement	overview	/data/data/com.termux/files/home/02.ERP-system/11.procurement/030.model/OVERVIEW.md	/data/data/com.termux/files/home/02.ERP-system/11.procurement/030.model/OVERVIEW.md	exists	overview already exists
/data/data/com.termux/files/home/02.ERP-system/11.procurement	dir	/data/data/com.termux/files/home/02.ERP-system/11.procurement/050.flow	/data/data/com.termux/files/home/02.ERP-system/11.procurement/050.flow	exists	directory already exists
/data/data/com.termux/files/home/02.ERP-system/11.procurement	index	/data/data/com.termux/files/home/02.ERP-system/11.procurement/050.flow/INDEX.md	/data/data/com.termux/files/home/02.ERP-system/11.procurement/050.flow/INDEX.md	exists	index already exists
/data/data/com.termux/files/home/02.ERP-system/11.procurement	overview	/data/data/com.termux/files/home/02.ERP-system/11.procurement/050.flow/OVERVIEW.md	/data/data/com.termux/files/home/02.ERP-system/11.procurement/050.flow/OVERVIEW.md	exists	overview already exists
/data/data/com.termux/files/home/02.ERP-system/11.procurement	dir	/data/data/com.termux/files/home/02.ERP-system/11.procurement/060.integration	/data/data/com.termux/files/home/02.ERP-system/11.procurement/060.integration	exists	directory already exists
/data/data/com.termux/files/home/02.ERP-system/11.procurement	index	/data/data/com.termux/files/home/02.ERP-system/11.procurement/060.integration/INDEX.md	/data/data/com.termux/files/home/02.ERP-system/11.procurement/060.integration/INDEX.md	exists	index already exists
/data/data/com.termux/files/home/02.ERP-system/11.procurement	overview	/data/data/com.termux/files/home/02.ERP-system/11.procurement/060.integration/OVERVIEW.md	/data/data/com.termux/files/home/02.ERP-system/11.procurement/060.integration/OVERVIEW.md	exists	overview already exists
/data/data/com.termux/files/home/02.ERP-system/11.procurement	dir	/data/data/com.termux/files/home/02.ERP-system/11.procurement/070.operations	/data/data/com.termux/files/home/02.ERP-system/11.procurement/070.operations	exists	directory already exists
/data/data/com.termux/files/home/02.ERP-system/11.procurement	index	/data/data/com.termux/files/home/02.ERP-system/11.procurement/070.operations/INDEX.md	/data/data/com.termux/files/home/02.ERP-system/11.procurement/070.operations/INDEX.md	exists	index already exists
/data/data/com.termux/files/home/02.ERP-system/11.procurement	overview	/data/data/com.termux/files/home/02.ERP-system/11.procurement/070.operations/OVERVIEW.md	/data/data/com.termux/files/home/02.ERP-system/11.procurement/070.operations/OVERVIEW.md	exists	overview already exists
/data/data/com.termux/files/home/02.ERP-system/11.procurement	dir	/data/data/com.termux/files/home/02.ERP-system/11.procurement/080.policy	/data/data/com.termux/files/home/02.ERP-system/11.procurement/080.policy	exists	directory already exists
/data/data/com.termux/files/home/02.ERP-system/11.procurement	index	/data/data/com.termux/files/home/02.ERP-system/11.procurement/080.policy/INDEX.md	/data/data/com.termux/files/home/02.ERP-system/11.procurement/080.policy/INDEX.md	exists	index already exists
/data/data/com.termux/files/home/02.ERP-system/11.procurement	overview	/data/data/com.termux/files/home/02.ERP-system/11.procurement/080.policy/OVERVIEW.md	/data/data/com.termux/files/home/02.ERP-system/11.procurement/080.policy/OVERVIEW.md	exists	overview already exists
/data/data/com.termux/files/home/02.ERP-system/11.procurement	dir	/data/data/com.termux/files/home/02.ERP-system/11.procurement/100.security	/data/data/com.termux/files/home/02.ERP-system/11.procurement/100.security	exists	directory already exists
/data/data/com.termux/files/home/02.ERP-system/11.procurement	index	/data/data/com.termux/files/home/02.ERP-system/11.procurement/100.security/INDEX.md	/data/data/com.termux/files/home/02.ERP-system/11.procurement/100.security/INDEX.md	exists	index already exists
/data/data/com.termux/files/home/02.ERP-system/11.procurement	overview	/data/data/com.termux/files/home/02.ERP-system/11.procurement/100.security/OVERVIEW.md	/data/data/com.termux/files/home/02.ERP-system/11.procurement/100.security/OVERVIEW.md	exists	overview already exists
/data/data/com.termux/files/home/02.ERP-system/11.procurement	dir	/data/data/com.termux/files/home/02.ERP-system/11.procurement/110.infrastructure	/data/data/com.termux/files/home/02.ERP-system/11.procurement/110.infrastructure	exists	directory already exists
/data/data/com.termux/files/home/02.ERP-system/11.procurement	index	/data/data/com.termux/files/home/02.ERP-system/11.procurement/110.infrastructure/INDEX.md	/data/data/com.termux/files/home/02.ERP-system/11.procurement/110.infrastructure/INDEX.md	exists	index already exists
/data/data/com.termux/files/home/02.ERP-system/11.procurement	overview	/data/data/com.termux/files/home/02.ERP-system/11.procurement/110.infrastructure/OVERVIEW.md	/data/data/com.termux/files/home/02.ERP-system/11.procurement/110.infrastructure/OVERVIEW.md	exists	overview already exists
/data/data/com.termux/files/home/02.ERP-system/11.procurement	dir	/data/data/com.termux/files/home/02.ERP-system/11.procurement/120.implementation	/data/data/com.termux/files/home/02.ERP-system/11.procurement/120.implementation	exists	directory already exists
/data/data/com.termux/files/home/02.ERP-system/11.procurement	index	/data/data/com.termux/files/home/02.ERP-system/11.procurement/120.implementation/INDEX.md	/data/data/com.termux/files/home/02.ERP-system/11.procurement/120.implementation/INDEX.md	exists	index already exists
/data/data/com.termux/files/home/02.ERP-system/11.procurement	overview	/data/data/com.termux/files/home/02.ERP-system/11.procurement/120.implementation/OVERVIEW.md	/data/data/com.termux/files/home/02.ERP-system/11.procurement/120.implementation/OVERVIEW.md	exists	overview already exists
/data/data/com.termux/files/home/02.ERP-system/11.procurement	dir	/data/data/com.termux/files/home/02.ERP-system/11.procurement/130.development	/data/data/com.termux/files/home/02.ERP-system/11.procurement/130.development	exists	directory already exists
/data/data/com.termux/files/home/02.ERP-system/11.procurement	index	/data/data/com.termux/files/home/02.ERP-system/11.procurement/130.development/INDEX.md	/data/data/com.termux/files/home/02.ERP-system/11.procurement/130.development/INDEX.md	exists	index already exists
/data/data/com.termux/files/home/02.ERP-system/11.procurement	overview	/data/data/com.termux/files/home/02.ERP-system/11.procurement/130.development/OVERVIEW.md	/data/data/com.termux/files/home/02.ERP-system/11.procurement/130.development/OVERVIEW.md	exists	overview already exists
/data/data/com.termux/files/home/02.ERP-system/11.procurement	dir	/data/data/com.termux/files/home/02.ERP-system/11.procurement/900.meta	/data/data/com.termux/files/home/02.ERP-system/11.procurement/900.meta	exists	directory already exists
/data/data/com.termux/files/home/02.ERP-system/11.procurement	index	/data/data/com.termux/files/home/02.ERP-system/11.procurement/900.meta/INDEX.md	/data/data/com.termux/files/home/02.ERP-system/11.procurement/900.meta/INDEX.md	exists	index already exists
/data/data/com.termux/files/home/02.ERP-system/11.procurement	overview	/data/data/com.termux/files/home/02.ERP-system/11.procurement/900.meta/OVERVIEW.md	/data/data/com.termux/files/home/02.ERP-system/11.procurement/900.meta/OVERVIEW.md	exists	overview already exists
/data/data/com.termux/files/home/02.ERP-system/11.procurement	dir	/data/data/com.termux/files/home/02.ERP-system/11.procurement/920.meta	/data/data/com.termux/files/home/02.ERP-system/11.procurement/920.meta	exists	directory already exists
/data/data/com.termux/files/home/02.ERP-system/11.procurement	index	/data/data/com.termux/files/home/02.ERP-system/11.procurement/920.meta/INDEX.md	/data/data/com.termux/files/home/02.ERP-system/11.procurement/920.meta/INDEX.md	exists	index already exists
/data/data/com.termux/files/home/02.ERP-system/11.procurement	overview	/data/data/com.termux/files/home/02.ERP-system/11.procurement/920.meta/OVERVIEW.md	/data/data/com.termux/files/home/02.ERP-system/11.procurement/920.meta/OVERVIEW.md	exists	overview already exists
/data/data/com.termux/files/home/02.ERP-system/12.inventory	archive_payload	/data/data/com.termux/files/home/02.ERP-system/12.inventory/020.architecture/1155_ERP_THREE_LAYER_CURRENT_STATE.md	/data/data/com.termux/files/home/02.ERP-system/99.archive/20260422_224743/module-design-reset/12.inventory/020.architecture/1155_ERP_THREE_LAYER_CURRENT_STATE.md	moved	module payload archived during reset
/data/data/com.termux/files/home/02.ERP-system/12.inventory	archive_payload	/data/data/com.termux/files/home/02.ERP-system/12.inventory/020.architecture/1156_ERP_THREE_LAYER_DEFINITION.md	/data/data/com.termux/files/home/02.ERP-system/99.archive/20260422_224743/module-design-reset/12.inventory/020.architecture/1156_ERP_THREE_LAYER_DEFINITION.md	moved	module payload archived during reset
/data/data/com.termux/files/home/02.ERP-system/12.inventory	archive_payload	/data/data/com.termux/files/home/02.ERP-system/12.inventory/020.architecture/1157_ERP_BASE_LAYER_CURRENT_READING.md	/data/data/com.termux/files/home/02.ERP-system/99.archive/20260422_224743/module-design-reset/12.inventory/020.architecture/1157_ERP_BASE_LAYER_CURRENT_READING.md	moved	module payload archived during reset
/data/data/com.termux/files/home/02.ERP-system/12.inventory	archive_payload	/data/data/com.termux/files/home/02.ERP-system/12.inventory/020.architecture/1158_ERP_BUSINESS_LAYER_CURRENT_READING.md	/data/data/com.termux/files/home/02.ERP-system/99.archive/20260422_224743/module-design-reset/12.inventory/020.architecture/1158_ERP_BUSINESS_LAYER_CURRENT_READING.md	moved	module payload archived during reset
/data/data/com.termux/files/home/02.ERP-system/12.inventory	archive_payload	/data/data/com.termux/files/home/02.ERP-system/12.inventory/020.architecture/1159_ERP_MANAGEMENT_LAYER_CURRENT_READING.md	/data/data/com.termux/files/home/02.ERP-system/99.archive/20260422_224743/module-design-reset/12.inventory/020.architecture/1159_ERP_MANAGEMENT_LAYER_CURRENT_READING.md	moved	module payload archived during reset
/data/data/com.termux/files/home/02.ERP-system/12.inventory	archive_payload	/data/data/com.termux/files/home/02.ERP-system/12.inventory/020.architecture/1160_ERP_WHOLE_DESIGN_COMPLETION_JUDGMENT_RULE.md	/data/data/com.termux/files/home/02.ERP-system/99.archive/20260422_224743/module-design-reset/12.inventory/020.architecture/1160_ERP_WHOLE_DESIGN_COMPLETION_JUDGMENT_RULE.md	moved	module payload archived during reset
/data/data/com.termux/files/home/02.ERP-system/12.inventory	archive_payload	/data/data/com.termux/files/home/02.ERP-system/12.inventory/020.architecture/1161_ERP_THREE_LAYER_CURRENT_STATE_ROOT_NAVIGATION_RULE.md	/data/data/com.termux/files/home/02.ERP-system/99.archive/20260422_224743/module-design-reset/12.inventory/020.architecture/1161_ERP_THREE_LAYER_CURRENT_STATE_ROOT_NAVIGATION_RULE.md	moved	module payload archived during reset
/data/data/com.termux/files/home/02.ERP-system/12.inventory	archive_payload	/data/data/com.termux/files/home/02.ERP-system/12.inventory/020.architecture/1162_ERP_THREE_LAYER_COMPLETION_STATUS_MATRIX.md	/data/data/com.termux/files/home/02.ERP-system/99.archive/20260422_224743/module-design-reset/12.inventory/020.architecture/1162_ERP_THREE_LAYER_COMPLETION_STATUS_MATRIX.md	moved	module payload archived during reset
/data/data/com.termux/files/home/02.ERP-system/12.inventory	archive_payload	/data/data/com.termux/files/home/02.ERP-system/12.inventory/020.architecture/1163_ERP_BASE_LAYER_GAP_INVENTORY.md	/data/data/com.termux/files/home/02.ERP-system/99.archive/20260422_224743/module-design-reset/12.inventory/020.architecture/1163_ERP_BASE_LAYER_GAP_INVENTORY.md	moved	module payload archived during reset
/data/data/com.termux/files/home/02.ERP-system/12.inventory	archive_payload	/data/data/com.termux/files/home/02.ERP-system/12.inventory/020.architecture/1164_ERP_BUSINESS_LAYER_GAP_INVENTORY.md	/data/data/com.termux/files/home/02.ERP-system/99.archive/20260422_224743/module-design-reset/12.inventory/020.architecture/1164_ERP_BUSINESS_LAYER_GAP_INVENTORY.md	moved	module payload archived during reset
/data/data/com.termux/files/home/02.ERP-system/12.inventory	archive_payload	/data/data/com.termux/files/home/02.ERP-system/12.inventory/020.architecture/1165_ERP_MANAGEMENT_LAYER_GAP_INVENTORY.md	/data/data/com.termux/files/home/02.ERP-system/99.archive/20260422_224743/module-design-reset/12.inventory/020.architecture/1165_ERP_MANAGEMENT_LAYER_GAP_INVENTORY.md	moved	module payload archived during reset
/data/data/com.termux/files/home/02.ERP-system/12.inventory	archive_payload	/data/data/com.termux/files/home/02.ERP-system/12.inventory/020.architecture/1166_ERP_THREE_LAYER_OVERLAP_AND_BOUNDARY_WATCHLIST.md	/data/data/com.termux/files/home/02.ERP-system/99.archive/20260422_224743/module-design-reset/12.inventory/020.architecture/1166_ERP_THREE_LAYER_OVERLAP_AND_BOUNDARY_WATCHLIST.md	moved	module payload archived during reset
/data/data/com.termux/files/home/02.ERP-system/12.inventory	archive_payload	/data/data/com.termux/files/home/02.ERP-system/12.inventory/020.architecture/1167_ERP_DEFERRED_AND_NOT_YET_SUFFICIENTLY_DESIGNED_LIST.md	/data/data/com.termux/files/home/02.ERP-system/99.archive/20260422_224743/module-design-reset/12.inventory/020.architecture/1167_ERP_DEFERRED_AND_NOT_YET_SUFFICIENTLY_DESIGNED_LIST.md	moved	module payload archived during reset
/data/data/com.termux/files/home/02.ERP-system/12.inventory	archive_payload	/data/data/com.termux/files/home/02.ERP-system/12.inventory/020.architecture/1168_ERP_THREE_LAYER_PRIORITY_SEQUENCE.md	/data/data/com.termux/files/home/02.ERP-system/99.archive/20260422_224743/module-design-reset/12.inventory/020.architecture/1168_ERP_THREE_LAYER_PRIORITY_SEQUENCE.md	moved	module payload archived during reset
/data/data/com.termux/files/home/02.ERP-system/12.inventory	archive_payload	/data/data/com.termux/files/home/02.ERP-system/12.inventory/020.architecture/1169_ERP_THREE_LAYER_INTEGRATED_INVENTORY_SUMMARY.md	/data/data/com.termux/files/home/02.ERP-system/99.archive/20260422_224743/module-design-reset/12.inventory/020.architecture/1169_ERP_THREE_LAYER_INTEGRATED_INVENTORY_SUMMARY.md	moved	module payload archived during reset
/data/data/com.termux/files/home/02.ERP-system/12.inventory	archive_payload	/data/data/com.termux/files/home/02.ERP-system/12.inventory/020.architecture/1170_ERP_THREE_LAYER_INVENTORY_ROOT_PATCH.md	/data/data/com.termux/files/home/02.ERP-system/99.archive/20260422_224743/module-design-reset/12.inventory/020.architecture/1170_ERP_THREE_LAYER_INVENTORY_ROOT_PATCH.md	moved	module payload archived during reset
/data/data/com.termux/files/home/02.ERP-system/12.inventory	archive_payload	/data/data/com.termux/files/home/02.ERP-system/12.inventory/020.architecture/1172_ERP_THREE_LAYER_INVENTORY_ROOT_NAVIGATION_RULE.md	/data/data/com.termux/files/home/02.ERP-system/99.archive/20260422_224743/module-design-reset/12.inventory/020.architecture/1172_ERP_THREE_LAYER_INVENTORY_ROOT_NAVIGATION_RULE.md	moved	module payload archived during reset
/data/data/com.termux/files/home/02.ERP-system/12.inventory	archive_payload	/data/data/com.termux/files/home/02.ERP-system/12.inventory/020.architecture/1214_ERP_INVENTORY_WHOLE_DESIGN_STATUS.md	/data/data/com.termux/files/home/02.ERP-system/99.archive/20260422_224743/module-design-reset/12.inventory/020.architecture/1214_ERP_INVENTORY_WHOLE_DESIGN_STATUS.md	moved	module payload archived during reset
/data/data/com.termux/files/home/02.ERP-system/12.inventory	archive_payload	/data/data/com.termux/files/home/02.ERP-system/12.inventory/020.architecture/1223_ERP_INVENTORY_VS_WMS_BOUNDARY_EXACTNESS_RULE.md	/data/data/com.termux/files/home/02.ERP-system/99.archive/20260422_224743/module-design-reset/12.inventory/020.architecture/1223_ERP_INVENTORY_VS_WMS_BOUNDARY_EXACTNESS_RULE.md	moved	module payload archived during reset
/data/data/com.termux/files/home/02.ERP-system/12.inventory	archive_payload	/data/data/com.termux/files/home/02.ERP-system/12.inventory/020.architecture/1225_ERP_BUSINESS_LAYER_UNRESOLVED_GAP_INVENTORY.md	/data/data/com.termux/files/home/02.ERP-system/99.archive/20260422_224743/module-design-reset/12.inventory/020.architecture/1225_ERP_BUSINESS_LAYER_UNRESOLVED_GAP_INVENTORY.md	moved	module payload archived during reset
/data/data/com.termux/files/home/02.ERP-system/12.inventory	archive_payload	/data/data/com.termux/files/home/02.ERP-system/12.inventory/020.architecture/1261_ERP_MANAGEMENT_LAYER_UNRESOLVED_GAP_INVENTORY.md	/data/data/com.termux/files/home/02.ERP-system/99.archive/20260422_224743/module-design-reset/12.inventory/020.architecture/1261_ERP_MANAGEMENT_LAYER_UNRESOLVED_GAP_INVENTORY.md	moved	module payload archived during reset
/data/data/com.termux/files/home/02.ERP-system/12.inventory	archive_payload	/data/data/com.termux/files/home/02.ERP-system/12.inventory/020.architecture/1294_ERP_UNRESOLVED_SEMANTIC_COLLISION_INVENTORY.md	/data/data/com.termux/files/home/02.ERP-system/99.archive/20260422_224743/module-design-reset/12.inventory/020.architecture/1294_ERP_UNRESOLVED_SEMANTIC_COLLISION_INVENTORY.md	moved	module payload archived during reset
/data/data/com.termux/files/home/02.ERP-system/12.inventory	archive_payload	/data/data/com.termux/files/home/02.ERP-system/12.inventory/020.architecture/INDEX__20260422_182656.md	/data/data/com.termux/files/home/02.ERP-system/99.archive/20260422_224743/module-design-reset/12.inventory/020.architecture/INDEX__20260422_182656.md	moved	module payload archived during reset
/data/data/com.termux/files/home/02.ERP-system/12.inventory	archive_payload	/data/data/com.termux/files/home/02.ERP-system/12.inventory/020.architecture/INDEX__20260422_204049.md	/data/data/com.termux/files/home/02.ERP-system/99.archive/20260422_224743/module-design-reset/12.inventory/020.architecture/INDEX__20260422_204049.md	moved	module payload archived during reset
/data/data/com.termux/files/home/02.ERP-system/12.inventory	archive_payload	/data/data/com.termux/files/home/02.ERP-system/12.inventory/020.architecture/OVERVIEW__20260422_182656.md	/data/data/com.termux/files/home/02.ERP-system/99.archive/20260422_224743/module-design-reset/12.inventory/020.architecture/OVERVIEW__20260422_182656.md	moved	module payload archived during reset
/data/data/com.termux/files/home/02.ERP-system/12.inventory	archive_payload	/data/data/com.termux/files/home/02.ERP-system/12.inventory/020.architecture/OVERVIEW__20260422_204049.md	/data/data/com.termux/files/home/02.ERP-system/99.archive/20260422_224743/module-design-reset/12.inventory/020.architecture/OVERVIEW__20260422_204049.md	moved	module payload archived during reset
/data/data/com.termux/files/home/02.ERP-system/12.inventory	archive_payload	/data/data/com.termux/files/home/02.ERP-system/12.inventory/060.integration/1095_ERP_ADDITIONAL_SYSTEMS_INTEGRATION_SCREEN_INVENTORY_AND_NAVIGATION.md	/data/data/com.termux/files/home/02.ERP-system/99.archive/20260422_224743/module-design-reset/12.inventory/060.integration/1095_ERP_ADDITIONAL_SYSTEMS_INTEGRATION_SCREEN_INVENTORY_AND_NAVIGATION.md	moved	module payload archived during reset
/data/data/com.termux/files/home/02.ERP-system/12.inventory	archive_payload	/data/data/com.termux/files/home/02.ERP-system/12.inventory/060.integration/1129_ERP_WHOLE_SYSTEM_INTEGRATION_SCREEN_INVENTORY_AND_NAVIGATION.md	/data/data/com.termux/files/home/02.ERP-system/99.archive/20260422_224743/module-design-reset/12.inventory/060.integration/1129_ERP_WHOLE_SYSTEM_INTEGRATION_SCREEN_INVENTORY_AND_NAVIGATION.md	moved	module payload archived during reset
/data/data/com.termux/files/home/02.ERP-system/12.inventory	dir	/data/data/com.termux/files/home/02.ERP-system/12.inventory/010.constitution	/data/data/com.termux/files/home/02.ERP-system/12.inventory/010.constitution	exists	directory already exists
/data/data/com.termux/files/home/02.ERP-system/12.inventory	dir	/data/data/com.termux/files/home/02.ERP-system/12.inventory/020.architecture	/data/data/com.termux/files/home/02.ERP-system/12.inventory/020.architecture	exists	directory already exists
/data/data/com.termux/files/home/02.ERP-system/12.inventory	dir	/data/data/com.termux/files/home/02.ERP-system/12.inventory/030.model	/data/data/com.termux/files/home/02.ERP-system/12.inventory/030.model	exists	directory already exists
/data/data/com.termux/files/home/02.ERP-system/12.inventory	dir	/data/data/com.termux/files/home/02.ERP-system/12.inventory/050.flow	/data/data/com.termux/files/home/02.ERP-system/12.inventory/050.flow	exists	directory already exists
/data/data/com.termux/files/home/02.ERP-system/12.inventory	dir	/data/data/com.termux/files/home/02.ERP-system/12.inventory/060.integration	/data/data/com.termux/files/home/02.ERP-system/12.inventory/060.integration	exists	directory already exists
/data/data/com.termux/files/home/02.ERP-system/12.inventory	dir	/data/data/com.termux/files/home/02.ERP-system/12.inventory/070.operations	/data/data/com.termux/files/home/02.ERP-system/12.inventory/070.operations	exists	directory already exists
/data/data/com.termux/files/home/02.ERP-system/12.inventory	dir	/data/data/com.termux/files/home/02.ERP-system/12.inventory/080.policy	/data/data/com.termux/files/home/02.ERP-system/12.inventory/080.policy	exists	directory already exists
/data/data/com.termux/files/home/02.ERP-system/12.inventory	dir	/data/data/com.termux/files/home/02.ERP-system/12.inventory/100.security	/data/data/com.termux/files/home/02.ERP-system/12.inventory/100.security	exists	directory already exists
/data/data/com.termux/files/home/02.ERP-system/12.inventory	dir	/data/data/com.termux/files/home/02.ERP-system/12.inventory/110.infrastructure	/data/data/com.termux/files/home/02.ERP-system/12.inventory/110.infrastructure	exists	directory already exists
/data/data/com.termux/files/home/02.ERP-system/12.inventory	dir	/data/data/com.termux/files/home/02.ERP-system/12.inventory/120.implementation	/data/data/com.termux/files/home/02.ERP-system/12.inventory/120.implementation	exists	directory already exists
/data/data/com.termux/files/home/02.ERP-system/12.inventory	dir	/data/data/com.termux/files/home/02.ERP-system/12.inventory/130.development	/data/data/com.termux/files/home/02.ERP-system/12.inventory/130.development	exists	directory already exists
/data/data/com.termux/files/home/02.ERP-system/12.inventory	dir	/data/data/com.termux/files/home/02.ERP-system/12.inventory/900.meta	/data/data/com.termux/files/home/02.ERP-system/12.inventory/900.meta	exists	directory already exists
/data/data/com.termux/files/home/02.ERP-system/12.inventory	dir	/data/data/com.termux/files/home/02.ERP-system/12.inventory/920.meta	/data/data/com.termux/files/home/02.ERP-system/12.inventory/920.meta	exists	directory already exists
/data/data/com.termux/files/home/02.ERP-system/12.inventory	index	/data/data/com.termux/files/home/02.ERP-system/12.inventory/INDEX.md	/data/data/com.termux/files/home/02.ERP-system/12.inventory/INDEX.md	exists	index already exists
/data/data/com.termux/files/home/02.ERP-system/12.inventory	overview	/data/data/com.termux/files/home/02.ERP-system/12.inventory/OVERVIEW.md	/data/data/com.termux/files/home/02.ERP-system/12.inventory/OVERVIEW.md	exists	overview already exists
/data/data/com.termux/files/home/02.ERP-system/12.inventory	dir	/data/data/com.termux/files/home/02.ERP-system/12.inventory/010.constitution	/data/data/com.termux/files/home/02.ERP-system/12.inventory/010.constitution	exists	directory already exists
/data/data/com.termux/files/home/02.ERP-system/12.inventory	index	/data/data/com.termux/files/home/02.ERP-system/12.inventory/010.constitution/INDEX.md	/data/data/com.termux/files/home/02.ERP-system/12.inventory/010.constitution/INDEX.md	exists	index already exists
/data/data/com.termux/files/home/02.ERP-system/12.inventory	overview	/data/data/com.termux/files/home/02.ERP-system/12.inventory/010.constitution/OVERVIEW.md	/data/data/com.termux/files/home/02.ERP-system/12.inventory/010.constitution/OVERVIEW.md	exists	overview already exists
/data/data/com.termux/files/home/02.ERP-system/12.inventory	dir	/data/data/com.termux/files/home/02.ERP-system/12.inventory/020.architecture	/data/data/com.termux/files/home/02.ERP-system/12.inventory/020.architecture	exists	directory already exists
/data/data/com.termux/files/home/02.ERP-system/12.inventory	index	/data/data/com.termux/files/home/02.ERP-system/12.inventory/020.architecture/INDEX.md	/data/data/com.termux/files/home/02.ERP-system/12.inventory/020.architecture/INDEX.md	exists	index already exists
/data/data/com.termux/files/home/02.ERP-system/12.inventory	overview	/data/data/com.termux/files/home/02.ERP-system/12.inventory/020.architecture/OVERVIEW.md	/data/data/com.termux/files/home/02.ERP-system/12.inventory/020.architecture/OVERVIEW.md	exists	overview already exists
/data/data/com.termux/files/home/02.ERP-system/12.inventory	dir	/data/data/com.termux/files/home/02.ERP-system/12.inventory/030.model	/data/data/com.termux/files/home/02.ERP-system/12.inventory/030.model	exists	directory already exists
/data/data/com.termux/files/home/02.ERP-system/12.inventory	index	/data/data/com.termux/files/home/02.ERP-system/12.inventory/030.model/INDEX.md	/data/data/com.termux/files/home/02.ERP-system/12.inventory/030.model/INDEX.md	exists	index already exists
/data/data/com.termux/files/home/02.ERP-system/12.inventory	overview	/data/data/com.termux/files/home/02.ERP-system/12.inventory/030.model/OVERVIEW.md	/data/data/com.termux/files/home/02.ERP-system/12.inventory/030.model/OVERVIEW.md	exists	overview already exists
/data/data/com.termux/files/home/02.ERP-system/12.inventory	dir	/data/data/com.termux/files/home/02.ERP-system/12.inventory/050.flow	/data/data/com.termux/files/home/02.ERP-system/12.inventory/050.flow	exists	directory already exists
/data/data/com.termux/files/home/02.ERP-system/12.inventory	index	/data/data/com.termux/files/home/02.ERP-system/12.inventory/050.flow/INDEX.md	/data/data/com.termux/files/home/02.ERP-system/12.inventory/050.flow/INDEX.md	exists	index already exists
/data/data/com.termux/files/home/02.ERP-system/12.inventory	overview	/data/data/com.termux/files/home/02.ERP-system/12.inventory/050.flow/OVERVIEW.md	/data/data/com.termux/files/home/02.ERP-system/12.inventory/050.flow/OVERVIEW.md	exists	overview already exists
/data/data/com.termux/files/home/02.ERP-system/12.inventory	dir	/data/data/com.termux/files/home/02.ERP-system/12.inventory/060.integration	/data/data/com.termux/files/home/02.ERP-system/12.inventory/060.integration	exists	directory already exists
/data/data/com.termux/files/home/02.ERP-system/12.inventory	index	/data/data/com.termux/files/home/02.ERP-system/12.inventory/060.integration/INDEX.md	/data/data/com.termux/files/home/02.ERP-system/12.inventory/060.integration/INDEX.md	exists	index already exists
/data/data/com.termux/files/home/02.ERP-system/12.inventory	overview	/data/data/com.termux/files/home/02.ERP-system/12.inventory/060.integration/OVERVIEW.md	/data/data/com.termux/files/home/02.ERP-system/12.inventory/060.integration/OVERVIEW.md	exists	overview already exists
/data/data/com.termux/files/home/02.ERP-system/12.inventory	dir	/data/data/com.termux/files/home/02.ERP-system/12.inventory/070.operations	/data/data/com.termux/files/home/02.ERP-system/12.inventory/070.operations	exists	directory already exists
/data/data/com.termux/files/home/02.ERP-system/12.inventory	index	/data/data/com.termux/files/home/02.ERP-system/12.inventory/070.operations/INDEX.md	/data/data/com.termux/files/home/02.ERP-system/12.inventory/070.operations/INDEX.md	exists	index already exists
/data/data/com.termux/files/home/02.ERP-system/12.inventory	overview	/data/data/com.termux/files/home/02.ERP-system/12.inventory/070.operations/OVERVIEW.md	/data/data/com.termux/files/home/02.ERP-system/12.inventory/070.operations/OVERVIEW.md	exists	overview already exists
/data/data/com.termux/files/home/02.ERP-system/12.inventory	dir	/data/data/com.termux/files/home/02.ERP-system/12.inventory/080.policy	/data/data/com.termux/files/home/02.ERP-system/12.inventory/080.policy	exists	directory already exists
/data/data/com.termux/files/home/02.ERP-system/12.inventory	index	/data/data/com.termux/files/home/02.ERP-system/12.inventory/080.policy/INDEX.md	/data/data/com.termux/files/home/02.ERP-system/12.inventory/080.policy/INDEX.md	exists	index already exists
/data/data/com.termux/files/home/02.ERP-system/12.inventory	overview	/data/data/com.termux/files/home/02.ERP-system/12.inventory/080.policy/OVERVIEW.md	/data/data/com.termux/files/home/02.ERP-system/12.inventory/080.policy/OVERVIEW.md	exists	overview already exists
/data/data/com.termux/files/home/02.ERP-system/12.inventory	dir	/data/data/com.termux/files/home/02.ERP-system/12.inventory/100.security	/data/data/com.termux/files/home/02.ERP-system/12.inventory/100.security	exists	directory already exists
/data/data/com.termux/files/home/02.ERP-system/12.inventory	index	/data/data/com.termux/files/home/02.ERP-system/12.inventory/100.security/INDEX.md	/data/data/com.termux/files/home/02.ERP-system/12.inventory/100.security/INDEX.md	exists	index already exists
/data/data/com.termux/files/home/02.ERP-system/12.inventory	overview	/data/data/com.termux/files/home/02.ERP-system/12.inventory/100.security/OVERVIEW.md	/data/data/com.termux/files/home/02.ERP-system/12.inventory/100.security/OVERVIEW.md	exists	overview already exists
/data/data/com.termux/files/home/02.ERP-system/12.inventory	dir	/data/data/com.termux/files/home/02.ERP-system/12.inventory/110.infrastructure	/data/data/com.termux/files/home/02.ERP-system/12.inventory/110.infrastructure	exists	directory already exists
/data/data/com.termux/files/home/02.ERP-system/12.inventory	index	/data/data/com.termux/files/home/02.ERP-system/12.inventory/110.infrastructure/INDEX.md	/data/data/com.termux/files/home/02.ERP-system/12.inventory/110.infrastructure/INDEX.md	exists	index already exists
/data/data/com.termux/files/home/02.ERP-system/12.inventory	overview	/data/data/com.termux/files/home/02.ERP-system/12.inventory/110.infrastructure/OVERVIEW.md	/data/data/com.termux/files/home/02.ERP-system/12.inventory/110.infrastructure/OVERVIEW.md	exists	overview already exists
/data/data/com.termux/files/home/02.ERP-system/12.inventory	dir	/data/data/com.termux/files/home/02.ERP-system/12.inventory/120.implementation	/data/data/com.termux/files/home/02.ERP-system/12.inventory/120.implementation	exists	directory already exists
/data/data/com.termux/files/home/02.ERP-system/12.inventory	index	/data/data/com.termux/files/home/02.ERP-system/12.inventory/120.implementation/INDEX.md	/data/data/com.termux/files/home/02.ERP-system/12.inventory/120.implementation/INDEX.md	exists	index already exists
/data/data/com.termux/files/home/02.ERP-system/12.inventory	overview	/data/data/com.termux/files/home/02.ERP-system/12.inventory/120.implementation/OVERVIEW.md	/data/data/com.termux/files/home/02.ERP-system/12.inventory/120.implementation/OVERVIEW.md	exists	overview already exists
/data/data/com.termux/files/home/02.ERP-system/12.inventory	dir	/data/data/com.termux/files/home/02.ERP-system/12.inventory/130.development	/data/data/com.termux/files/home/02.ERP-system/12.inventory/130.development	exists	directory already exists
/data/data/com.termux/files/home/02.ERP-system/12.inventory	index	/data/data/com.termux/files/home/02.ERP-system/12.inventory/130.development/INDEX.md	/data/data/com.termux/files/home/02.ERP-system/12.inventory/130.development/INDEX.md	exists	index already exists
/data/data/com.termux/files/home/02.ERP-system/12.inventory	overview	/data/data/com.termux/files/home/02.ERP-system/12.inventory/130.development/OVERVIEW.md	/data/data/com.termux/files/home/02.ERP-system/12.inventory/130.development/OVERVIEW.md	exists	overview already exists
/data/data/com.termux/files/home/02.ERP-system/12.inventory	dir	/data/data/com.termux/files/home/02.ERP-system/12.inventory/900.meta	/data/data/com.termux/files/home/02.ERP-system/12.inventory/900.meta	exists	directory already exists
/data/data/com.termux/files/home/02.ERP-system/12.inventory	index	/data/data/com.termux/files/home/02.ERP-system/12.inventory/900.meta/INDEX.md	/data/data/com.termux/files/home/02.ERP-system/12.inventory/900.meta/INDEX.md	exists	index already exists
/data/data/com.termux/files/home/02.ERP-system/12.inventory	overview	/data/data/com.termux/files/home/02.ERP-system/12.inventory/900.meta/OVERVIEW.md	/data/data/com.termux/files/home/02.ERP-system/12.inventory/900.meta/OVERVIEW.md	exists	overview already exists
/data/data/com.termux/files/home/02.ERP-system/12.inventory	dir	/data/data/com.termux/files/home/02.ERP-system/12.inventory/920.meta	/data/data/com.termux/files/home/02.ERP-system/12.inventory/920.meta	exists	directory already exists
/data/data/com.termux/files/home/02.ERP-system/12.inventory	index	/data/data/com.termux/files/home/02.ERP-system/12.inventory/920.meta/INDEX.md	/data/data/com.termux/files/home/02.ERP-system/12.inventory/920.meta/INDEX.md	exists	index already exists
/data/data/com.termux/files/home/02.ERP-system/12.inventory	overview	/data/data/com.termux/files/home/02.ERP-system/12.inventory/920.meta/OVERVIEW.md	/data/data/com.termux/files/home/02.ERP-system/12.inventory/920.meta/OVERVIEW.md	exists	overview already exists
/data/data/com.termux/files/home/02.ERP-system/13.warehouse	archive_payload	/data/data/com.termux/files/home/02.ERP-system/13.warehouse/020.architecture/1181_ERP_SHARED_COMPANY_DEPARTMENT_SITE_WAREHOUSE_REFERENCE_RULE.md	/data/data/com.termux/files/home/02.ERP-system/99.archive/20260422_224743/module-design-reset/13.warehouse/020.architecture/1181_ERP_SHARED_COMPANY_DEPARTMENT_SITE_WAREHOUSE_REFERENCE_RULE.md	moved	module payload archived during reset
/data/data/com.termux/files/home/02.ERP-system/13.warehouse	dir	/data/data/com.termux/files/home/02.ERP-system/13.warehouse/010.constitution	/data/data/com.termux/files/home/02.ERP-system/13.warehouse/010.constitution	exists	directory already exists
/data/data/com.termux/files/home/02.ERP-system/13.warehouse	dir	/data/data/com.termux/files/home/02.ERP-system/13.warehouse/020.architecture	/data/data/com.termux/files/home/02.ERP-system/13.warehouse/020.architecture	exists	directory already exists
/data/data/com.termux/files/home/02.ERP-system/13.warehouse	dir	/data/data/com.termux/files/home/02.ERP-system/13.warehouse/030.model	/data/data/com.termux/files/home/02.ERP-system/13.warehouse/030.model	exists	directory already exists
/data/data/com.termux/files/home/02.ERP-system/13.warehouse	dir	/data/data/com.termux/files/home/02.ERP-system/13.warehouse/050.flow	/data/data/com.termux/files/home/02.ERP-system/13.warehouse/050.flow	exists	directory already exists
/data/data/com.termux/files/home/02.ERP-system/13.warehouse	dir	/data/data/com.termux/files/home/02.ERP-system/13.warehouse/060.integration	/data/data/com.termux/files/home/02.ERP-system/13.warehouse/060.integration	exists	directory already exists
/data/data/com.termux/files/home/02.ERP-system/13.warehouse	dir	/data/data/com.termux/files/home/02.ERP-system/13.warehouse/070.operations	/data/data/com.termux/files/home/02.ERP-system/13.warehouse/070.operations	exists	directory already exists
/data/data/com.termux/files/home/02.ERP-system/13.warehouse	dir	/data/data/com.termux/files/home/02.ERP-system/13.warehouse/080.policy	/data/data/com.termux/files/home/02.ERP-system/13.warehouse/080.policy	exists	directory already exists
/data/data/com.termux/files/home/02.ERP-system/13.warehouse	dir	/data/data/com.termux/files/home/02.ERP-system/13.warehouse/100.security	/data/data/com.termux/files/home/02.ERP-system/13.warehouse/100.security	exists	directory already exists
/data/data/com.termux/files/home/02.ERP-system/13.warehouse	dir	/data/data/com.termux/files/home/02.ERP-system/13.warehouse/110.infrastructure	/data/data/com.termux/files/home/02.ERP-system/13.warehouse/110.infrastructure	exists	directory already exists
/data/data/com.termux/files/home/02.ERP-system/13.warehouse	dir	/data/data/com.termux/files/home/02.ERP-system/13.warehouse/120.implementation	/data/data/com.termux/files/home/02.ERP-system/13.warehouse/120.implementation	exists	directory already exists
/data/data/com.termux/files/home/02.ERP-system/13.warehouse	dir	/data/data/com.termux/files/home/02.ERP-system/13.warehouse/130.development	/data/data/com.termux/files/home/02.ERP-system/13.warehouse/130.development	exists	directory already exists
/data/data/com.termux/files/home/02.ERP-system/13.warehouse	dir	/data/data/com.termux/files/home/02.ERP-system/13.warehouse/900.meta	/data/data/com.termux/files/home/02.ERP-system/13.warehouse/900.meta	exists	directory already exists
/data/data/com.termux/files/home/02.ERP-system/13.warehouse	dir	/data/data/com.termux/files/home/02.ERP-system/13.warehouse/920.meta	/data/data/com.termux/files/home/02.ERP-system/13.warehouse/920.meta	exists	directory already exists
/data/data/com.termux/files/home/02.ERP-system/13.warehouse	index	/data/data/com.termux/files/home/02.ERP-system/13.warehouse/INDEX.md	/data/data/com.termux/files/home/02.ERP-system/13.warehouse/INDEX.md	exists	index already exists
/data/data/com.termux/files/home/02.ERP-system/13.warehouse	overview	/data/data/com.termux/files/home/02.ERP-system/13.warehouse/OVERVIEW.md	/data/data/com.termux/files/home/02.ERP-system/13.warehouse/OVERVIEW.md	exists	overview already exists
/data/data/com.termux/files/home/02.ERP-system/13.warehouse	dir	/data/data/com.termux/files/home/02.ERP-system/13.warehouse/010.constitution	/data/data/com.termux/files/home/02.ERP-system/13.warehouse/010.constitution	exists	directory already exists
/data/data/com.termux/files/home/02.ERP-system/13.warehouse	index	/data/data/com.termux/files/home/02.ERP-system/13.warehouse/010.constitution/INDEX.md	/data/data/com.termux/files/home/02.ERP-system/13.warehouse/010.constitution/INDEX.md	exists	index already exists
/data/data/com.termux/files/home/02.ERP-system/13.warehouse	overview	/data/data/com.termux/files/home/02.ERP-system/13.warehouse/010.constitution/OVERVIEW.md	/data/data/com.termux/files/home/02.ERP-system/13.warehouse/010.constitution/OVERVIEW.md	exists	overview already exists
/data/data/com.termux/files/home/02.ERP-system/13.warehouse	dir	/data/data/com.termux/files/home/02.ERP-system/13.warehouse/020.architecture	/data/data/com.termux/files/home/02.ERP-system/13.warehouse/020.architecture	exists	directory already exists
/data/data/com.termux/files/home/02.ERP-system/13.warehouse	index	/data/data/com.termux/files/home/02.ERP-system/13.warehouse/020.architecture/INDEX.md	/data/data/com.termux/files/home/02.ERP-system/13.warehouse/020.architecture/INDEX.md	exists	index already exists
/data/data/com.termux/files/home/02.ERP-system/13.warehouse	overview	/data/data/com.termux/files/home/02.ERP-system/13.warehouse/020.architecture/OVERVIEW.md	/data/data/com.termux/files/home/02.ERP-system/13.warehouse/020.architecture/OVERVIEW.md	exists	overview already exists
/data/data/com.termux/files/home/02.ERP-system/13.warehouse	dir	/data/data/com.termux/files/home/02.ERP-system/13.warehouse/030.model	/data/data/com.termux/files/home/02.ERP-system/13.warehouse/030.model	exists	directory already exists
/data/data/com.termux/files/home/02.ERP-system/13.warehouse	index	/data/data/com.termux/files/home/02.ERP-system/13.warehouse/030.model/INDEX.md	/data/data/com.termux/files/home/02.ERP-system/13.warehouse/030.model/INDEX.md	exists	index already exists
/data/data/com.termux/files/home/02.ERP-system/13.warehouse	overview	/data/data/com.termux/files/home/02.ERP-system/13.warehouse/030.model/OVERVIEW.md	/data/data/com.termux/files/home/02.ERP-system/13.warehouse/030.model/OVERVIEW.md	exists	overview already exists
/data/data/com.termux/files/home/02.ERP-system/13.warehouse	dir	/data/data/com.termux/files/home/02.ERP-system/13.warehouse/050.flow	/data/data/com.termux/files/home/02.ERP-system/13.warehouse/050.flow	exists	directory already exists
/data/data/com.termux/files/home/02.ERP-system/13.warehouse	index	/data/data/com.termux/files/home/02.ERP-system/13.warehouse/050.flow/INDEX.md	/data/data/com.termux/files/home/02.ERP-system/13.warehouse/050.flow/INDEX.md	exists	index already exists
/data/data/com.termux/files/home/02.ERP-system/13.warehouse	overview	/data/data/com.termux/files/home/02.ERP-system/13.warehouse/050.flow/OVERVIEW.md	/data/data/com.termux/files/home/02.ERP-system/13.warehouse/050.flow/OVERVIEW.md	exists	overview already exists
/data/data/com.termux/files/home/02.ERP-system/13.warehouse	dir	/data/data/com.termux/files/home/02.ERP-system/13.warehouse/060.integration	/data/data/com.termux/files/home/02.ERP-system/13.warehouse/060.integration	exists	directory already exists
/data/data/com.termux/files/home/02.ERP-system/13.warehouse	index	/data/data/com.termux/files/home/02.ERP-system/13.warehouse/060.integration/INDEX.md	/data/data/com.termux/files/home/02.ERP-system/13.warehouse/060.integration/INDEX.md	exists	index already exists
/data/data/com.termux/files/home/02.ERP-system/13.warehouse	overview	/data/data/com.termux/files/home/02.ERP-system/13.warehouse/060.integration/OVERVIEW.md	/data/data/com.termux/files/home/02.ERP-system/13.warehouse/060.integration/OVERVIEW.md	exists	overview already exists
/data/data/com.termux/files/home/02.ERP-system/13.warehouse	dir	/data/data/com.termux/files/home/02.ERP-system/13.warehouse/070.operations	/data/data/com.termux/files/home/02.ERP-system/13.warehouse/070.operations	exists	directory already exists
/data/data/com.termux/files/home/02.ERP-system/13.warehouse	index	/data/data/com.termux/files/home/02.ERP-system/13.warehouse/070.operations/INDEX.md	/data/data/com.termux/files/home/02.ERP-system/13.warehouse/070.operations/INDEX.md	exists	index already exists
/data/data/com.termux/files/home/02.ERP-system/13.warehouse	overview	/data/data/com.termux/files/home/02.ERP-system/13.warehouse/070.operations/OVERVIEW.md	/data/data/com.termux/files/home/02.ERP-system/13.warehouse/070.operations/OVERVIEW.md	exists	overview already exists
/data/data/com.termux/files/home/02.ERP-system/13.warehouse	dir	/data/data/com.termux/files/home/02.ERP-system/13.warehouse/080.policy	/data/data/com.termux/files/home/02.ERP-system/13.warehouse/080.policy	exists	directory already exists
/data/data/com.termux/files/home/02.ERP-system/13.warehouse	index	/data/data/com.termux/files/home/02.ERP-system/13.warehouse/080.policy/INDEX.md	/data/data/com.termux/files/home/02.ERP-system/13.warehouse/080.policy/INDEX.md	exists	index already exists
/data/data/com.termux/files/home/02.ERP-system/13.warehouse	overview	/data/data/com.termux/files/home/02.ERP-system/13.warehouse/080.policy/OVERVIEW.md	/data/data/com.termux/files/home/02.ERP-system/13.warehouse/080.policy/OVERVIEW.md	exists	overview already exists
/data/data/com.termux/files/home/02.ERP-system/13.warehouse	dir	/data/data/com.termux/files/home/02.ERP-system/13.warehouse/100.security	/data/data/com.termux/files/home/02.ERP-system/13.warehouse/100.security	exists	directory already exists
/data/data/com.termux/files/home/02.ERP-system/13.warehouse	index	/data/data/com.termux/files/home/02.ERP-system/13.warehouse/100.security/INDEX.md	/data/data/com.termux/files/home/02.ERP-system/13.warehouse/100.security/INDEX.md	exists	index already exists
/data/data/com.termux/files/home/02.ERP-system/13.warehouse	overview	/data/data/com.termux/files/home/02.ERP-system/13.warehouse/100.security/OVERVIEW.md	/data/data/com.termux/files/home/02.ERP-system/13.warehouse/100.security/OVERVIEW.md	exists	overview already exists
/data/data/com.termux/files/home/02.ERP-system/13.warehouse	dir	/data/data/com.termux/files/home/02.ERP-system/13.warehouse/110.infrastructure	/data/data/com.termux/files/home/02.ERP-system/13.warehouse/110.infrastructure	exists	directory already exists
/data/data/com.termux/files/home/02.ERP-system/13.warehouse	index	/data/data/com.termux/files/home/02.ERP-system/13.warehouse/110.infrastructure/INDEX.md	/data/data/com.termux/files/home/02.ERP-system/13.warehouse/110.infrastructure/INDEX.md	exists	index already exists
/data/data/com.termux/files/home/02.ERP-system/13.warehouse	overview	/data/data/com.termux/files/home/02.ERP-system/13.warehouse/110.infrastructure/OVERVIEW.md	/data/data/com.termux/files/home/02.ERP-system/13.warehouse/110.infrastructure/OVERVIEW.md	exists	overview already exists
/data/data/com.termux/files/home/02.ERP-system/13.warehouse	dir	/data/data/com.termux/files/home/02.ERP-system/13.warehouse/120.implementation	/data/data/com.termux/files/home/02.ERP-system/13.warehouse/120.implementation	exists	directory already exists
/data/data/com.termux/files/home/02.ERP-system/13.warehouse	index	/data/data/com.termux/files/home/02.ERP-system/13.warehouse/120.implementation/INDEX.md	/data/data/com.termux/files/home/02.ERP-system/13.warehouse/120.implementation/INDEX.md	exists	index already exists
/data/data/com.termux/files/home/02.ERP-system/13.warehouse	overview	/data/data/com.termux/files/home/02.ERP-system/13.warehouse/120.implementation/OVERVIEW.md	/data/data/com.termux/files/home/02.ERP-system/13.warehouse/120.implementation/OVERVIEW.md	exists	overview already exists
/data/data/com.termux/files/home/02.ERP-system/13.warehouse	dir	/data/data/com.termux/files/home/02.ERP-system/13.warehouse/130.development	/data/data/com.termux/files/home/02.ERP-system/13.warehouse/130.development	exists	directory already exists
/data/data/com.termux/files/home/02.ERP-system/13.warehouse	index	/data/data/com.termux/files/home/02.ERP-system/13.warehouse/130.development/INDEX.md	/data/data/com.termux/files/home/02.ERP-system/13.warehouse/130.development/INDEX.md	exists	index already exists
/data/data/com.termux/files/home/02.ERP-system/13.warehouse	overview	/data/data/com.termux/files/home/02.ERP-system/13.warehouse/130.development/OVERVIEW.md	/data/data/com.termux/files/home/02.ERP-system/13.warehouse/130.development/OVERVIEW.md	exists	overview already exists
/data/data/com.termux/files/home/02.ERP-system/13.warehouse	dir	/data/data/com.termux/files/home/02.ERP-system/13.warehouse/900.meta	/data/data/com.termux/files/home/02.ERP-system/13.warehouse/900.meta	exists	directory already exists
/data/data/com.termux/files/home/02.ERP-system/13.warehouse	index	/data/data/com.termux/files/home/02.ERP-system/13.warehouse/900.meta/INDEX.md	/data/data/com.termux/files/home/02.ERP-system/13.warehouse/900.meta/INDEX.md	exists	index already exists
/data/data/com.termux/files/home/02.ERP-system/13.warehouse	overview	/data/data/com.termux/files/home/02.ERP-system/13.warehouse/900.meta/OVERVIEW.md	/data/data/com.termux/files/home/02.ERP-system/13.warehouse/900.meta/OVERVIEW.md	exists	overview already exists
/data/data/com.termux/files/home/02.ERP-system/13.warehouse	dir	/data/data/com.termux/files/home/02.ERP-system/13.warehouse/920.meta	/data/data/com.termux/files/home/02.ERP-system/13.warehouse/920.meta	exists	directory already exists
/data/data/com.termux/files/home/02.ERP-system/13.warehouse	index	/data/data/com.termux/files/home/02.ERP-system/13.warehouse/920.meta/INDEX.md	/data/data/com.termux/files/home/02.ERP-system/13.warehouse/920.meta/INDEX.md	exists	index already exists
/data/data/com.termux/files/home/02.ERP-system/13.warehouse	overview	/data/data/com.termux/files/home/02.ERP-system/13.warehouse/920.meta/OVERVIEW.md	/data/data/com.termux/files/home/02.ERP-system/13.warehouse/920.meta/OVERVIEW.md	exists	overview already exists
/data/data/com.termux/files/home/02.ERP-system/13.warehouse/01.inbound	dir	/data/data/com.termux/files/home/02.ERP-system/13.warehouse/01.inbound/010.constitution	/data/data/com.termux/files/home/02.ERP-system/13.warehouse/01.inbound/010.constitution	exists	directory already exists
/data/data/com.termux/files/home/02.ERP-system/13.warehouse/01.inbound	dir	/data/data/com.termux/files/home/02.ERP-system/13.warehouse/01.inbound/020.architecture	/data/data/com.termux/files/home/02.ERP-system/13.warehouse/01.inbound/020.architecture	exists	directory already exists
/data/data/com.termux/files/home/02.ERP-system/13.warehouse/01.inbound	dir	/data/data/com.termux/files/home/02.ERP-system/13.warehouse/01.inbound/030.model	/data/data/com.termux/files/home/02.ERP-system/13.warehouse/01.inbound/030.model	exists	directory already exists
/data/data/com.termux/files/home/02.ERP-system/13.warehouse/01.inbound	dir	/data/data/com.termux/files/home/02.ERP-system/13.warehouse/01.inbound/050.flow	/data/data/com.termux/files/home/02.ERP-system/13.warehouse/01.inbound/050.flow	exists	directory already exists
/data/data/com.termux/files/home/02.ERP-system/13.warehouse/01.inbound	dir	/data/data/com.termux/files/home/02.ERP-system/13.warehouse/01.inbound/060.integration	/data/data/com.termux/files/home/02.ERP-system/13.warehouse/01.inbound/060.integration	exists	directory already exists
/data/data/com.termux/files/home/02.ERP-system/13.warehouse/01.inbound	dir	/data/data/com.termux/files/home/02.ERP-system/13.warehouse/01.inbound/070.operations	/data/data/com.termux/files/home/02.ERP-system/13.warehouse/01.inbound/070.operations	exists	directory already exists
/data/data/com.termux/files/home/02.ERP-system/13.warehouse/01.inbound	dir	/data/data/com.termux/files/home/02.ERP-system/13.warehouse/01.inbound/080.policy	/data/data/com.termux/files/home/02.ERP-system/13.warehouse/01.inbound/080.policy	exists	directory already exists
/data/data/com.termux/files/home/02.ERP-system/13.warehouse/01.inbound	dir	/data/data/com.termux/files/home/02.ERP-system/13.warehouse/01.inbound/100.security	/data/data/com.termux/files/home/02.ERP-system/13.warehouse/01.inbound/100.security	exists	directory already exists
/data/data/com.termux/files/home/02.ERP-system/13.warehouse/01.inbound	dir	/data/data/com.termux/files/home/02.ERP-system/13.warehouse/01.inbound/110.infrastructure	/data/data/com.termux/files/home/02.ERP-system/13.warehouse/01.inbound/110.infrastructure	exists	directory already exists
/data/data/com.termux/files/home/02.ERP-system/13.warehouse/01.inbound	dir	/data/data/com.termux/files/home/02.ERP-system/13.warehouse/01.inbound/120.implementation	/data/data/com.termux/files/home/02.ERP-system/13.warehouse/01.inbound/120.implementation	exists	directory already exists
/data/data/com.termux/files/home/02.ERP-system/13.warehouse/01.inbound	dir	/data/data/com.termux/files/home/02.ERP-system/13.warehouse/01.inbound/130.development	/data/data/com.termux/files/home/02.ERP-system/13.warehouse/01.inbound/130.development	exists	directory already exists
/data/data/com.termux/files/home/02.ERP-system/13.warehouse/01.inbound	dir	/data/data/com.termux/files/home/02.ERP-system/13.warehouse/01.inbound/900.meta	/data/data/com.termux/files/home/02.ERP-system/13.warehouse/01.inbound/900.meta	exists	directory already exists
/data/data/com.termux/files/home/02.ERP-system/13.warehouse/01.inbound	dir	/data/data/com.termux/files/home/02.ERP-system/13.warehouse/01.inbound/920.meta	/data/data/com.termux/files/home/02.ERP-system/13.warehouse/01.inbound/920.meta	exists	directory already exists
/data/data/com.termux/files/home/02.ERP-system/13.warehouse/01.inbound	index	/data/data/com.termux/files/home/02.ERP-system/13.warehouse/01.inbound/INDEX.md	/data/data/com.termux/files/home/02.ERP-system/13.warehouse/01.inbound/INDEX.md	exists	index already exists
/data/data/com.termux/files/home/02.ERP-system/13.warehouse/01.inbound	overview	/data/data/com.termux/files/home/02.ERP-system/13.warehouse/01.inbound/OVERVIEW.md	/data/data/com.termux/files/home/02.ERP-system/13.warehouse/01.inbound/OVERVIEW.md	exists	overview already exists
/data/data/com.termux/files/home/02.ERP-system/13.warehouse/01.inbound	dir	/data/data/com.termux/files/home/02.ERP-system/13.warehouse/01.inbound/010.constitution	/data/data/com.termux/files/home/02.ERP-system/13.warehouse/01.inbound/010.constitution	exists	directory already exists
/data/data/com.termux/files/home/02.ERP-system/13.warehouse/01.inbound	index	/data/data/com.termux/files/home/02.ERP-system/13.warehouse/01.inbound/010.constitution/INDEX.md	/data/data/com.termux/files/home/02.ERP-system/13.warehouse/01.inbound/010.constitution/INDEX.md	exists	index already exists
/data/data/com.termux/files/home/02.ERP-system/13.warehouse/01.inbound	overview	/data/data/com.termux/files/home/02.ERP-system/13.warehouse/01.inbound/010.constitution/OVERVIEW.md	/data/data/com.termux/files/home/02.ERP-system/13.warehouse/01.inbound/010.constitution/OVERVIEW.md	exists	overview already exists
/data/data/com.termux/files/home/02.ERP-system/13.warehouse/01.inbound	dir	/data/data/com.termux/files/home/02.ERP-system/13.warehouse/01.inbound/020.architecture	/data/data/com.termux/files/home/02.ERP-system/13.warehouse/01.inbound/020.architecture	exists	directory already exists
/data/data/com.termux/files/home/02.ERP-system/13.warehouse/01.inbound	index	/data/data/com.termux/files/home/02.ERP-system/13.warehouse/01.inbound/020.architecture/INDEX.md	/data/data/com.termux/files/home/02.ERP-system/13.warehouse/01.inbound/020.architecture/INDEX.md	exists	index already exists
/data/data/com.termux/files/home/02.ERP-system/13.warehouse/01.inbound	overview	/data/data/com.termux/files/home/02.ERP-system/13.warehouse/01.inbound/020.architecture/OVERVIEW.md	/data/data/com.termux/files/home/02.ERP-system/13.warehouse/01.inbound/020.architecture/OVERVIEW.md	exists	overview already exists
/data/data/com.termux/files/home/02.ERP-system/13.warehouse/01.inbound	dir	/data/data/com.termux/files/home/02.ERP-system/13.warehouse/01.inbound/030.model	/data/data/com.termux/files/home/02.ERP-system/13.warehouse/01.inbound/030.model	exists	directory already exists
/data/data/com.termux/files/home/02.ERP-system/13.warehouse/01.inbound	index	/data/data/com.termux/files/home/02.ERP-system/13.warehouse/01.inbound/030.model/INDEX.md	/data/data/com.termux/files/home/02.ERP-system/13.warehouse/01.inbound/030.model/INDEX.md	exists	index already exists
/data/data/com.termux/files/home/02.ERP-system/13.warehouse/01.inbound	overview	/data/data/com.termux/files/home/02.ERP-system/13.warehouse/01.inbound/030.model/OVERVIEW.md	/data/data/com.termux/files/home/02.ERP-system/13.warehouse/01.inbound/030.model/OVERVIEW.md	exists	overview already exists
/data/data/com.termux/files/home/02.ERP-system/13.warehouse/01.inbound	dir	/data/data/com.termux/files/home/02.ERP-system/13.warehouse/01.inbound/050.flow	/data/data/com.termux/files/home/02.ERP-system/13.warehouse/01.inbound/050.flow	exists	directory already exists
/data/data/com.termux/files/home/02.ERP-system/13.warehouse/01.inbound	index	/data/data/com.termux/files/home/02.ERP-system/13.warehouse/01.inbound/050.flow/INDEX.md	/data/data/com.termux/files/home/02.ERP-system/13.warehouse/01.inbound/050.flow/INDEX.md	exists	index already exists
/data/data/com.termux/files/home/02.ERP-system/13.warehouse/01.inbound	overview	/data/data/com.termux/files/home/02.ERP-system/13.warehouse/01.inbound/050.flow/OVERVIEW.md	/data/data/com.termux/files/home/02.ERP-system/13.warehouse/01.inbound/050.flow/OVERVIEW.md	exists	overview already exists
/data/data/com.termux/files/home/02.ERP-system/13.warehouse/01.inbound	dir	/data/data/com.termux/files/home/02.ERP-system/13.warehouse/01.inbound/060.integration	/data/data/com.termux/files/home/02.ERP-system/13.warehouse/01.inbound/060.integration	exists	directory already exists
/data/data/com.termux/files/home/02.ERP-system/13.warehouse/01.inbound	index	/data/data/com.termux/files/home/02.ERP-system/13.warehouse/01.inbound/060.integration/INDEX.md	/data/data/com.termux/files/home/02.ERP-system/13.warehouse/01.inbound/060.integration/INDEX.md	exists	index already exists
/data/data/com.termux/files/home/02.ERP-system/13.warehouse/01.inbound	overview	/data/data/com.termux/files/home/02.ERP-system/13.warehouse/01.inbound/060.integration/OVERVIEW.md	/data/data/com.termux/files/home/02.ERP-system/13.warehouse/01.inbound/060.integration/OVERVIEW.md	exists	overview already exists
/data/data/com.termux/files/home/02.ERP-system/13.warehouse/01.inbound	dir	/data/data/com.termux/files/home/02.ERP-system/13.warehouse/01.inbound/070.operations	/data/data/com.termux/files/home/02.ERP-system/13.warehouse/01.inbound/070.operations	exists	directory already exists
/data/data/com.termux/files/home/02.ERP-system/13.warehouse/01.inbound	index	/data/data/com.termux/files/home/02.ERP-system/13.warehouse/01.inbound/070.operations/INDEX.md	/data/data/com.termux/files/home/02.ERP-system/13.warehouse/01.inbound/070.operations/INDEX.md	exists	index already exists
/data/data/com.termux/files/home/02.ERP-system/13.warehouse/01.inbound	overview	/data/data/com.termux/files/home/02.ERP-system/13.warehouse/01.inbound/070.operations/OVERVIEW.md	/data/data/com.termux/files/home/02.ERP-system/13.warehouse/01.inbound/070.operations/OVERVIEW.md	exists	overview already exists
/data/data/com.termux/files/home/02.ERP-system/13.warehouse/01.inbound	dir	/data/data/com.termux/files/home/02.ERP-system/13.warehouse/01.inbound/080.policy	/data/data/com.termux/files/home/02.ERP-system/13.warehouse/01.inbound/080.policy	exists	directory already exists
/data/data/com.termux/files/home/02.ERP-system/13.warehouse/01.inbound	index	/data/data/com.termux/files/home/02.ERP-system/13.warehouse/01.inbound/080.policy/INDEX.md	/data/data/com.termux/files/home/02.ERP-system/13.warehouse/01.inbound/080.policy/INDEX.md	exists	index already exists
/data/data/com.termux/files/home/02.ERP-system/13.warehouse/01.inbound	overview	/data/data/com.termux/files/home/02.ERP-system/13.warehouse/01.inbound/080.policy/OVERVIEW.md	/data/data/com.termux/files/home/02.ERP-system/13.warehouse/01.inbound/080.policy/OVERVIEW.md	exists	overview already exists
/data/data/com.termux/files/home/02.ERP-system/13.warehouse/01.inbound	dir	/data/data/com.termux/files/home/02.ERP-system/13.warehouse/01.inbound/100.security	/data/data/com.termux/files/home/02.ERP-system/13.warehouse/01.inbound/100.security	exists	directory already exists
/data/data/com.termux/files/home/02.ERP-system/13.warehouse/01.inbound	index	/data/data/com.termux/files/home/02.ERP-system/13.warehouse/01.inbound/100.security/INDEX.md	/data/data/com.termux/files/home/02.ERP-system/13.warehouse/01.inbound/100.security/INDEX.md	exists	index already exists
/data/data/com.termux/files/home/02.ERP-system/13.warehouse/01.inbound	overview	/data/data/com.termux/files/home/02.ERP-system/13.warehouse/01.inbound/100.security/OVERVIEW.md	/data/data/com.termux/files/home/02.ERP-system/13.warehouse/01.inbound/100.security/OVERVIEW.md	exists	overview already exists
/data/data/com.termux/files/home/02.ERP-system/13.warehouse/01.inbound	dir	/data/data/com.termux/files/home/02.ERP-system/13.warehouse/01.inbound/110.infrastructure	/data/data/com.termux/files/home/02.ERP-system/13.warehouse/01.inbound/110.infrastructure	exists	directory already exists
/data/data/com.termux/files/home/02.ERP-system/13.warehouse/01.inbound	index	/data/data/com.termux/files/home/02.ERP-system/13.warehouse/01.inbound/110.infrastructure/INDEX.md	/data/data/com.termux/files/home/02.ERP-system/13.warehouse/01.inbound/110.infrastructure/INDEX.md	exists	index already exists
/data/data/com.termux/files/home/02.ERP-system/13.warehouse/01.inbound	overview	/data/data/com.termux/files/home/02.ERP-system/13.warehouse/01.inbound/110.infrastructure/OVERVIEW.md	/data/data/com.termux/files/home/02.ERP-system/13.warehouse/01.inbound/110.infrastructure/OVERVIEW.md	exists	overview already exists
/data/data/com.termux/files/home/02.ERP-system/13.warehouse/01.inbound	dir	/data/data/com.termux/files/home/02.ERP-system/13.warehouse/01.inbound/120.implementation	/data/data/com.termux/files/home/02.ERP-system/13.warehouse/01.inbound/120.implementation	exists	directory already exists
/data/data/com.termux/files/home/02.ERP-system/13.warehouse/01.inbound	index	/data/data/com.termux/files/home/02.ERP-system/13.warehouse/01.inbound/120.implementation/INDEX.md	/data/data/com.termux/files/home/02.ERP-system/13.warehouse/01.inbound/120.implementation/INDEX.md	exists	index already exists
/data/data/com.termux/files/home/02.ERP-system/13.warehouse/01.inbound	overview	/data/data/com.termux/files/home/02.ERP-system/13.warehouse/01.inbound/120.implementation/OVERVIEW.md	/data/data/com.termux/files/home/02.ERP-system/13.warehouse/01.inbound/120.implementation/OVERVIEW.md	exists	overview already exists
/data/data/com.termux/files/home/02.ERP-system/13.warehouse/01.inbound	dir	/data/data/com.termux/files/home/02.ERP-system/13.warehouse/01.inbound/130.development	/data/data/com.termux/files/home/02.ERP-system/13.warehouse/01.inbound/130.development	exists	directory already exists
/data/data/com.termux/files/home/02.ERP-system/13.warehouse/01.inbound	index	/data/data/com.termux/files/home/02.ERP-system/13.warehouse/01.inbound/130.development/INDEX.md	/data/data/com.termux/files/home/02.ERP-system/13.warehouse/01.inbound/130.development/INDEX.md	exists	index already exists
/data/data/com.termux/files/home/02.ERP-system/13.warehouse/01.inbound	overview	/data/data/com.termux/files/home/02.ERP-system/13.warehouse/01.inbound/130.development/OVERVIEW.md	/data/data/com.termux/files/home/02.ERP-system/13.warehouse/01.inbound/130.development/OVERVIEW.md	exists	overview already exists
/data/data/com.termux/files/home/02.ERP-system/13.warehouse/01.inbound	dir	/data/data/com.termux/files/home/02.ERP-system/13.warehouse/01.inbound/900.meta	/data/data/com.termux/files/home/02.ERP-system/13.warehouse/01.inbound/900.meta	exists	directory already exists
/data/data/com.termux/files/home/02.ERP-system/13.warehouse/01.inbound	index	/data/data/com.termux/files/home/02.ERP-system/13.warehouse/01.inbound/900.meta/INDEX.md	/data/data/com.termux/files/home/02.ERP-system/13.warehouse/01.inbound/900.meta/INDEX.md	exists	index already exists
/data/data/com.termux/files/home/02.ERP-system/13.warehouse/01.inbound	overview	/data/data/com.termux/files/home/02.ERP-system/13.warehouse/01.inbound/900.meta/OVERVIEW.md	/data/data/com.termux/files/home/02.ERP-system/13.warehouse/01.inbound/900.meta/OVERVIEW.md	exists	overview already exists
/data/data/com.termux/files/home/02.ERP-system/13.warehouse/01.inbound	dir	/data/data/com.termux/files/home/02.ERP-system/13.warehouse/01.inbound/920.meta	/data/data/com.termux/files/home/02.ERP-system/13.warehouse/01.inbound/920.meta	exists	directory already exists
/data/data/com.termux/files/home/02.ERP-system/13.warehouse/01.inbound	index	/data/data/com.termux/files/home/02.ERP-system/13.warehouse/01.inbound/920.meta/INDEX.md	/data/data/com.termux/files/home/02.ERP-system/13.warehouse/01.inbound/920.meta/INDEX.md	exists	index already exists
/data/data/com.termux/files/home/02.ERP-system/13.warehouse/01.inbound	overview	/data/data/com.termux/files/home/02.ERP-system/13.warehouse/01.inbound/920.meta/OVERVIEW.md	/data/data/com.termux/files/home/02.ERP-system/13.warehouse/01.inbound/920.meta/OVERVIEW.md	exists	overview already exists
/data/data/com.termux/files/home/02.ERP-system/13.warehouse/02.outbound	dir	/data/data/com.termux/files/home/02.ERP-system/13.warehouse/02.outbound/010.constitution	/data/data/com.termux/files/home/02.ERP-system/13.warehouse/02.outbound/010.constitution	exists	directory already exists
/data/data/com.termux/files/home/02.ERP-system/13.warehouse/02.outbound	dir	/data/data/com.termux/files/home/02.ERP-system/13.warehouse/02.outbound/020.architecture	/data/data/com.termux/files/home/02.ERP-system/13.warehouse/02.outbound/020.architecture	exists	directory already exists
/data/data/com.termux/files/home/02.ERP-system/13.warehouse/02.outbound	dir	/data/data/com.termux/files/home/02.ERP-system/13.warehouse/02.outbound/030.model	/data/data/com.termux/files/home/02.ERP-system/13.warehouse/02.outbound/030.model	exists	directory already exists
/data/data/com.termux/files/home/02.ERP-system/13.warehouse/02.outbound	dir	/data/data/com.termux/files/home/02.ERP-system/13.warehouse/02.outbound/050.flow	/data/data/com.termux/files/home/02.ERP-system/13.warehouse/02.outbound/050.flow	exists	directory already exists
/data/data/com.termux/files/home/02.ERP-system/13.warehouse/02.outbound	dir	/data/data/com.termux/files/home/02.ERP-system/13.warehouse/02.outbound/060.integration	/data/data/com.termux/files/home/02.ERP-system/13.warehouse/02.outbound/060.integration	exists	directory already exists
/data/data/com.termux/files/home/02.ERP-system/13.warehouse/02.outbound	dir	/data/data/com.termux/files/home/02.ERP-system/13.warehouse/02.outbound/070.operations	/data/data/com.termux/files/home/02.ERP-system/13.warehouse/02.outbound/070.operations	exists	directory already exists
/data/data/com.termux/files/home/02.ERP-system/13.warehouse/02.outbound	dir	/data/data/com.termux/files/home/02.ERP-system/13.warehouse/02.outbound/080.policy	/data/data/com.termux/files/home/02.ERP-system/13.warehouse/02.outbound/080.policy	exists	directory already exists
/data/data/com.termux/files/home/02.ERP-system/13.warehouse/02.outbound	dir	/data/data/com.termux/files/home/02.ERP-system/13.warehouse/02.outbound/100.security	/data/data/com.termux/files/home/02.ERP-system/13.warehouse/02.outbound/100.security	exists	directory already exists
/data/data/com.termux/files/home/02.ERP-system/13.warehouse/02.outbound	dir	/data/data/com.termux/files/home/02.ERP-system/13.warehouse/02.outbound/110.infrastructure	/data/data/com.termux/files/home/02.ERP-system/13.warehouse/02.outbound/110.infrastructure	exists	directory already exists
/data/data/com.termux/files/home/02.ERP-system/13.warehouse/02.outbound	dir	/data/data/com.termux/files/home/02.ERP-system/13.warehouse/02.outbound/120.implementation	/data/data/com.termux/files/home/02.ERP-system/13.warehouse/02.outbound/120.implementation	exists	directory already exists
/data/data/com.termux/files/home/02.ERP-system/13.warehouse/02.outbound	dir	/data/data/com.termux/files/home/02.ERP-system/13.warehouse/02.outbound/130.development	/data/data/com.termux/files/home/02.ERP-system/13.warehouse/02.outbound/130.development	exists	directory already exists
/data/data/com.termux/files/home/02.ERP-system/13.warehouse/02.outbound	dir	/data/data/com.termux/files/home/02.ERP-system/13.warehouse/02.outbound/900.meta	/data/data/com.termux/files/home/02.ERP-system/13.warehouse/02.outbound/900.meta	exists	directory already exists
/data/data/com.termux/files/home/02.ERP-system/13.warehouse/02.outbound	dir	/data/data/com.termux/files/home/02.ERP-system/13.warehouse/02.outbound/920.meta	/data/data/com.termux/files/home/02.ERP-system/13.warehouse/02.outbound/920.meta	exists	directory already exists
/data/data/com.termux/files/home/02.ERP-system/13.warehouse/02.outbound	index	/data/data/com.termux/files/home/02.ERP-system/13.warehouse/02.outbound/INDEX.md	/data/data/com.termux/files/home/02.ERP-system/13.warehouse/02.outbound/INDEX.md	exists	index already exists
/data/data/com.termux/files/home/02.ERP-system/13.warehouse/02.outbound	overview	/data/data/com.termux/files/home/02.ERP-system/13.warehouse/02.outbound/OVERVIEW.md	/data/data/com.termux/files/home/02.ERP-system/13.warehouse/02.outbound/OVERVIEW.md	exists	overview already exists
/data/data/com.termux/files/home/02.ERP-system/13.warehouse/02.outbound	dir	/data/data/com.termux/files/home/02.ERP-system/13.warehouse/02.outbound/010.constitution	/data/data/com.termux/files/home/02.ERP-system/13.warehouse/02.outbound/010.constitution	exists	directory already exists
/data/data/com.termux/files/home/02.ERP-system/13.warehouse/02.outbound	index	/data/data/com.termux/files/home/02.ERP-system/13.warehouse/02.outbound/010.constitution/INDEX.md	/data/data/com.termux/files/home/02.ERP-system/13.warehouse/02.outbound/010.constitution/INDEX.md	exists	index already exists
/data/data/com.termux/files/home/02.ERP-system/13.warehouse/02.outbound	overview	/data/data/com.termux/files/home/02.ERP-system/13.warehouse/02.outbound/010.constitution/OVERVIEW.md	/data/data/com.termux/files/home/02.ERP-system/13.warehouse/02.outbound/010.constitution/OVERVIEW.md	exists	overview already exists
/data/data/com.termux/files/home/02.ERP-system/13.warehouse/02.outbound	dir	/data/data/com.termux/files/home/02.ERP-system/13.warehouse/02.outbound/020.architecture	/data/data/com.termux/files/home/02.ERP-system/13.warehouse/02.outbound/020.architecture	exists	directory already exists
/data/data/com.termux/files/home/02.ERP-system/13.warehouse/02.outbound	index	/data/data/com.termux/files/home/02.ERP-system/13.warehouse/02.outbound/020.architecture/INDEX.md	/data/data/com.termux/files/home/02.ERP-system/13.warehouse/02.outbound/020.architecture/INDEX.md	exists	index already exists
/data/data/com.termux/files/home/02.ERP-system/13.warehouse/02.outbound	overview	/data/data/com.termux/files/home/02.ERP-system/13.warehouse/02.outbound/020.architecture/OVERVIEW.md	/data/data/com.termux/files/home/02.ERP-system/13.warehouse/02.outbound/020.architecture/OVERVIEW.md	exists	overview already exists
/data/data/com.termux/files/home/02.ERP-system/13.warehouse/02.outbound	dir	/data/data/com.termux/files/home/02.ERP-system/13.warehouse/02.outbound/030.model	/data/data/com.termux/files/home/02.ERP-system/13.warehouse/02.outbound/030.model	exists	directory already exists
/data/data/com.termux/files/home/02.ERP-system/13.warehouse/02.outbound	index	/data/data/com.termux/files/home/02.ERP-system/13.warehouse/02.outbound/030.model/INDEX.md	/data/data/com.termux/files/home/02.ERP-system/13.warehouse/02.outbound/030.model/INDEX.md	exists	index already exists
/data/data/com.termux/files/home/02.ERP-system/13.warehouse/02.outbound	overview	/data/data/com.termux/files/home/02.ERP-system/13.warehouse/02.outbound/030.model/OVERVIEW.md	/data/data/com.termux/files/home/02.ERP-system/13.warehouse/02.outbound/030.model/OVERVIEW.md	exists	overview already exists
/data/data/com.termux/files/home/02.ERP-system/13.warehouse/02.outbound	dir	/data/data/com.termux/files/home/02.ERP-system/13.warehouse/02.outbound/050.flow	/data/data/com.termux/files/home/02.ERP-system/13.warehouse/02.outbound/050.flow	exists	directory already exists
/data/data/com.termux/files/home/02.ERP-system/13.warehouse/02.outbound	index	/data/data/com.termux/files/home/02.ERP-system/13.warehouse/02.outbound/050.flow/INDEX.md	/data/data/com.termux/files/home/02.ERP-system/13.warehouse/02.outbound/050.flow/INDEX.md	exists	index already exists
/data/data/com.termux/files/home/02.ERP-system/13.warehouse/02.outbound	overview	/data/data/com.termux/files/home/02.ERP-system/13.warehouse/02.outbound/050.flow/OVERVIEW.md	/data/data/com.termux/files/home/02.ERP-system/13.warehouse/02.outbound/050.flow/OVERVIEW.md	exists	overview already exists
/data/data/com.termux/files/home/02.ERP-system/13.warehouse/02.outbound	dir	/data/data/com.termux/files/home/02.ERP-system/13.warehouse/02.outbound/060.integration	/data/data/com.termux/files/home/02.ERP-system/13.warehouse/02.outbound/060.integration	exists	directory already exists
/data/data/com.termux/files/home/02.ERP-system/13.warehouse/02.outbound	index	/data/data/com.termux/files/home/02.ERP-system/13.warehouse/02.outbound/060.integration/INDEX.md	/data/data/com.termux/files/home/02.ERP-system/13.warehouse/02.outbound/060.integration/INDEX.md	exists	index already exists
/data/data/com.termux/files/home/02.ERP-system/13.warehouse/02.outbound	overview	/data/data/com.termux/files/home/02.ERP-system/13.warehouse/02.outbound/060.integration/OVERVIEW.md	/data/data/com.termux/files/home/02.ERP-system/13.warehouse/02.outbound/060.integration/OVERVIEW.md	exists	overview already exists
/data/data/com.termux/files/home/02.ERP-system/13.warehouse/02.outbound	dir	/data/data/com.termux/files/home/02.ERP-system/13.warehouse/02.outbound/070.operations	/data/data/com.termux/files/home/02.ERP-system/13.warehouse/02.outbound/070.operations	exists	directory already exists
/data/data/com.termux/files/home/02.ERP-system/13.warehouse/02.outbound	index	/data/data/com.termux/files/home/02.ERP-system/13.warehouse/02.outbound/070.operations/INDEX.md	/data/data/com.termux/files/home/02.ERP-system/13.warehouse/02.outbound/070.operations/INDEX.md	exists	index already exists
/data/data/com.termux/files/home/02.ERP-system/13.warehouse/02.outbound	overview	/data/data/com.termux/files/home/02.ERP-system/13.warehouse/02.outbound/070.operations/OVERVIEW.md	/data/data/com.termux/files/home/02.ERP-system/13.warehouse/02.outbound/070.operations/OVERVIEW.md	exists	overview already exists
/data/data/com.termux/files/home/02.ERP-system/13.warehouse/02.outbound	dir	/data/data/com.termux/files/home/02.ERP-system/13.warehouse/02.outbound/080.policy	/data/data/com.termux/files/home/02.ERP-system/13.warehouse/02.outbound/080.policy	exists	directory already exists
/data/data/com.termux/files/home/02.ERP-system/13.warehouse/02.outbound	index	/data/data/com.termux/files/home/02.ERP-system/13.warehouse/02.outbound/080.policy/INDEX.md	/data/data/com.termux/files/home/02.ERP-system/13.warehouse/02.outbound/080.policy/INDEX.md	exists	index already exists
/data/data/com.termux/files/home/02.ERP-system/13.warehouse/02.outbound	overview	/data/data/com.termux/files/home/02.ERP-system/13.warehouse/02.outbound/080.policy/OVERVIEW.md	/data/data/com.termux/files/home/02.ERP-system/13.warehouse/02.outbound/080.policy/OVERVIEW.md	exists	overview already exists
/data/data/com.termux/files/home/02.ERP-system/13.warehouse/02.outbound	dir	/data/data/com.termux/files/home/02.ERP-system/13.warehouse/02.outbound/100.security	/data/data/com.termux/files/home/02.ERP-system/13.warehouse/02.outbound/100.security	exists	directory already exists
/data/data/com.termux/files/home/02.ERP-system/13.warehouse/02.outbound	index	/data/data/com.termux/files/home/02.ERP-system/13.warehouse/02.outbound/100.security/INDEX.md	/data/data/com.termux/files/home/02.ERP-system/13.warehouse/02.outbound/100.security/INDEX.md	exists	index already exists
/data/data/com.termux/files/home/02.ERP-system/13.warehouse/02.outbound	overview	/data/data/com.termux/files/home/02.ERP-system/13.warehouse/02.outbound/100.security/OVERVIEW.md	/data/data/com.termux/files/home/02.ERP-system/13.warehouse/02.outbound/100.security/OVERVIEW.md	exists	overview already exists
/data/data/com.termux/files/home/02.ERP-system/13.warehouse/02.outbound	dir	/data/data/com.termux/files/home/02.ERP-system/13.warehouse/02.outbound/110.infrastructure	/data/data/com.termux/files/home/02.ERP-system/13.warehouse/02.outbound/110.infrastructure	exists	directory already exists
/data/data/com.termux/files/home/02.ERP-system/13.warehouse/02.outbound	index	/data/data/com.termux/files/home/02.ERP-system/13.warehouse/02.outbound/110.infrastructure/INDEX.md	/data/data/com.termux/files/home/02.ERP-system/13.warehouse/02.outbound/110.infrastructure/INDEX.md	exists	index already exists
/data/data/com.termux/files/home/02.ERP-system/13.warehouse/02.outbound	overview	/data/data/com.termux/files/home/02.ERP-system/13.warehouse/02.outbound/110.infrastructure/OVERVIEW.md	/data/data/com.termux/files/home/02.ERP-system/13.warehouse/02.outbound/110.infrastructure/OVERVIEW.md	exists	overview already exists
/data/data/com.termux/files/home/02.ERP-system/13.warehouse/02.outbound	dir	/data/data/com.termux/files/home/02.ERP-system/13.warehouse/02.outbound/120.implementation	/data/data/com.termux/files/home/02.ERP-system/13.warehouse/02.outbound/120.implementation	exists	directory already exists
/data/data/com.termux/files/home/02.ERP-system/13.warehouse/02.outbound	index	/data/data/com.termux/files/home/02.ERP-system/13.warehouse/02.outbound/120.implementation/INDEX.md	/data/data/com.termux/files/home/02.ERP-system/13.warehouse/02.outbound/120.implementation/INDEX.md	exists	index already exists
/data/data/com.termux/files/home/02.ERP-system/13.warehouse/02.outbound	overview	/data/data/com.termux/files/home/02.ERP-system/13.warehouse/02.outbound/120.implementation/OVERVIEW.md	/data/data/com.termux/files/home/02.ERP-system/13.warehouse/02.outbound/120.implementation/OVERVIEW.md	exists	overview already exists
/data/data/com.termux/files/home/02.ERP-system/13.warehouse/02.outbound	dir	/data/data/com.termux/files/home/02.ERP-system/13.warehouse/02.outbound/130.development	/data/data/com.termux/files/home/02.ERP-system/13.warehouse/02.outbound/130.development	exists	directory already exists
/data/data/com.termux/files/home/02.ERP-system/13.warehouse/02.outbound	index	/data/data/com.termux/files/home/02.ERP-system/13.warehouse/02.outbound/130.development/INDEX.md	/data/data/com.termux/files/home/02.ERP-system/13.warehouse/02.outbound/130.development/INDEX.md	exists	index already exists
/data/data/com.termux/files/home/02.ERP-system/13.warehouse/02.outbound	overview	/data/data/com.termux/files/home/02.ERP-system/13.warehouse/02.outbound/130.development/OVERVIEW.md	/data/data/com.termux/files/home/02.ERP-system/13.warehouse/02.outbound/130.development/OVERVIEW.md	exists	overview already exists
/data/data/com.termux/files/home/02.ERP-system/13.warehouse/02.outbound	dir	/data/data/com.termux/files/home/02.ERP-system/13.warehouse/02.outbound/900.meta	/data/data/com.termux/files/home/02.ERP-system/13.warehouse/02.outbound/900.meta	exists	directory already exists
/data/data/com.termux/files/home/02.ERP-system/13.warehouse/02.outbound	index	/data/data/com.termux/files/home/02.ERP-system/13.warehouse/02.outbound/900.meta/INDEX.md	/data/data/com.termux/files/home/02.ERP-system/13.warehouse/02.outbound/900.meta/INDEX.md	exists	index already exists
/data/data/com.termux/files/home/02.ERP-system/13.warehouse/02.outbound	overview	/data/data/com.termux/files/home/02.ERP-system/13.warehouse/02.outbound/900.meta/OVERVIEW.md	/data/data/com.termux/files/home/02.ERP-system/13.warehouse/02.outbound/900.meta/OVERVIEW.md	exists	overview already exists
/data/data/com.termux/files/home/02.ERP-system/13.warehouse/02.outbound	dir	/data/data/com.termux/files/home/02.ERP-system/13.warehouse/02.outbound/920.meta	/data/data/com.termux/files/home/02.ERP-system/13.warehouse/02.outbound/920.meta	exists	directory already exists
/data/data/com.termux/files/home/02.ERP-system/13.warehouse/02.outbound	index	/data/data/com.termux/files/home/02.ERP-system/13.warehouse/02.outbound/920.meta/INDEX.md	/data/data/com.termux/files/home/02.ERP-system/13.warehouse/02.outbound/920.meta/INDEX.md	exists	index already exists
/data/data/com.termux/files/home/02.ERP-system/13.warehouse/02.outbound	overview	/data/data/com.termux/files/home/02.ERP-system/13.warehouse/02.outbound/920.meta/OVERVIEW.md	/data/data/com.termux/files/home/02.ERP-system/13.warehouse/02.outbound/920.meta/OVERVIEW.md	exists	overview already exists
/data/data/com.termux/files/home/02.ERP-system/13.warehouse/03.allocation	dir	/data/data/com.termux/files/home/02.ERP-system/13.warehouse/03.allocation/010.constitution	/data/data/com.termux/files/home/02.ERP-system/13.warehouse/03.allocation/010.constitution	exists	directory already exists
/data/data/com.termux/files/home/02.ERP-system/13.warehouse/03.allocation	dir	/data/data/com.termux/files/home/02.ERP-system/13.warehouse/03.allocation/020.architecture	/data/data/com.termux/files/home/02.ERP-system/13.warehouse/03.allocation/020.architecture	exists	directory already exists
/data/data/com.termux/files/home/02.ERP-system/13.warehouse/03.allocation	dir	/data/data/com.termux/files/home/02.ERP-system/13.warehouse/03.allocation/030.model	/data/data/com.termux/files/home/02.ERP-system/13.warehouse/03.allocation/030.model	exists	directory already exists
/data/data/com.termux/files/home/02.ERP-system/13.warehouse/03.allocation	dir	/data/data/com.termux/files/home/02.ERP-system/13.warehouse/03.allocation/050.flow	/data/data/com.termux/files/home/02.ERP-system/13.warehouse/03.allocation/050.flow	exists	directory already exists
/data/data/com.termux/files/home/02.ERP-system/13.warehouse/03.allocation	dir	/data/data/com.termux/files/home/02.ERP-system/13.warehouse/03.allocation/060.integration	/data/data/com.termux/files/home/02.ERP-system/13.warehouse/03.allocation/060.integration	exists	directory already exists
/data/data/com.termux/files/home/02.ERP-system/13.warehouse/03.allocation	dir	/data/data/com.termux/files/home/02.ERP-system/13.warehouse/03.allocation/070.operations	/data/data/com.termux/files/home/02.ERP-system/13.warehouse/03.allocation/070.operations	exists	directory already exists
/data/data/com.termux/files/home/02.ERP-system/13.warehouse/03.allocation	dir	/data/data/com.termux/files/home/02.ERP-system/13.warehouse/03.allocation/080.policy	/data/data/com.termux/files/home/02.ERP-system/13.warehouse/03.allocation/080.policy	exists	directory already exists
/data/data/com.termux/files/home/02.ERP-system/13.warehouse/03.allocation	dir	/data/data/com.termux/files/home/02.ERP-system/13.warehouse/03.allocation/100.security	/data/data/com.termux/files/home/02.ERP-system/13.warehouse/03.allocation/100.security	exists	directory already exists
/data/data/com.termux/files/home/02.ERP-system/13.warehouse/03.allocation	dir	/data/data/com.termux/files/home/02.ERP-system/13.warehouse/03.allocation/110.infrastructure	/data/data/com.termux/files/home/02.ERP-system/13.warehouse/03.allocation/110.infrastructure	exists	directory already exists
/data/data/com.termux/files/home/02.ERP-system/13.warehouse/03.allocation	dir	/data/data/com.termux/files/home/02.ERP-system/13.warehouse/03.allocation/120.implementation	/data/data/com.termux/files/home/02.ERP-system/13.warehouse/03.allocation/120.implementation	exists	directory already exists
/data/data/com.termux/files/home/02.ERP-system/13.warehouse/03.allocation	dir	/data/data/com.termux/files/home/02.ERP-system/13.warehouse/03.allocation/130.development	/data/data/com.termux/files/home/02.ERP-system/13.warehouse/03.allocation/130.development	exists	directory already exists
/data/data/com.termux/files/home/02.ERP-system/13.warehouse/03.allocation	dir	/data/data/com.termux/files/home/02.ERP-system/13.warehouse/03.allocation/900.meta	/data/data/com.termux/files/home/02.ERP-system/13.warehouse/03.allocation/900.meta	exists	directory already exists
/data/data/com.termux/files/home/02.ERP-system/13.warehouse/03.allocation	dir	/data/data/com.termux/files/home/02.ERP-system/13.warehouse/03.allocation/920.meta	/data/data/com.termux/files/home/02.ERP-system/13.warehouse/03.allocation/920.meta	exists	directory already exists
/data/data/com.termux/files/home/02.ERP-system/13.warehouse/03.allocation	index	/data/data/com.termux/files/home/02.ERP-system/13.warehouse/03.allocation/INDEX.md	/data/data/com.termux/files/home/02.ERP-system/13.warehouse/03.allocation/INDEX.md	exists	index already exists
/data/data/com.termux/files/home/02.ERP-system/13.warehouse/03.allocation	overview	/data/data/com.termux/files/home/02.ERP-system/13.warehouse/03.allocation/OVERVIEW.md	/data/data/com.termux/files/home/02.ERP-system/13.warehouse/03.allocation/OVERVIEW.md	exists	overview already exists
/data/data/com.termux/files/home/02.ERP-system/13.warehouse/03.allocation	dir	/data/data/com.termux/files/home/02.ERP-system/13.warehouse/03.allocation/010.constitution	/data/data/com.termux/files/home/02.ERP-system/13.warehouse/03.allocation/010.constitution	exists	directory already exists
/data/data/com.termux/files/home/02.ERP-system/13.warehouse/03.allocation	index	/data/data/com.termux/files/home/02.ERP-system/13.warehouse/03.allocation/010.constitution/INDEX.md	/data/data/com.termux/files/home/02.ERP-system/13.warehouse/03.allocation/010.constitution/INDEX.md	exists	index already exists
/data/data/com.termux/files/home/02.ERP-system/13.warehouse/03.allocation	overview	/data/data/com.termux/files/home/02.ERP-system/13.warehouse/03.allocation/010.constitution/OVERVIEW.md	/data/data/com.termux/files/home/02.ERP-system/13.warehouse/03.allocation/010.constitution/OVERVIEW.md	exists	overview already exists
/data/data/com.termux/files/home/02.ERP-system/13.warehouse/03.allocation	dir	/data/data/com.termux/files/home/02.ERP-system/13.warehouse/03.allocation/020.architecture	/data/data/com.termux/files/home/02.ERP-system/13.warehouse/03.allocation/020.architecture	exists	directory already exists
/data/data/com.termux/files/home/02.ERP-system/13.warehouse/03.allocation	index	/data/data/com.termux/files/home/02.ERP-system/13.warehouse/03.allocation/020.architecture/INDEX.md	/data/data/com.termux/files/home/02.ERP-system/13.warehouse/03.allocation/020.architecture/INDEX.md	exists	index already exists
/data/data/com.termux/files/home/02.ERP-system/13.warehouse/03.allocation	overview	/data/data/com.termux/files/home/02.ERP-system/13.warehouse/03.allocation/020.architecture/OVERVIEW.md	/data/data/com.termux/files/home/02.ERP-system/13.warehouse/03.allocation/020.architecture/OVERVIEW.md	exists	overview already exists
/data/data/com.termux/files/home/02.ERP-system/13.warehouse/03.allocation	dir	/data/data/com.termux/files/home/02.ERP-system/13.warehouse/03.allocation/030.model	/data/data/com.termux/files/home/02.ERP-system/13.warehouse/03.allocation/030.model	exists	directory already exists
/data/data/com.termux/files/home/02.ERP-system/13.warehouse/03.allocation	index	/data/data/com.termux/files/home/02.ERP-system/13.warehouse/03.allocation/030.model/INDEX.md	/data/data/com.termux/files/home/02.ERP-system/13.warehouse/03.allocation/030.model/INDEX.md	exists	index already exists
/data/data/com.termux/files/home/02.ERP-system/13.warehouse/03.allocation	overview	/data/data/com.termux/files/home/02.ERP-system/13.warehouse/03.allocation/030.model/OVERVIEW.md	/data/data/com.termux/files/home/02.ERP-system/13.warehouse/03.allocation/030.model/OVERVIEW.md	exists	overview already exists
/data/data/com.termux/files/home/02.ERP-system/13.warehouse/03.allocation	dir	/data/data/com.termux/files/home/02.ERP-system/13.warehouse/03.allocation/050.flow	/data/data/com.termux/files/home/02.ERP-system/13.warehouse/03.allocation/050.flow	exists	directory already exists
/data/data/com.termux/files/home/02.ERP-system/13.warehouse/03.allocation	index	/data/data/com.termux/files/home/02.ERP-system/13.warehouse/03.allocation/050.flow/INDEX.md	/data/data/com.termux/files/home/02.ERP-system/13.warehouse/03.allocation/050.flow/INDEX.md	exists	index already exists
/data/data/com.termux/files/home/02.ERP-system/13.warehouse/03.allocation	overview	/data/data/com.termux/files/home/02.ERP-system/13.warehouse/03.allocation/050.flow/OVERVIEW.md	/data/data/com.termux/files/home/02.ERP-system/13.warehouse/03.allocation/050.flow/OVERVIEW.md	exists	overview already exists
/data/data/com.termux/files/home/02.ERP-system/13.warehouse/03.allocation	dir	/data/data/com.termux/files/home/02.ERP-system/13.warehouse/03.allocation/060.integration	/data/data/com.termux/files/home/02.ERP-system/13.warehouse/03.allocation/060.integration	exists	directory already exists
/data/data/com.termux/files/home/02.ERP-system/13.warehouse/03.allocation	index	/data/data/com.termux/files/home/02.ERP-system/13.warehouse/03.allocation/060.integration/INDEX.md	/data/data/com.termux/files/home/02.ERP-system/13.warehouse/03.allocation/060.integration/INDEX.md	exists	index already exists
/data/data/com.termux/files/home/02.ERP-system/13.warehouse/03.allocation	overview	/data/data/com.termux/files/home/02.ERP-system/13.warehouse/03.allocation/060.integration/OVERVIEW.md	/data/data/com.termux/files/home/02.ERP-system/13.warehouse/03.allocation/060.integration/OVERVIEW.md	exists	overview already exists
/data/data/com.termux/files/home/02.ERP-system/13.warehouse/03.allocation	dir	/data/data/com.termux/files/home/02.ERP-system/13.warehouse/03.allocation/070.operations	/data/data/com.termux/files/home/02.ERP-system/13.warehouse/03.allocation/070.operations	exists	directory already exists
/data/data/com.termux/files/home/02.ERP-system/13.warehouse/03.allocation	index	/data/data/com.termux/files/home/02.ERP-system/13.warehouse/03.allocation/070.operations/INDEX.md	/data/data/com.termux/files/home/02.ERP-system/13.warehouse/03.allocation/070.operations/INDEX.md	exists	index already exists
/data/data/com.termux/files/home/02.ERP-system/13.warehouse/03.allocation	overview	/data/data/com.termux/files/home/02.ERP-system/13.warehouse/03.allocation/070.operations/OVERVIEW.md	/data/data/com.termux/files/home/02.ERP-system/13.warehouse/03.allocation/070.operations/OVERVIEW.md	exists	overview already exists
/data/data/com.termux/files/home/02.ERP-system/13.warehouse/03.allocation	dir	/data/data/com.termux/files/home/02.ERP-system/13.warehouse/03.allocation/080.policy	/data/data/com.termux/files/home/02.ERP-system/13.warehouse/03.allocation/080.policy	exists	directory already exists
/data/data/com.termux/files/home/02.ERP-system/13.warehouse/03.allocation	index	/data/data/com.termux/files/home/02.ERP-system/13.warehouse/03.allocation/080.policy/INDEX.md	/data/data/com.termux/files/home/02.ERP-system/13.warehouse/03.allocation/080.policy/INDEX.md	exists	index already exists
/data/data/com.termux/files/home/02.ERP-system/13.warehouse/03.allocation	overview	/data/data/com.termux/files/home/02.ERP-system/13.warehouse/03.allocation/080.policy/OVERVIEW.md	/data/data/com.termux/files/home/02.ERP-system/13.warehouse/03.allocation/080.policy/OVERVIEW.md	exists	overview already exists
/data/data/com.termux/files/home/02.ERP-system/13.warehouse/03.allocation	dir	/data/data/com.termux/files/home/02.ERP-system/13.warehouse/03.allocation/100.security	/data/data/com.termux/files/home/02.ERP-system/13.warehouse/03.allocation/100.security	exists	directory already exists
/data/data/com.termux/files/home/02.ERP-system/13.warehouse/03.allocation	index	/data/data/com.termux/files/home/02.ERP-system/13.warehouse/03.allocation/100.security/INDEX.md	/data/data/com.termux/files/home/02.ERP-system/13.warehouse/03.allocation/100.security/INDEX.md	exists	index already exists
/data/data/com.termux/files/home/02.ERP-system/13.warehouse/03.allocation	overview	/data/data/com.termux/files/home/02.ERP-system/13.warehouse/03.allocation/100.security/OVERVIEW.md	/data/data/com.termux/files/home/02.ERP-system/13.warehouse/03.allocation/100.security/OVERVIEW.md	exists	overview already exists
/data/data/com.termux/files/home/02.ERP-system/13.warehouse/03.allocation	dir	/data/data/com.termux/files/home/02.ERP-system/13.warehouse/03.allocation/110.infrastructure	/data/data/com.termux/files/home/02.ERP-system/13.warehouse/03.allocation/110.infrastructure	exists	directory already exists
/data/data/com.termux/files/home/02.ERP-system/13.warehouse/03.allocation	index	/data/data/com.termux/files/home/02.ERP-system/13.warehouse/03.allocation/110.infrastructure/INDEX.md	/data/data/com.termux/files/home/02.ERP-system/13.warehouse/03.allocation/110.infrastructure/INDEX.md	exists	index already exists
/data/data/com.termux/files/home/02.ERP-system/13.warehouse/03.allocation	overview	/data/data/com.termux/files/home/02.ERP-system/13.warehouse/03.allocation/110.infrastructure/OVERVIEW.md	/data/data/com.termux/files/home/02.ERP-system/13.warehouse/03.allocation/110.infrastructure/OVERVIEW.md	exists	overview already exists
/data/data/com.termux/files/home/02.ERP-system/13.warehouse/03.allocation	dir	/data/data/com.termux/files/home/02.ERP-system/13.warehouse/03.allocation/120.implementation	/data/data/com.termux/files/home/02.ERP-system/13.warehouse/03.allocation/120.implementation	exists	directory already exists
/data/data/com.termux/files/home/02.ERP-system/13.warehouse/03.allocation	index	/data/data/com.termux/files/home/02.ERP-system/13.warehouse/03.allocation/120.implementation/INDEX.md	/data/data/com.termux/files/home/02.ERP-system/13.warehouse/03.allocation/120.implementation/INDEX.md	exists	index already exists
/data/data/com.termux/files/home/02.ERP-system/13.warehouse/03.allocation	overview	/data/data/com.termux/files/home/02.ERP-system/13.warehouse/03.allocation/120.implementation/OVERVIEW.md	/data/data/com.termux/files/home/02.ERP-system/13.warehouse/03.allocation/120.implementation/OVERVIEW.md	exists	overview already exists
/data/data/com.termux/files/home/02.ERP-system/13.warehouse/03.allocation	dir	/data/data/com.termux/files/home/02.ERP-system/13.warehouse/03.allocation/130.development	/data/data/com.termux/files/home/02.ERP-system/13.warehouse/03.allocation/130.development	exists	directory already exists
/data/data/com.termux/files/home/02.ERP-system/13.warehouse/03.allocation	index	/data/data/com.termux/files/home/02.ERP-system/13.warehouse/03.allocation/130.development/INDEX.md	/data/data/com.termux/files/home/02.ERP-system/13.warehouse/03.allocation/130.development/INDEX.md	exists	index already exists
/data/data/com.termux/files/home/02.ERP-system/13.warehouse/03.allocation	overview	/data/data/com.termux/files/home/02.ERP-system/13.warehouse/03.allocation/130.development/OVERVIEW.md	/data/data/com.termux/files/home/02.ERP-system/13.warehouse/03.allocation/130.development/OVERVIEW.md	exists	overview already exists
/data/data/com.termux/files/home/02.ERP-system/13.warehouse/03.allocation	dir	/data/data/com.termux/files/home/02.ERP-system/13.warehouse/03.allocation/900.meta	/data/data/com.termux/files/home/02.ERP-system/13.warehouse/03.allocation/900.meta	exists	directory already exists
/data/data/com.termux/files/home/02.ERP-system/13.warehouse/03.allocation	index	/data/data/com.termux/files/home/02.ERP-system/13.warehouse/03.allocation/900.meta/INDEX.md	/data/data/com.termux/files/home/02.ERP-system/13.warehouse/03.allocation/900.meta/INDEX.md	exists	index already exists
/data/data/com.termux/files/home/02.ERP-system/13.warehouse/03.allocation	overview	/data/data/com.termux/files/home/02.ERP-system/13.warehouse/03.allocation/900.meta/OVERVIEW.md	/data/data/com.termux/files/home/02.ERP-system/13.warehouse/03.allocation/900.meta/OVERVIEW.md	exists	overview already exists
/data/data/com.termux/files/home/02.ERP-system/13.warehouse/03.allocation	dir	/data/data/com.termux/files/home/02.ERP-system/13.warehouse/03.allocation/920.meta	/data/data/com.termux/files/home/02.ERP-system/13.warehouse/03.allocation/920.meta	exists	directory already exists
/data/data/com.termux/files/home/02.ERP-system/13.warehouse/03.allocation	index	/data/data/com.termux/files/home/02.ERP-system/13.warehouse/03.allocation/920.meta/INDEX.md	/data/data/com.termux/files/home/02.ERP-system/13.warehouse/03.allocation/920.meta/INDEX.md	exists	index already exists
/data/data/com.termux/files/home/02.ERP-system/13.warehouse/03.allocation	overview	/data/data/com.termux/files/home/02.ERP-system/13.warehouse/03.allocation/920.meta/OVERVIEW.md	/data/data/com.termux/files/home/02.ERP-system/13.warehouse/03.allocation/920.meta/OVERVIEW.md	exists	overview already exists
/data/data/com.termux/files/home/02.ERP-system/13.warehouse/04.picking	dir	/data/data/com.termux/files/home/02.ERP-system/13.warehouse/04.picking/010.constitution	/data/data/com.termux/files/home/02.ERP-system/13.warehouse/04.picking/010.constitution	exists	directory already exists
/data/data/com.termux/files/home/02.ERP-system/13.warehouse/04.picking	dir	/data/data/com.termux/files/home/02.ERP-system/13.warehouse/04.picking/020.architecture	/data/data/com.termux/files/home/02.ERP-system/13.warehouse/04.picking/020.architecture	exists	directory already exists
/data/data/com.termux/files/home/02.ERP-system/13.warehouse/04.picking	dir	/data/data/com.termux/files/home/02.ERP-system/13.warehouse/04.picking/030.model	/data/data/com.termux/files/home/02.ERP-system/13.warehouse/04.picking/030.model	exists	directory already exists
/data/data/com.termux/files/home/02.ERP-system/13.warehouse/04.picking	dir	/data/data/com.termux/files/home/02.ERP-system/13.warehouse/04.picking/050.flow	/data/data/com.termux/files/home/02.ERP-system/13.warehouse/04.picking/050.flow	exists	directory already exists
/data/data/com.termux/files/home/02.ERP-system/13.warehouse/04.picking	dir	/data/data/com.termux/files/home/02.ERP-system/13.warehouse/04.picking/060.integration	/data/data/com.termux/files/home/02.ERP-system/13.warehouse/04.picking/060.integration	exists	directory already exists
/data/data/com.termux/files/home/02.ERP-system/13.warehouse/04.picking	dir	/data/data/com.termux/files/home/02.ERP-system/13.warehouse/04.picking/070.operations	/data/data/com.termux/files/home/02.ERP-system/13.warehouse/04.picking/070.operations	exists	directory already exists
/data/data/com.termux/files/home/02.ERP-system/13.warehouse/04.picking	dir	/data/data/com.termux/files/home/02.ERP-system/13.warehouse/04.picking/080.policy	/data/data/com.termux/files/home/02.ERP-system/13.warehouse/04.picking/080.policy	exists	directory already exists
/data/data/com.termux/files/home/02.ERP-system/13.warehouse/04.picking	dir	/data/data/com.termux/files/home/02.ERP-system/13.warehouse/04.picking/100.security	/data/data/com.termux/files/home/02.ERP-system/13.warehouse/04.picking/100.security	exists	directory already exists
/data/data/com.termux/files/home/02.ERP-system/13.warehouse/04.picking	dir	/data/data/com.termux/files/home/02.ERP-system/13.warehouse/04.picking/110.infrastructure	/data/data/com.termux/files/home/02.ERP-system/13.warehouse/04.picking/110.infrastructure	exists	directory already exists
/data/data/com.termux/files/home/02.ERP-system/13.warehouse/04.picking	dir	/data/data/com.termux/files/home/02.ERP-system/13.warehouse/04.picking/120.implementation	/data/data/com.termux/files/home/02.ERP-system/13.warehouse/04.picking/120.implementation	exists	directory already exists
/data/data/com.termux/files/home/02.ERP-system/13.warehouse/04.picking	dir	/data/data/com.termux/files/home/02.ERP-system/13.warehouse/04.picking/130.development	/data/data/com.termux/files/home/02.ERP-system/13.warehouse/04.picking/130.development	exists	directory already exists
/data/data/com.termux/files/home/02.ERP-system/13.warehouse/04.picking	dir	/data/data/com.termux/files/home/02.ERP-system/13.warehouse/04.picking/900.meta	/data/data/com.termux/files/home/02.ERP-system/13.warehouse/04.picking/900.meta	exists	directory already exists
/data/data/com.termux/files/home/02.ERP-system/13.warehouse/04.picking	dir	/data/data/com.termux/files/home/02.ERP-system/13.warehouse/04.picking/920.meta	/data/data/com.termux/files/home/02.ERP-system/13.warehouse/04.picking/920.meta	exists	directory already exists
/data/data/com.termux/files/home/02.ERP-system/13.warehouse/04.picking	index	/data/data/com.termux/files/home/02.ERP-system/13.warehouse/04.picking/INDEX.md	/data/data/com.termux/files/home/02.ERP-system/13.warehouse/04.picking/INDEX.md	exists	index already exists
/data/data/com.termux/files/home/02.ERP-system/13.warehouse/04.picking	overview	/data/data/com.termux/files/home/02.ERP-system/13.warehouse/04.picking/OVERVIEW.md	/data/data/com.termux/files/home/02.ERP-system/13.warehouse/04.picking/OVERVIEW.md	exists	overview already exists
/data/data/com.termux/files/home/02.ERP-system/13.warehouse/04.picking	dir	/data/data/com.termux/files/home/02.ERP-system/13.warehouse/04.picking/010.constitution	/data/data/com.termux/files/home/02.ERP-system/13.warehouse/04.picking/010.constitution	exists	directory already exists
/data/data/com.termux/files/home/02.ERP-system/13.warehouse/04.picking	index	/data/data/com.termux/files/home/02.ERP-system/13.warehouse/04.picking/010.constitution/INDEX.md	/data/data/com.termux/files/home/02.ERP-system/13.warehouse/04.picking/010.constitution/INDEX.md	exists	index already exists
/data/data/com.termux/files/home/02.ERP-system/13.warehouse/04.picking	overview	/data/data/com.termux/files/home/02.ERP-system/13.warehouse/04.picking/010.constitution/OVERVIEW.md	/data/data/com.termux/files/home/02.ERP-system/13.warehouse/04.picking/010.constitution/OVERVIEW.md	exists	overview already exists
/data/data/com.termux/files/home/02.ERP-system/13.warehouse/04.picking	dir	/data/data/com.termux/files/home/02.ERP-system/13.warehouse/04.picking/020.architecture	/data/data/com.termux/files/home/02.ERP-system/13.warehouse/04.picking/020.architecture	exists	directory already exists
/data/data/com.termux/files/home/02.ERP-system/13.warehouse/04.picking	index	/data/data/com.termux/files/home/02.ERP-system/13.warehouse/04.picking/020.architecture/INDEX.md	/data/data/com.termux/files/home/02.ERP-system/13.warehouse/04.picking/020.architecture/INDEX.md	exists	index already exists
/data/data/com.termux/files/home/02.ERP-system/13.warehouse/04.picking	overview	/data/data/com.termux/files/home/02.ERP-system/13.warehouse/04.picking/020.architecture/OVERVIEW.md	/data/data/com.termux/files/home/02.ERP-system/13.warehouse/04.picking/020.architecture/OVERVIEW.md	exists	overview already exists
/data/data/com.termux/files/home/02.ERP-system/13.warehouse/04.picking	dir	/data/data/com.termux/files/home/02.ERP-system/13.warehouse/04.picking/030.model	/data/data/com.termux/files/home/02.ERP-system/13.warehouse/04.picking/030.model	exists	directory already exists
/data/data/com.termux/files/home/02.ERP-system/13.warehouse/04.picking	index	/data/data/com.termux/files/home/02.ERP-system/13.warehouse/04.picking/030.model/INDEX.md	/data/data/com.termux/files/home/02.ERP-system/13.warehouse/04.picking/030.model/INDEX.md	exists	index already exists
/data/data/com.termux/files/home/02.ERP-system/13.warehouse/04.picking	overview	/data/data/com.termux/files/home/02.ERP-system/13.warehouse/04.picking/030.model/OVERVIEW.md	/data/data/com.termux/files/home/02.ERP-system/13.warehouse/04.picking/030.model/OVERVIEW.md	exists	overview already exists
/data/data/com.termux/files/home/02.ERP-system/13.warehouse/04.picking	dir	/data/data/com.termux/files/home/02.ERP-system/13.warehouse/04.picking/050.flow	/data/data/com.termux/files/home/02.ERP-system/13.warehouse/04.picking/050.flow	exists	directory already exists
/data/data/com.termux/files/home/02.ERP-system/13.warehouse/04.picking	index	/data/data/com.termux/files/home/02.ERP-system/13.warehouse/04.picking/050.flow/INDEX.md	/data/data/com.termux/files/home/02.ERP-system/13.warehouse/04.picking/050.flow/INDEX.md	exists	index already exists
/data/data/com.termux/files/home/02.ERP-system/13.warehouse/04.picking	overview	/data/data/com.termux/files/home/02.ERP-system/13.warehouse/04.picking/050.flow/OVERVIEW.md	/data/data/com.termux/files/home/02.ERP-system/13.warehouse/04.picking/050.flow/OVERVIEW.md	exists	overview already exists
/data/data/com.termux/files/home/02.ERP-system/13.warehouse/04.picking	dir	/data/data/com.termux/files/home/02.ERP-system/13.warehouse/04.picking/060.integration	/data/data/com.termux/files/home/02.ERP-system/13.warehouse/04.picking/060.integration	exists	directory already exists
/data/data/com.termux/files/home/02.ERP-system/13.warehouse/04.picking	index	/data/data/com.termux/files/home/02.ERP-system/13.warehouse/04.picking/060.integration/INDEX.md	/data/data/com.termux/files/home/02.ERP-system/13.warehouse/04.picking/060.integration/INDEX.md	exists	index already exists
/data/data/com.termux/files/home/02.ERP-system/13.warehouse/04.picking	overview	/data/data/com.termux/files/home/02.ERP-system/13.warehouse/04.picking/060.integration/OVERVIEW.md	/data/data/com.termux/files/home/02.ERP-system/13.warehouse/04.picking/060.integration/OVERVIEW.md	exists	overview already exists
/data/data/com.termux/files/home/02.ERP-system/13.warehouse/04.picking	dir	/data/data/com.termux/files/home/02.ERP-system/13.warehouse/04.picking/070.operations	/data/data/com.termux/files/home/02.ERP-system/13.warehouse/04.picking/070.operations	exists	directory already exists
/data/data/com.termux/files/home/02.ERP-system/13.warehouse/04.picking	index	/data/data/com.termux/files/home/02.ERP-system/13.warehouse/04.picking/070.operations/INDEX.md	/data/data/com.termux/files/home/02.ERP-system/13.warehouse/04.picking/070.operations/INDEX.md	exists	index already exists
/data/data/com.termux/files/home/02.ERP-system/13.warehouse/04.picking	overview	/data/data/com.termux/files/home/02.ERP-system/13.warehouse/04.picking/070.operations/OVERVIEW.md	/data/data/com.termux/files/home/02.ERP-system/13.warehouse/04.picking/070.operations/OVERVIEW.md	exists	overview already exists
/data/data/com.termux/files/home/02.ERP-system/13.warehouse/04.picking	dir	/data/data/com.termux/files/home/02.ERP-system/13.warehouse/04.picking/080.policy	/data/data/com.termux/files/home/02.ERP-system/13.warehouse/04.picking/080.policy	exists	directory already exists
/data/data/com.termux/files/home/02.ERP-system/13.warehouse/04.picking	index	/data/data/com.termux/files/home/02.ERP-system/13.warehouse/04.picking/080.policy/INDEX.md	/data/data/com.termux/files/home/02.ERP-system/13.warehouse/04.picking/080.policy/INDEX.md	exists	index already exists
/data/data/com.termux/files/home/02.ERP-system/13.warehouse/04.picking	overview	/data/data/com.termux/files/home/02.ERP-system/13.warehouse/04.picking/080.policy/OVERVIEW.md	/data/data/com.termux/files/home/02.ERP-system/13.warehouse/04.picking/080.policy/OVERVIEW.md	exists	overview already exists
/data/data/com.termux/files/home/02.ERP-system/13.warehouse/04.picking	dir	/data/data/com.termux/files/home/02.ERP-system/13.warehouse/04.picking/100.security	/data/data/com.termux/files/home/02.ERP-system/13.warehouse/04.picking/100.security	exists	directory already exists
/data/data/com.termux/files/home/02.ERP-system/13.warehouse/04.picking	index	/data/data/com.termux/files/home/02.ERP-system/13.warehouse/04.picking/100.security/INDEX.md	/data/data/com.termux/files/home/02.ERP-system/13.warehouse/04.picking/100.security/INDEX.md	exists	index already exists
/data/data/com.termux/files/home/02.ERP-system/13.warehouse/04.picking	overview	/data/data/com.termux/files/home/02.ERP-system/13.warehouse/04.picking/100.security/OVERVIEW.md	/data/data/com.termux/files/home/02.ERP-system/13.warehouse/04.picking/100.security/OVERVIEW.md	exists	overview already exists
/data/data/com.termux/files/home/02.ERP-system/13.warehouse/04.picking	dir	/data/data/com.termux/files/home/02.ERP-system/13.warehouse/04.picking/110.infrastructure	/data/data/com.termux/files/home/02.ERP-system/13.warehouse/04.picking/110.infrastructure	exists	directory already exists
/data/data/com.termux/files/home/02.ERP-system/13.warehouse/04.picking	index	/data/data/com.termux/files/home/02.ERP-system/13.warehouse/04.picking/110.infrastructure/INDEX.md	/data/data/com.termux/files/home/02.ERP-system/13.warehouse/04.picking/110.infrastructure/INDEX.md	exists	index already exists
/data/data/com.termux/files/home/02.ERP-system/13.warehouse/04.picking	overview	/data/data/com.termux/files/home/02.ERP-system/13.warehouse/04.picking/110.infrastructure/OVERVIEW.md	/data/data/com.termux/files/home/02.ERP-system/13.warehouse/04.picking/110.infrastructure/OVERVIEW.md	exists	overview already exists
/data/data/com.termux/files/home/02.ERP-system/13.warehouse/04.picking	dir	/data/data/com.termux/files/home/02.ERP-system/13.warehouse/04.picking/120.implementation	/data/data/com.termux/files/home/02.ERP-system/13.warehouse/04.picking/120.implementation	exists	directory already exists
/data/data/com.termux/files/home/02.ERP-system/13.warehouse/04.picking	index	/data/data/com.termux/files/home/02.ERP-system/13.warehouse/04.picking/120.implementation/INDEX.md	/data/data/com.termux/files/home/02.ERP-system/13.warehouse/04.picking/120.implementation/INDEX.md	exists	index already exists
/data/data/com.termux/files/home/02.ERP-system/13.warehouse/04.picking	overview	/data/data/com.termux/files/home/02.ERP-system/13.warehouse/04.picking/120.implementation/OVERVIEW.md	/data/data/com.termux/files/home/02.ERP-system/13.warehouse/04.picking/120.implementation/OVERVIEW.md	exists	overview already exists
/data/data/com.termux/files/home/02.ERP-system/13.warehouse/04.picking	dir	/data/data/com.termux/files/home/02.ERP-system/13.warehouse/04.picking/130.development	/data/data/com.termux/files/home/02.ERP-system/13.warehouse/04.picking/130.development	exists	directory already exists
/data/data/com.termux/files/home/02.ERP-system/13.warehouse/04.picking	index	/data/data/com.termux/files/home/02.ERP-system/13.warehouse/04.picking/130.development/INDEX.md	/data/data/com.termux/files/home/02.ERP-system/13.warehouse/04.picking/130.development/INDEX.md	exists	index already exists
/data/data/com.termux/files/home/02.ERP-system/13.warehouse/04.picking	overview	/data/data/com.termux/files/home/02.ERP-system/13.warehouse/04.picking/130.development/OVERVIEW.md	/data/data/com.termux/files/home/02.ERP-system/13.warehouse/04.picking/130.development/OVERVIEW.md	exists	overview already exists
/data/data/com.termux/files/home/02.ERP-system/13.warehouse/04.picking	dir	/data/data/com.termux/files/home/02.ERP-system/13.warehouse/04.picking/900.meta	/data/data/com.termux/files/home/02.ERP-system/13.warehouse/04.picking/900.meta	exists	directory already exists
/data/data/com.termux/files/home/02.ERP-system/13.warehouse/04.picking	index	/data/data/com.termux/files/home/02.ERP-system/13.warehouse/04.picking/900.meta/INDEX.md	/data/data/com.termux/files/home/02.ERP-system/13.warehouse/04.picking/900.meta/INDEX.md	exists	index already exists
/data/data/com.termux/files/home/02.ERP-system/13.warehouse/04.picking	overview	/data/data/com.termux/files/home/02.ERP-system/13.warehouse/04.picking/900.meta/OVERVIEW.md	/data/data/com.termux/files/home/02.ERP-system/13.warehouse/04.picking/900.meta/OVERVIEW.md	exists	overview already exists
/data/data/com.termux/files/home/02.ERP-system/13.warehouse/04.picking	dir	/data/data/com.termux/files/home/02.ERP-system/13.warehouse/04.picking/920.meta	/data/data/com.termux/files/home/02.ERP-system/13.warehouse/04.picking/920.meta	exists	directory already exists
/data/data/com.termux/files/home/02.ERP-system/13.warehouse/04.picking	index	/data/data/com.termux/files/home/02.ERP-system/13.warehouse/04.picking/920.meta/INDEX.md	/data/data/com.termux/files/home/02.ERP-system/13.warehouse/04.picking/920.meta/INDEX.md	exists	index already exists
/data/data/com.termux/files/home/02.ERP-system/13.warehouse/04.picking	overview	/data/data/com.termux/files/home/02.ERP-system/13.warehouse/04.picking/920.meta/OVERVIEW.md	/data/data/com.termux/files/home/02.ERP-system/13.warehouse/04.picking/920.meta/OVERVIEW.md	exists	overview already exists
/data/data/com.termux/files/home/02.ERP-system/13.warehouse/05.shipping	dir	/data/data/com.termux/files/home/02.ERP-system/13.warehouse/05.shipping/010.constitution	/data/data/com.termux/files/home/02.ERP-system/13.warehouse/05.shipping/010.constitution	exists	directory already exists
/data/data/com.termux/files/home/02.ERP-system/13.warehouse/05.shipping	dir	/data/data/com.termux/files/home/02.ERP-system/13.warehouse/05.shipping/020.architecture	/data/data/com.termux/files/home/02.ERP-system/13.warehouse/05.shipping/020.architecture	exists	directory already exists
/data/data/com.termux/files/home/02.ERP-system/13.warehouse/05.shipping	dir	/data/data/com.termux/files/home/02.ERP-system/13.warehouse/05.shipping/030.model	/data/data/com.termux/files/home/02.ERP-system/13.warehouse/05.shipping/030.model	exists	directory already exists
/data/data/com.termux/files/home/02.ERP-system/13.warehouse/05.shipping	dir	/data/data/com.termux/files/home/02.ERP-system/13.warehouse/05.shipping/050.flow	/data/data/com.termux/files/home/02.ERP-system/13.warehouse/05.shipping/050.flow	exists	directory already exists
/data/data/com.termux/files/home/02.ERP-system/13.warehouse/05.shipping	dir	/data/data/com.termux/files/home/02.ERP-system/13.warehouse/05.shipping/060.integration	/data/data/com.termux/files/home/02.ERP-system/13.warehouse/05.shipping/060.integration	exists	directory already exists
/data/data/com.termux/files/home/02.ERP-system/13.warehouse/05.shipping	dir	/data/data/com.termux/files/home/02.ERP-system/13.warehouse/05.shipping/070.operations	/data/data/com.termux/files/home/02.ERP-system/13.warehouse/05.shipping/070.operations	exists	directory already exists
/data/data/com.termux/files/home/02.ERP-system/13.warehouse/05.shipping	dir	/data/data/com.termux/files/home/02.ERP-system/13.warehouse/05.shipping/080.policy	/data/data/com.termux/files/home/02.ERP-system/13.warehouse/05.shipping/080.policy	exists	directory already exists
/data/data/com.termux/files/home/02.ERP-system/13.warehouse/05.shipping	dir	/data/data/com.termux/files/home/02.ERP-system/13.warehouse/05.shipping/100.security	/data/data/com.termux/files/home/02.ERP-system/13.warehouse/05.shipping/100.security	exists	directory already exists
/data/data/com.termux/files/home/02.ERP-system/13.warehouse/05.shipping	dir	/data/data/com.termux/files/home/02.ERP-system/13.warehouse/05.shipping/110.infrastructure	/data/data/com.termux/files/home/02.ERP-system/13.warehouse/05.shipping/110.infrastructure	exists	directory already exists
/data/data/com.termux/files/home/02.ERP-system/13.warehouse/05.shipping	dir	/data/data/com.termux/files/home/02.ERP-system/13.warehouse/05.shipping/120.implementation	/data/data/com.termux/files/home/02.ERP-system/13.warehouse/05.shipping/120.implementation	exists	directory already exists
/data/data/com.termux/files/home/02.ERP-system/13.warehouse/05.shipping	dir	/data/data/com.termux/files/home/02.ERP-system/13.warehouse/05.shipping/130.development	/data/data/com.termux/files/home/02.ERP-system/13.warehouse/05.shipping/130.development	exists	directory already exists
/data/data/com.termux/files/home/02.ERP-system/13.warehouse/05.shipping	dir	/data/data/com.termux/files/home/02.ERP-system/13.warehouse/05.shipping/900.meta	/data/data/com.termux/files/home/02.ERP-system/13.warehouse/05.shipping/900.meta	exists	directory already exists
/data/data/com.termux/files/home/02.ERP-system/13.warehouse/05.shipping	dir	/data/data/com.termux/files/home/02.ERP-system/13.warehouse/05.shipping/920.meta	/data/data/com.termux/files/home/02.ERP-system/13.warehouse/05.shipping/920.meta	exists	directory already exists
/data/data/com.termux/files/home/02.ERP-system/13.warehouse/05.shipping	index	/data/data/com.termux/files/home/02.ERP-system/13.warehouse/05.shipping/INDEX.md	/data/data/com.termux/files/home/02.ERP-system/13.warehouse/05.shipping/INDEX.md	exists	index already exists
/data/data/com.termux/files/home/02.ERP-system/13.warehouse/05.shipping	overview	/data/data/com.termux/files/home/02.ERP-system/13.warehouse/05.shipping/OVERVIEW.md	/data/data/com.termux/files/home/02.ERP-system/13.warehouse/05.shipping/OVERVIEW.md	exists	overview already exists
/data/data/com.termux/files/home/02.ERP-system/13.warehouse/05.shipping	dir	/data/data/com.termux/files/home/02.ERP-system/13.warehouse/05.shipping/010.constitution	/data/data/com.termux/files/home/02.ERP-system/13.warehouse/05.shipping/010.constitution	exists	directory already exists
/data/data/com.termux/files/home/02.ERP-system/13.warehouse/05.shipping	index	/data/data/com.termux/files/home/02.ERP-system/13.warehouse/05.shipping/010.constitution/INDEX.md	/data/data/com.termux/files/home/02.ERP-system/13.warehouse/05.shipping/010.constitution/INDEX.md	exists	index already exists
/data/data/com.termux/files/home/02.ERP-system/13.warehouse/05.shipping	overview	/data/data/com.termux/files/home/02.ERP-system/13.warehouse/05.shipping/010.constitution/OVERVIEW.md	/data/data/com.termux/files/home/02.ERP-system/13.warehouse/05.shipping/010.constitution/OVERVIEW.md	exists	overview already exists
/data/data/com.termux/files/home/02.ERP-system/13.warehouse/05.shipping	dir	/data/data/com.termux/files/home/02.ERP-system/13.warehouse/05.shipping/020.architecture	/data/data/com.termux/files/home/02.ERP-system/13.warehouse/05.shipping/020.architecture	exists	directory already exists
/data/data/com.termux/files/home/02.ERP-system/13.warehouse/05.shipping	index	/data/data/com.termux/files/home/02.ERP-system/13.warehouse/05.shipping/020.architecture/INDEX.md	/data/data/com.termux/files/home/02.ERP-system/13.warehouse/05.shipping/020.architecture/INDEX.md	exists	index already exists
/data/data/com.termux/files/home/02.ERP-system/13.warehouse/05.shipping	overview	/data/data/com.termux/files/home/02.ERP-system/13.warehouse/05.shipping/020.architecture/OVERVIEW.md	/data/data/com.termux/files/home/02.ERP-system/13.warehouse/05.shipping/020.architecture/OVERVIEW.md	exists	overview already exists
/data/data/com.termux/files/home/02.ERP-system/13.warehouse/05.shipping	dir	/data/data/com.termux/files/home/02.ERP-system/13.warehouse/05.shipping/030.model	/data/data/com.termux/files/home/02.ERP-system/13.warehouse/05.shipping/030.model	exists	directory already exists
/data/data/com.termux/files/home/02.ERP-system/13.warehouse/05.shipping	index	/data/data/com.termux/files/home/02.ERP-system/13.warehouse/05.shipping/030.model/INDEX.md	/data/data/com.termux/files/home/02.ERP-system/13.warehouse/05.shipping/030.model/INDEX.md	exists	index already exists
/data/data/com.termux/files/home/02.ERP-system/13.warehouse/05.shipping	overview	/data/data/com.termux/files/home/02.ERP-system/13.warehouse/05.shipping/030.model/OVERVIEW.md	/data/data/com.termux/files/home/02.ERP-system/13.warehouse/05.shipping/030.model/OVERVIEW.md	exists	overview already exists
/data/data/com.termux/files/home/02.ERP-system/13.warehouse/05.shipping	dir	/data/data/com.termux/files/home/02.ERP-system/13.warehouse/05.shipping/050.flow	/data/data/com.termux/files/home/02.ERP-system/13.warehouse/05.shipping/050.flow	exists	directory already exists
/data/data/com.termux/files/home/02.ERP-system/13.warehouse/05.shipping	index	/data/data/com.termux/files/home/02.ERP-system/13.warehouse/05.shipping/050.flow/INDEX.md	/data/data/com.termux/files/home/02.ERP-system/13.warehouse/05.shipping/050.flow/INDEX.md	exists	index already exists
/data/data/com.termux/files/home/02.ERP-system/13.warehouse/05.shipping	overview	/data/data/com.termux/files/home/02.ERP-system/13.warehouse/05.shipping/050.flow/OVERVIEW.md	/data/data/com.termux/files/home/02.ERP-system/13.warehouse/05.shipping/050.flow/OVERVIEW.md	exists	overview already exists
/data/data/com.termux/files/home/02.ERP-system/13.warehouse/05.shipping	dir	/data/data/com.termux/files/home/02.ERP-system/13.warehouse/05.shipping/060.integration	/data/data/com.termux/files/home/02.ERP-system/13.warehouse/05.shipping/060.integration	exists	directory already exists
/data/data/com.termux/files/home/02.ERP-system/13.warehouse/05.shipping	index	/data/data/com.termux/files/home/02.ERP-system/13.warehouse/05.shipping/060.integration/INDEX.md	/data/data/com.termux/files/home/02.ERP-system/13.warehouse/05.shipping/060.integration/INDEX.md	exists	index already exists
/data/data/com.termux/files/home/02.ERP-system/13.warehouse/05.shipping	overview	/data/data/com.termux/files/home/02.ERP-system/13.warehouse/05.shipping/060.integration/OVERVIEW.md	/data/data/com.termux/files/home/02.ERP-system/13.warehouse/05.shipping/060.integration/OVERVIEW.md	exists	overview already exists
/data/data/com.termux/files/home/02.ERP-system/13.warehouse/05.shipping	dir	/data/data/com.termux/files/home/02.ERP-system/13.warehouse/05.shipping/070.operations	/data/data/com.termux/files/home/02.ERP-system/13.warehouse/05.shipping/070.operations	exists	directory already exists
/data/data/com.termux/files/home/02.ERP-system/13.warehouse/05.shipping	index	/data/data/com.termux/files/home/02.ERP-system/13.warehouse/05.shipping/070.operations/INDEX.md	/data/data/com.termux/files/home/02.ERP-system/13.warehouse/05.shipping/070.operations/INDEX.md	exists	index already exists
/data/data/com.termux/files/home/02.ERP-system/13.warehouse/05.shipping	overview	/data/data/com.termux/files/home/02.ERP-system/13.warehouse/05.shipping/070.operations/OVERVIEW.md	/data/data/com.termux/files/home/02.ERP-system/13.warehouse/05.shipping/070.operations/OVERVIEW.md	exists	overview already exists
/data/data/com.termux/files/home/02.ERP-system/13.warehouse/05.shipping	dir	/data/data/com.termux/files/home/02.ERP-system/13.warehouse/05.shipping/080.policy	/data/data/com.termux/files/home/02.ERP-system/13.warehouse/05.shipping/080.policy	exists	directory already exists
/data/data/com.termux/files/home/02.ERP-system/13.warehouse/05.shipping	index	/data/data/com.termux/files/home/02.ERP-system/13.warehouse/05.shipping/080.policy/INDEX.md	/data/data/com.termux/files/home/02.ERP-system/13.warehouse/05.shipping/080.policy/INDEX.md	exists	index already exists
/data/data/com.termux/files/home/02.ERP-system/13.warehouse/05.shipping	overview	/data/data/com.termux/files/home/02.ERP-system/13.warehouse/05.shipping/080.policy/OVERVIEW.md	/data/data/com.termux/files/home/02.ERP-system/13.warehouse/05.shipping/080.policy/OVERVIEW.md	exists	overview already exists
/data/data/com.termux/files/home/02.ERP-system/13.warehouse/05.shipping	dir	/data/data/com.termux/files/home/02.ERP-system/13.warehouse/05.shipping/100.security	/data/data/com.termux/files/home/02.ERP-system/13.warehouse/05.shipping/100.security	exists	directory already exists
/data/data/com.termux/files/home/02.ERP-system/13.warehouse/05.shipping	index	/data/data/com.termux/files/home/02.ERP-system/13.warehouse/05.shipping/100.security/INDEX.md	/data/data/com.termux/files/home/02.ERP-system/13.warehouse/05.shipping/100.security/INDEX.md	exists	index already exists
/data/data/com.termux/files/home/02.ERP-system/13.warehouse/05.shipping	overview	/data/data/com.termux/files/home/02.ERP-system/13.warehouse/05.shipping/100.security/OVERVIEW.md	/data/data/com.termux/files/home/02.ERP-system/13.warehouse/05.shipping/100.security/OVERVIEW.md	exists	overview already exists
/data/data/com.termux/files/home/02.ERP-system/13.warehouse/05.shipping	dir	/data/data/com.termux/files/home/02.ERP-system/13.warehouse/05.shipping/110.infrastructure	/data/data/com.termux/files/home/02.ERP-system/13.warehouse/05.shipping/110.infrastructure	exists	directory already exists
/data/data/com.termux/files/home/02.ERP-system/13.warehouse/05.shipping	index	/data/data/com.termux/files/home/02.ERP-system/13.warehouse/05.shipping/110.infrastructure/INDEX.md	/data/data/com.termux/files/home/02.ERP-system/13.warehouse/05.shipping/110.infrastructure/INDEX.md	exists	index already exists
/data/data/com.termux/files/home/02.ERP-system/13.warehouse/05.shipping	overview	/data/data/com.termux/files/home/02.ERP-system/13.warehouse/05.shipping/110.infrastructure/OVERVIEW.md	/data/data/com.termux/files/home/02.ERP-system/13.warehouse/05.shipping/110.infrastructure/OVERVIEW.md	exists	overview already exists
/data/data/com.termux/files/home/02.ERP-system/13.warehouse/05.shipping	dir	/data/data/com.termux/files/home/02.ERP-system/13.warehouse/05.shipping/120.implementation	/data/data/com.termux/files/home/02.ERP-system/13.warehouse/05.shipping/120.implementation	exists	directory already exists
/data/data/com.termux/files/home/02.ERP-system/13.warehouse/05.shipping	index	/data/data/com.termux/files/home/02.ERP-system/13.warehouse/05.shipping/120.implementation/INDEX.md	/data/data/com.termux/files/home/02.ERP-system/13.warehouse/05.shipping/120.implementation/INDEX.md	exists	index already exists
/data/data/com.termux/files/home/02.ERP-system/13.warehouse/05.shipping	overview	/data/data/com.termux/files/home/02.ERP-system/13.warehouse/05.shipping/120.implementation/OVERVIEW.md	/data/data/com.termux/files/home/02.ERP-system/13.warehouse/05.shipping/120.implementation/OVERVIEW.md	exists	overview already exists
/data/data/com.termux/files/home/02.ERP-system/13.warehouse/05.shipping	dir	/data/data/com.termux/files/home/02.ERP-system/13.warehouse/05.shipping/130.development	/data/data/com.termux/files/home/02.ERP-system/13.warehouse/05.shipping/130.development	exists	directory already exists
/data/data/com.termux/files/home/02.ERP-system/13.warehouse/05.shipping	index	/data/data/com.termux/files/home/02.ERP-system/13.warehouse/05.shipping/130.development/INDEX.md	/data/data/com.termux/files/home/02.ERP-system/13.warehouse/05.shipping/130.development/INDEX.md	exists	index already exists
/data/data/com.termux/files/home/02.ERP-system/13.warehouse/05.shipping	overview	/data/data/com.termux/files/home/02.ERP-system/13.warehouse/05.shipping/130.development/OVERVIEW.md	/data/data/com.termux/files/home/02.ERP-system/13.warehouse/05.shipping/130.development/OVERVIEW.md	exists	overview already exists
/data/data/com.termux/files/home/02.ERP-system/13.warehouse/05.shipping	dir	/data/data/com.termux/files/home/02.ERP-system/13.warehouse/05.shipping/900.meta	/data/data/com.termux/files/home/02.ERP-system/13.warehouse/05.shipping/900.meta	exists	directory already exists
/data/data/com.termux/files/home/02.ERP-system/13.warehouse/05.shipping	index	/data/data/com.termux/files/home/02.ERP-system/13.warehouse/05.shipping/900.meta/INDEX.md	/data/data/com.termux/files/home/02.ERP-system/13.warehouse/05.shipping/900.meta/INDEX.md	exists	index already exists
/data/data/com.termux/files/home/02.ERP-system/13.warehouse/05.shipping	overview	/data/data/com.termux/files/home/02.ERP-system/13.warehouse/05.shipping/900.meta/OVERVIEW.md	/data/data/com.termux/files/home/02.ERP-system/13.warehouse/05.shipping/900.meta/OVERVIEW.md	exists	overview already exists
/data/data/com.termux/files/home/02.ERP-system/13.warehouse/05.shipping	dir	/data/data/com.termux/files/home/02.ERP-system/13.warehouse/05.shipping/920.meta	/data/data/com.termux/files/home/02.ERP-system/13.warehouse/05.shipping/920.meta	exists	directory already exists
/data/data/com.termux/files/home/02.ERP-system/13.warehouse/05.shipping	index	/data/data/com.termux/files/home/02.ERP-system/13.warehouse/05.shipping/920.meta/INDEX.md	/data/data/com.termux/files/home/02.ERP-system/13.warehouse/05.shipping/920.meta/INDEX.md	exists	index already exists
/data/data/com.termux/files/home/02.ERP-system/13.warehouse/05.shipping	overview	/data/data/com.termux/files/home/02.ERP-system/13.warehouse/05.shipping/920.meta/OVERVIEW.md	/data/data/com.termux/files/home/02.ERP-system/13.warehouse/05.shipping/920.meta/OVERVIEW.md	exists	overview already exists
/data/data/com.termux/files/home/02.ERP-system/13.warehouse/06.receiving	dir	/data/data/com.termux/files/home/02.ERP-system/13.warehouse/06.receiving/010.constitution	/data/data/com.termux/files/home/02.ERP-system/13.warehouse/06.receiving/010.constitution	exists	directory already exists
/data/data/com.termux/files/home/02.ERP-system/13.warehouse/06.receiving	dir	/data/data/com.termux/files/home/02.ERP-system/13.warehouse/06.receiving/020.architecture	/data/data/com.termux/files/home/02.ERP-system/13.warehouse/06.receiving/020.architecture	exists	directory already exists
/data/data/com.termux/files/home/02.ERP-system/13.warehouse/06.receiving	dir	/data/data/com.termux/files/home/02.ERP-system/13.warehouse/06.receiving/030.model	/data/data/com.termux/files/home/02.ERP-system/13.warehouse/06.receiving/030.model	exists	directory already exists
/data/data/com.termux/files/home/02.ERP-system/13.warehouse/06.receiving	dir	/data/data/com.termux/files/home/02.ERP-system/13.warehouse/06.receiving/050.flow	/data/data/com.termux/files/home/02.ERP-system/13.warehouse/06.receiving/050.flow	exists	directory already exists
/data/data/com.termux/files/home/02.ERP-system/13.warehouse/06.receiving	dir	/data/data/com.termux/files/home/02.ERP-system/13.warehouse/06.receiving/060.integration	/data/data/com.termux/files/home/02.ERP-system/13.warehouse/06.receiving/060.integration	exists	directory already exists
/data/data/com.termux/files/home/02.ERP-system/13.warehouse/06.receiving	dir	/data/data/com.termux/files/home/02.ERP-system/13.warehouse/06.receiving/070.operations	/data/data/com.termux/files/home/02.ERP-system/13.warehouse/06.receiving/070.operations	exists	directory already exists
/data/data/com.termux/files/home/02.ERP-system/13.warehouse/06.receiving	dir	/data/data/com.termux/files/home/02.ERP-system/13.warehouse/06.receiving/080.policy	/data/data/com.termux/files/home/02.ERP-system/13.warehouse/06.receiving/080.policy	exists	directory already exists
/data/data/com.termux/files/home/02.ERP-system/13.warehouse/06.receiving	dir	/data/data/com.termux/files/home/02.ERP-system/13.warehouse/06.receiving/100.security	/data/data/com.termux/files/home/02.ERP-system/13.warehouse/06.receiving/100.security	exists	directory already exists
/data/data/com.termux/files/home/02.ERP-system/13.warehouse/06.receiving	dir	/data/data/com.termux/files/home/02.ERP-system/13.warehouse/06.receiving/110.infrastructure	/data/data/com.termux/files/home/02.ERP-system/13.warehouse/06.receiving/110.infrastructure	exists	directory already exists
/data/data/com.termux/files/home/02.ERP-system/13.warehouse/06.receiving	dir	/data/data/com.termux/files/home/02.ERP-system/13.warehouse/06.receiving/120.implementation	/data/data/com.termux/files/home/02.ERP-system/13.warehouse/06.receiving/120.implementation	exists	directory already exists
/data/data/com.termux/files/home/02.ERP-system/13.warehouse/06.receiving	dir	/data/data/com.termux/files/home/02.ERP-system/13.warehouse/06.receiving/130.development	/data/data/com.termux/files/home/02.ERP-system/13.warehouse/06.receiving/130.development	exists	directory already exists
/data/data/com.termux/files/home/02.ERP-system/13.warehouse/06.receiving	dir	/data/data/com.termux/files/home/02.ERP-system/13.warehouse/06.receiving/900.meta	/data/data/com.termux/files/home/02.ERP-system/13.warehouse/06.receiving/900.meta	exists	directory already exists
/data/data/com.termux/files/home/02.ERP-system/13.warehouse/06.receiving	dir	/data/data/com.termux/files/home/02.ERP-system/13.warehouse/06.receiving/920.meta	/data/data/com.termux/files/home/02.ERP-system/13.warehouse/06.receiving/920.meta	exists	directory already exists
/data/data/com.termux/files/home/02.ERP-system/13.warehouse/06.receiving	index	/data/data/com.termux/files/home/02.ERP-system/13.warehouse/06.receiving/INDEX.md	/data/data/com.termux/files/home/02.ERP-system/13.warehouse/06.receiving/INDEX.md	exists	index already exists
/data/data/com.termux/files/home/02.ERP-system/13.warehouse/06.receiving	overview	/data/data/com.termux/files/home/02.ERP-system/13.warehouse/06.receiving/OVERVIEW.md	/data/data/com.termux/files/home/02.ERP-system/13.warehouse/06.receiving/OVERVIEW.md	exists	overview already exists
/data/data/com.termux/files/home/02.ERP-system/13.warehouse/06.receiving	dir	/data/data/com.termux/files/home/02.ERP-system/13.warehouse/06.receiving/010.constitution	/data/data/com.termux/files/home/02.ERP-system/13.warehouse/06.receiving/010.constitution	exists	directory already exists
/data/data/com.termux/files/home/02.ERP-system/13.warehouse/06.receiving	index	/data/data/com.termux/files/home/02.ERP-system/13.warehouse/06.receiving/010.constitution/INDEX.md	/data/data/com.termux/files/home/02.ERP-system/13.warehouse/06.receiving/010.constitution/INDEX.md	exists	index already exists
/data/data/com.termux/files/home/02.ERP-system/13.warehouse/06.receiving	overview	/data/data/com.termux/files/home/02.ERP-system/13.warehouse/06.receiving/010.constitution/OVERVIEW.md	/data/data/com.termux/files/home/02.ERP-system/13.warehouse/06.receiving/010.constitution/OVERVIEW.md	exists	overview already exists
/data/data/com.termux/files/home/02.ERP-system/13.warehouse/06.receiving	dir	/data/data/com.termux/files/home/02.ERP-system/13.warehouse/06.receiving/020.architecture	/data/data/com.termux/files/home/02.ERP-system/13.warehouse/06.receiving/020.architecture	exists	directory already exists
/data/data/com.termux/files/home/02.ERP-system/13.warehouse/06.receiving	index	/data/data/com.termux/files/home/02.ERP-system/13.warehouse/06.receiving/020.architecture/INDEX.md	/data/data/com.termux/files/home/02.ERP-system/13.warehouse/06.receiving/020.architecture/INDEX.md	exists	index already exists
/data/data/com.termux/files/home/02.ERP-system/13.warehouse/06.receiving	overview	/data/data/com.termux/files/home/02.ERP-system/13.warehouse/06.receiving/020.architecture/OVERVIEW.md	/data/data/com.termux/files/home/02.ERP-system/13.warehouse/06.receiving/020.architecture/OVERVIEW.md	exists	overview already exists
/data/data/com.termux/files/home/02.ERP-system/13.warehouse/06.receiving	dir	/data/data/com.termux/files/home/02.ERP-system/13.warehouse/06.receiving/030.model	/data/data/com.termux/files/home/02.ERP-system/13.warehouse/06.receiving/030.model	exists	directory already exists
/data/data/com.termux/files/home/02.ERP-system/13.warehouse/06.receiving	index	/data/data/com.termux/files/home/02.ERP-system/13.warehouse/06.receiving/030.model/INDEX.md	/data/data/com.termux/files/home/02.ERP-system/13.warehouse/06.receiving/030.model/INDEX.md	exists	index already exists
/data/data/com.termux/files/home/02.ERP-system/13.warehouse/06.receiving	overview	/data/data/com.termux/files/home/02.ERP-system/13.warehouse/06.receiving/030.model/OVERVIEW.md	/data/data/com.termux/files/home/02.ERP-system/13.warehouse/06.receiving/030.model/OVERVIEW.md	exists	overview already exists
/data/data/com.termux/files/home/02.ERP-system/13.warehouse/06.receiving	dir	/data/data/com.termux/files/home/02.ERP-system/13.warehouse/06.receiving/050.flow	/data/data/com.termux/files/home/02.ERP-system/13.warehouse/06.receiving/050.flow	exists	directory already exists
/data/data/com.termux/files/home/02.ERP-system/13.warehouse/06.receiving	index	/data/data/com.termux/files/home/02.ERP-system/13.warehouse/06.receiving/050.flow/INDEX.md	/data/data/com.termux/files/home/02.ERP-system/13.warehouse/06.receiving/050.flow/INDEX.md	exists	index already exists
/data/data/com.termux/files/home/02.ERP-system/13.warehouse/06.receiving	overview	/data/data/com.termux/files/home/02.ERP-system/13.warehouse/06.receiving/050.flow/OVERVIEW.md	/data/data/com.termux/files/home/02.ERP-system/13.warehouse/06.receiving/050.flow/OVERVIEW.md	exists	overview already exists
/data/data/com.termux/files/home/02.ERP-system/13.warehouse/06.receiving	dir	/data/data/com.termux/files/home/02.ERP-system/13.warehouse/06.receiving/060.integration	/data/data/com.termux/files/home/02.ERP-system/13.warehouse/06.receiving/060.integration	exists	directory already exists
/data/data/com.termux/files/home/02.ERP-system/13.warehouse/06.receiving	index	/data/data/com.termux/files/home/02.ERP-system/13.warehouse/06.receiving/060.integration/INDEX.md	/data/data/com.termux/files/home/02.ERP-system/13.warehouse/06.receiving/060.integration/INDEX.md	exists	index already exists
/data/data/com.termux/files/home/02.ERP-system/13.warehouse/06.receiving	overview	/data/data/com.termux/files/home/02.ERP-system/13.warehouse/06.receiving/060.integration/OVERVIEW.md	/data/data/com.termux/files/home/02.ERP-system/13.warehouse/06.receiving/060.integration/OVERVIEW.md	exists	overview already exists
/data/data/com.termux/files/home/02.ERP-system/13.warehouse/06.receiving	dir	/data/data/com.termux/files/home/02.ERP-system/13.warehouse/06.receiving/070.operations	/data/data/com.termux/files/home/02.ERP-system/13.warehouse/06.receiving/070.operations	exists	directory already exists
/data/data/com.termux/files/home/02.ERP-system/13.warehouse/06.receiving	index	/data/data/com.termux/files/home/02.ERP-system/13.warehouse/06.receiving/070.operations/INDEX.md	/data/data/com.termux/files/home/02.ERP-system/13.warehouse/06.receiving/070.operations/INDEX.md	exists	index already exists
/data/data/com.termux/files/home/02.ERP-system/13.warehouse/06.receiving	overview	/data/data/com.termux/files/home/02.ERP-system/13.warehouse/06.receiving/070.operations/OVERVIEW.md	/data/data/com.termux/files/home/02.ERP-system/13.warehouse/06.receiving/070.operations/OVERVIEW.md	exists	overview already exists
/data/data/com.termux/files/home/02.ERP-system/13.warehouse/06.receiving	dir	/data/data/com.termux/files/home/02.ERP-system/13.warehouse/06.receiving/080.policy	/data/data/com.termux/files/home/02.ERP-system/13.warehouse/06.receiving/080.policy	exists	directory already exists
/data/data/com.termux/files/home/02.ERP-system/13.warehouse/06.receiving	index	/data/data/com.termux/files/home/02.ERP-system/13.warehouse/06.receiving/080.policy/INDEX.md	/data/data/com.termux/files/home/02.ERP-system/13.warehouse/06.receiving/080.policy/INDEX.md	exists	index already exists
/data/data/com.termux/files/home/02.ERP-system/13.warehouse/06.receiving	overview	/data/data/com.termux/files/home/02.ERP-system/13.warehouse/06.receiving/080.policy/OVERVIEW.md	/data/data/com.termux/files/home/02.ERP-system/13.warehouse/06.receiving/080.policy/OVERVIEW.md	exists	overview already exists
/data/data/com.termux/files/home/02.ERP-system/13.warehouse/06.receiving	dir	/data/data/com.termux/files/home/02.ERP-system/13.warehouse/06.receiving/100.security	/data/data/com.termux/files/home/02.ERP-system/13.warehouse/06.receiving/100.security	exists	directory already exists
/data/data/com.termux/files/home/02.ERP-system/13.warehouse/06.receiving	index	/data/data/com.termux/files/home/02.ERP-system/13.warehouse/06.receiving/100.security/INDEX.md	/data/data/com.termux/files/home/02.ERP-system/13.warehouse/06.receiving/100.security/INDEX.md	exists	index already exists
/data/data/com.termux/files/home/02.ERP-system/13.warehouse/06.receiving	overview	/data/data/com.termux/files/home/02.ERP-system/13.warehouse/06.receiving/100.security/OVERVIEW.md	/data/data/com.termux/files/home/02.ERP-system/13.warehouse/06.receiving/100.security/OVERVIEW.md	exists	overview already exists
/data/data/com.termux/files/home/02.ERP-system/13.warehouse/06.receiving	dir	/data/data/com.termux/files/home/02.ERP-system/13.warehouse/06.receiving/110.infrastructure	/data/data/com.termux/files/home/02.ERP-system/13.warehouse/06.receiving/110.infrastructure	exists	directory already exists
/data/data/com.termux/files/home/02.ERP-system/13.warehouse/06.receiving	index	/data/data/com.termux/files/home/02.ERP-system/13.warehouse/06.receiving/110.infrastructure/INDEX.md	/data/data/com.termux/files/home/02.ERP-system/13.warehouse/06.receiving/110.infrastructure/INDEX.md	exists	index already exists
/data/data/com.termux/files/home/02.ERP-system/13.warehouse/06.receiving	overview	/data/data/com.termux/files/home/02.ERP-system/13.warehouse/06.receiving/110.infrastructure/OVERVIEW.md	/data/data/com.termux/files/home/02.ERP-system/13.warehouse/06.receiving/110.infrastructure/OVERVIEW.md	exists	overview already exists
/data/data/com.termux/files/home/02.ERP-system/13.warehouse/06.receiving	dir	/data/data/com.termux/files/home/02.ERP-system/13.warehouse/06.receiving/120.implementation	/data/data/com.termux/files/home/02.ERP-system/13.warehouse/06.receiving/120.implementation	exists	directory already exists
/data/data/com.termux/files/home/02.ERP-system/13.warehouse/06.receiving	index	/data/data/com.termux/files/home/02.ERP-system/13.warehouse/06.receiving/120.implementation/INDEX.md	/data/data/com.termux/files/home/02.ERP-system/13.warehouse/06.receiving/120.implementation/INDEX.md	exists	index already exists
/data/data/com.termux/files/home/02.ERP-system/13.warehouse/06.receiving	overview	/data/data/com.termux/files/home/02.ERP-system/13.warehouse/06.receiving/120.implementation/OVERVIEW.md	/data/data/com.termux/files/home/02.ERP-system/13.warehouse/06.receiving/120.implementation/OVERVIEW.md	exists	overview already exists
/data/data/com.termux/files/home/02.ERP-system/13.warehouse/06.receiving	dir	/data/data/com.termux/files/home/02.ERP-system/13.warehouse/06.receiving/130.development	/data/data/com.termux/files/home/02.ERP-system/13.warehouse/06.receiving/130.development	exists	directory already exists
/data/data/com.termux/files/home/02.ERP-system/13.warehouse/06.receiving	index	/data/data/com.termux/files/home/02.ERP-system/13.warehouse/06.receiving/130.development/INDEX.md	/data/data/com.termux/files/home/02.ERP-system/13.warehouse/06.receiving/130.development/INDEX.md	exists	index already exists
/data/data/com.termux/files/home/02.ERP-system/13.warehouse/06.receiving	overview	/data/data/com.termux/files/home/02.ERP-system/13.warehouse/06.receiving/130.development/OVERVIEW.md	/data/data/com.termux/files/home/02.ERP-system/13.warehouse/06.receiving/130.development/OVERVIEW.md	exists	overview already exists
/data/data/com.termux/files/home/02.ERP-system/13.warehouse/06.receiving	dir	/data/data/com.termux/files/home/02.ERP-system/13.warehouse/06.receiving/900.meta	/data/data/com.termux/files/home/02.ERP-system/13.warehouse/06.receiving/900.meta	exists	directory already exists
/data/data/com.termux/files/home/02.ERP-system/13.warehouse/06.receiving	index	/data/data/com.termux/files/home/02.ERP-system/13.warehouse/06.receiving/900.meta/INDEX.md	/data/data/com.termux/files/home/02.ERP-system/13.warehouse/06.receiving/900.meta/INDEX.md	exists	index already exists
/data/data/com.termux/files/home/02.ERP-system/13.warehouse/06.receiving	overview	/data/data/com.termux/files/home/02.ERP-system/13.warehouse/06.receiving/900.meta/OVERVIEW.md	/data/data/com.termux/files/home/02.ERP-system/13.warehouse/06.receiving/900.meta/OVERVIEW.md	exists	overview already exists
/data/data/com.termux/files/home/02.ERP-system/13.warehouse/06.receiving	dir	/data/data/com.termux/files/home/02.ERP-system/13.warehouse/06.receiving/920.meta	/data/data/com.termux/files/home/02.ERP-system/13.warehouse/06.receiving/920.meta	exists	directory already exists
/data/data/com.termux/files/home/02.ERP-system/13.warehouse/06.receiving	index	/data/data/com.termux/files/home/02.ERP-system/13.warehouse/06.receiving/920.meta/INDEX.md	/data/data/com.termux/files/home/02.ERP-system/13.warehouse/06.receiving/920.meta/INDEX.md	exists	index already exists
/data/data/com.termux/files/home/02.ERP-system/13.warehouse/06.receiving	overview	/data/data/com.termux/files/home/02.ERP-system/13.warehouse/06.receiving/920.meta/OVERVIEW.md	/data/data/com.termux/files/home/02.ERP-system/13.warehouse/06.receiving/920.meta/OVERVIEW.md	exists	overview already exists
/data/data/com.termux/files/home/02.ERP-system/14.logistics	archive_payload	/data/data/com.termux/files/home/02.ERP-system/14.logistics/02.delivery/030.model/089_ERP_MESSAGE_DELIVERY_MODEL.md	/data/data/com.termux/files/home/02.ERP-system/99.archive/20260422_224743/module-design-reset/14.logistics/02.delivery/030.model/089_ERP_MESSAGE_DELIVERY_MODEL.md	moved	module payload archived during reset
/data/data/com.termux/files/home/02.ERP-system/14.logistics	dir	/data/data/com.termux/files/home/02.ERP-system/14.logistics/010.constitution	/data/data/com.termux/files/home/02.ERP-system/14.logistics/010.constitution	exists	directory already exists
/data/data/com.termux/files/home/02.ERP-system/14.logistics	dir	/data/data/com.termux/files/home/02.ERP-system/14.logistics/020.architecture	/data/data/com.termux/files/home/02.ERP-system/14.logistics/020.architecture	exists	directory already exists
/data/data/com.termux/files/home/02.ERP-system/14.logistics	dir	/data/data/com.termux/files/home/02.ERP-system/14.logistics/030.model	/data/data/com.termux/files/home/02.ERP-system/14.logistics/030.model	exists	directory already exists
/data/data/com.termux/files/home/02.ERP-system/14.logistics	dir	/data/data/com.termux/files/home/02.ERP-system/14.logistics/050.flow	/data/data/com.termux/files/home/02.ERP-system/14.logistics/050.flow	exists	directory already exists
/data/data/com.termux/files/home/02.ERP-system/14.logistics	dir	/data/data/com.termux/files/home/02.ERP-system/14.logistics/060.integration	/data/data/com.termux/files/home/02.ERP-system/14.logistics/060.integration	exists	directory already exists
/data/data/com.termux/files/home/02.ERP-system/14.logistics	dir	/data/data/com.termux/files/home/02.ERP-system/14.logistics/070.operations	/data/data/com.termux/files/home/02.ERP-system/14.logistics/070.operations	exists	directory already exists
/data/data/com.termux/files/home/02.ERP-system/14.logistics	dir	/data/data/com.termux/files/home/02.ERP-system/14.logistics/080.policy	/data/data/com.termux/files/home/02.ERP-system/14.logistics/080.policy	exists	directory already exists
/data/data/com.termux/files/home/02.ERP-system/14.logistics	dir	/data/data/com.termux/files/home/02.ERP-system/14.logistics/100.security	/data/data/com.termux/files/home/02.ERP-system/14.logistics/100.security	exists	directory already exists
/data/data/com.termux/files/home/02.ERP-system/14.logistics	dir	/data/data/com.termux/files/home/02.ERP-system/14.logistics/110.infrastructure	/data/data/com.termux/files/home/02.ERP-system/14.logistics/110.infrastructure	exists	directory already exists
/data/data/com.termux/files/home/02.ERP-system/14.logistics	dir	/data/data/com.termux/files/home/02.ERP-system/14.logistics/120.implementation	/data/data/com.termux/files/home/02.ERP-system/14.logistics/120.implementation	exists	directory already exists
/data/data/com.termux/files/home/02.ERP-system/14.logistics	dir	/data/data/com.termux/files/home/02.ERP-system/14.logistics/130.development	/data/data/com.termux/files/home/02.ERP-system/14.logistics/130.development	exists	directory already exists
/data/data/com.termux/files/home/02.ERP-system/14.logistics	dir	/data/data/com.termux/files/home/02.ERP-system/14.logistics/900.meta	/data/data/com.termux/files/home/02.ERP-system/14.logistics/900.meta	exists	directory already exists
/data/data/com.termux/files/home/02.ERP-system/14.logistics	dir	/data/data/com.termux/files/home/02.ERP-system/14.logistics/920.meta	/data/data/com.termux/files/home/02.ERP-system/14.logistics/920.meta	exists	directory already exists
/data/data/com.termux/files/home/02.ERP-system/14.logistics	index	/data/data/com.termux/files/home/02.ERP-system/14.logistics/INDEX.md	/data/data/com.termux/files/home/02.ERP-system/14.logistics/INDEX.md	exists	index already exists
/data/data/com.termux/files/home/02.ERP-system/14.logistics	overview	/data/data/com.termux/files/home/02.ERP-system/14.logistics/OVERVIEW.md	/data/data/com.termux/files/home/02.ERP-system/14.logistics/OVERVIEW.md	exists	overview already exists
/data/data/com.termux/files/home/02.ERP-system/14.logistics	dir	/data/data/com.termux/files/home/02.ERP-system/14.logistics/010.constitution	/data/data/com.termux/files/home/02.ERP-system/14.logistics/010.constitution	exists	directory already exists
/data/data/com.termux/files/home/02.ERP-system/14.logistics	index	/data/data/com.termux/files/home/02.ERP-system/14.logistics/010.constitution/INDEX.md	/data/data/com.termux/files/home/02.ERP-system/14.logistics/010.constitution/INDEX.md	exists	index already exists
/data/data/com.termux/files/home/02.ERP-system/14.logistics	overview	/data/data/com.termux/files/home/02.ERP-system/14.logistics/010.constitution/OVERVIEW.md	/data/data/com.termux/files/home/02.ERP-system/14.logistics/010.constitution/OVERVIEW.md	exists	overview already exists
/data/data/com.termux/files/home/02.ERP-system/14.logistics	dir	/data/data/com.termux/files/home/02.ERP-system/14.logistics/020.architecture	/data/data/com.termux/files/home/02.ERP-system/14.logistics/020.architecture	exists	directory already exists
/data/data/com.termux/files/home/02.ERP-system/14.logistics	index	/data/data/com.termux/files/home/02.ERP-system/14.logistics/020.architecture/INDEX.md	/data/data/com.termux/files/home/02.ERP-system/14.logistics/020.architecture/INDEX.md	exists	index already exists
/data/data/com.termux/files/home/02.ERP-system/14.logistics	overview	/data/data/com.termux/files/home/02.ERP-system/14.logistics/020.architecture/OVERVIEW.md	/data/data/com.termux/files/home/02.ERP-system/14.logistics/020.architecture/OVERVIEW.md	exists	overview already exists
/data/data/com.termux/files/home/02.ERP-system/14.logistics	dir	/data/data/com.termux/files/home/02.ERP-system/14.logistics/030.model	/data/data/com.termux/files/home/02.ERP-system/14.logistics/030.model	exists	directory already exists
/data/data/com.termux/files/home/02.ERP-system/14.logistics	index	/data/data/com.termux/files/home/02.ERP-system/14.logistics/030.model/INDEX.md	/data/data/com.termux/files/home/02.ERP-system/14.logistics/030.model/INDEX.md	exists	index already exists
/data/data/com.termux/files/home/02.ERP-system/14.logistics	overview	/data/data/com.termux/files/home/02.ERP-system/14.logistics/030.model/OVERVIEW.md	/data/data/com.termux/files/home/02.ERP-system/14.logistics/030.model/OVERVIEW.md	exists	overview already exists
/data/data/com.termux/files/home/02.ERP-system/14.logistics	dir	/data/data/com.termux/files/home/02.ERP-system/14.logistics/050.flow	/data/data/com.termux/files/home/02.ERP-system/14.logistics/050.flow	exists	directory already exists
/data/data/com.termux/files/home/02.ERP-system/14.logistics	index	/data/data/com.termux/files/home/02.ERP-system/14.logistics/050.flow/INDEX.md	/data/data/com.termux/files/home/02.ERP-system/14.logistics/050.flow/INDEX.md	exists	index already exists
/data/data/com.termux/files/home/02.ERP-system/14.logistics	overview	/data/data/com.termux/files/home/02.ERP-system/14.logistics/050.flow/OVERVIEW.md	/data/data/com.termux/files/home/02.ERP-system/14.logistics/050.flow/OVERVIEW.md	exists	overview already exists
/data/data/com.termux/files/home/02.ERP-system/14.logistics	dir	/data/data/com.termux/files/home/02.ERP-system/14.logistics/060.integration	/data/data/com.termux/files/home/02.ERP-system/14.logistics/060.integration	exists	directory already exists
/data/data/com.termux/files/home/02.ERP-system/14.logistics	index	/data/data/com.termux/files/home/02.ERP-system/14.logistics/060.integration/INDEX.md	/data/data/com.termux/files/home/02.ERP-system/14.logistics/060.integration/INDEX.md	exists	index already exists
/data/data/com.termux/files/home/02.ERP-system/14.logistics	overview	/data/data/com.termux/files/home/02.ERP-system/14.logistics/060.integration/OVERVIEW.md	/data/data/com.termux/files/home/02.ERP-system/14.logistics/060.integration/OVERVIEW.md	exists	overview already exists
/data/data/com.termux/files/home/02.ERP-system/14.logistics	dir	/data/data/com.termux/files/home/02.ERP-system/14.logistics/070.operations	/data/data/com.termux/files/home/02.ERP-system/14.logistics/070.operations	exists	directory already exists
/data/data/com.termux/files/home/02.ERP-system/14.logistics	index	/data/data/com.termux/files/home/02.ERP-system/14.logistics/070.operations/INDEX.md	/data/data/com.termux/files/home/02.ERP-system/14.logistics/070.operations/INDEX.md	exists	index already exists
/data/data/com.termux/files/home/02.ERP-system/14.logistics	overview	/data/data/com.termux/files/home/02.ERP-system/14.logistics/070.operations/OVERVIEW.md	/data/data/com.termux/files/home/02.ERP-system/14.logistics/070.operations/OVERVIEW.md	exists	overview already exists
/data/data/com.termux/files/home/02.ERP-system/14.logistics	dir	/data/data/com.termux/files/home/02.ERP-system/14.logistics/080.policy	/data/data/com.termux/files/home/02.ERP-system/14.logistics/080.policy	exists	directory already exists
/data/data/com.termux/files/home/02.ERP-system/14.logistics	index	/data/data/com.termux/files/home/02.ERP-system/14.logistics/080.policy/INDEX.md	/data/data/com.termux/files/home/02.ERP-system/14.logistics/080.policy/INDEX.md	exists	index already exists
/data/data/com.termux/files/home/02.ERP-system/14.logistics	overview	/data/data/com.termux/files/home/02.ERP-system/14.logistics/080.policy/OVERVIEW.md	/data/data/com.termux/files/home/02.ERP-system/14.logistics/080.policy/OVERVIEW.md	exists	overview already exists
/data/data/com.termux/files/home/02.ERP-system/14.logistics	dir	/data/data/com.termux/files/home/02.ERP-system/14.logistics/100.security	/data/data/com.termux/files/home/02.ERP-system/14.logistics/100.security	exists	directory already exists
/data/data/com.termux/files/home/02.ERP-system/14.logistics	index	/data/data/com.termux/files/home/02.ERP-system/14.logistics/100.security/INDEX.md	/data/data/com.termux/files/home/02.ERP-system/14.logistics/100.security/INDEX.md	exists	index already exists
/data/data/com.termux/files/home/02.ERP-system/14.logistics	overview	/data/data/com.termux/files/home/02.ERP-system/14.logistics/100.security/OVERVIEW.md	/data/data/com.termux/files/home/02.ERP-system/14.logistics/100.security/OVERVIEW.md	exists	overview already exists
/data/data/com.termux/files/home/02.ERP-system/14.logistics	dir	/data/data/com.termux/files/home/02.ERP-system/14.logistics/110.infrastructure	/data/data/com.termux/files/home/02.ERP-system/14.logistics/110.infrastructure	exists	directory already exists
/data/data/com.termux/files/home/02.ERP-system/14.logistics	index	/data/data/com.termux/files/home/02.ERP-system/14.logistics/110.infrastructure/INDEX.md	/data/data/com.termux/files/home/02.ERP-system/14.logistics/110.infrastructure/INDEX.md	exists	index already exists
/data/data/com.termux/files/home/02.ERP-system/14.logistics	overview	/data/data/com.termux/files/home/02.ERP-system/14.logistics/110.infrastructure/OVERVIEW.md	/data/data/com.termux/files/home/02.ERP-system/14.logistics/110.infrastructure/OVERVIEW.md	exists	overview already exists
/data/data/com.termux/files/home/02.ERP-system/14.logistics	dir	/data/data/com.termux/files/home/02.ERP-system/14.logistics/120.implementation	/data/data/com.termux/files/home/02.ERP-system/14.logistics/120.implementation	exists	directory already exists
/data/data/com.termux/files/home/02.ERP-system/14.logistics	index	/data/data/com.termux/files/home/02.ERP-system/14.logistics/120.implementation/INDEX.md	/data/data/com.termux/files/home/02.ERP-system/14.logistics/120.implementation/INDEX.md	exists	index already exists
/data/data/com.termux/files/home/02.ERP-system/14.logistics	overview	/data/data/com.termux/files/home/02.ERP-system/14.logistics/120.implementation/OVERVIEW.md	/data/data/com.termux/files/home/02.ERP-system/14.logistics/120.implementation/OVERVIEW.md	exists	overview already exists
/data/data/com.termux/files/home/02.ERP-system/14.logistics	dir	/data/data/com.termux/files/home/02.ERP-system/14.logistics/130.development	/data/data/com.termux/files/home/02.ERP-system/14.logistics/130.development	exists	directory already exists
/data/data/com.termux/files/home/02.ERP-system/14.logistics	index	/data/data/com.termux/files/home/02.ERP-system/14.logistics/130.development/INDEX.md	/data/data/com.termux/files/home/02.ERP-system/14.logistics/130.development/INDEX.md	exists	index already exists
/data/data/com.termux/files/home/02.ERP-system/14.logistics	overview	/data/data/com.termux/files/home/02.ERP-system/14.logistics/130.development/OVERVIEW.md	/data/data/com.termux/files/home/02.ERP-system/14.logistics/130.development/OVERVIEW.md	exists	overview already exists
/data/data/com.termux/files/home/02.ERP-system/14.logistics	dir	/data/data/com.termux/files/home/02.ERP-system/14.logistics/900.meta	/data/data/com.termux/files/home/02.ERP-system/14.logistics/900.meta	exists	directory already exists
/data/data/com.termux/files/home/02.ERP-system/14.logistics	index	/data/data/com.termux/files/home/02.ERP-system/14.logistics/900.meta/INDEX.md	/data/data/com.termux/files/home/02.ERP-system/14.logistics/900.meta/INDEX.md	exists	index already exists
/data/data/com.termux/files/home/02.ERP-system/14.logistics	overview	/data/data/com.termux/files/home/02.ERP-system/14.logistics/900.meta/OVERVIEW.md	/data/data/com.termux/files/home/02.ERP-system/14.logistics/900.meta/OVERVIEW.md	exists	overview already exists
/data/data/com.termux/files/home/02.ERP-system/14.logistics	dir	/data/data/com.termux/files/home/02.ERP-system/14.logistics/920.meta	/data/data/com.termux/files/home/02.ERP-system/14.logistics/920.meta	exists	directory already exists
/data/data/com.termux/files/home/02.ERP-system/14.logistics	index	/data/data/com.termux/files/home/02.ERP-system/14.logistics/920.meta/INDEX.md	/data/data/com.termux/files/home/02.ERP-system/14.logistics/920.meta/INDEX.md	exists	index already exists
/data/data/com.termux/files/home/02.ERP-system/14.logistics	overview	/data/data/com.termux/files/home/02.ERP-system/14.logistics/920.meta/OVERVIEW.md	/data/data/com.termux/files/home/02.ERP-system/14.logistics/920.meta/OVERVIEW.md	exists	overview already exists
/data/data/com.termux/files/home/02.ERP-system/14.logistics/01.transportation	dir	/data/data/com.termux/files/home/02.ERP-system/14.logistics/01.transportation/010.constitution	/data/data/com.termux/files/home/02.ERP-system/14.logistics/01.transportation/010.constitution	exists	directory already exists
/data/data/com.termux/files/home/02.ERP-system/14.logistics/01.transportation	dir	/data/data/com.termux/files/home/02.ERP-system/14.logistics/01.transportation/020.architecture	/data/data/com.termux/files/home/02.ERP-system/14.logistics/01.transportation/020.architecture	exists	directory already exists
/data/data/com.termux/files/home/02.ERP-system/14.logistics/01.transportation	dir	/data/data/com.termux/files/home/02.ERP-system/14.logistics/01.transportation/030.model	/data/data/com.termux/files/home/02.ERP-system/14.logistics/01.transportation/030.model	exists	directory already exists
/data/data/com.termux/files/home/02.ERP-system/14.logistics/01.transportation	dir	/data/data/com.termux/files/home/02.ERP-system/14.logistics/01.transportation/050.flow	/data/data/com.termux/files/home/02.ERP-system/14.logistics/01.transportation/050.flow	exists	directory already exists
/data/data/com.termux/files/home/02.ERP-system/14.logistics/01.transportation	dir	/data/data/com.termux/files/home/02.ERP-system/14.logistics/01.transportation/060.integration	/data/data/com.termux/files/home/02.ERP-system/14.logistics/01.transportation/060.integration	exists	directory already exists
/data/data/com.termux/files/home/02.ERP-system/14.logistics/01.transportation	dir	/data/data/com.termux/files/home/02.ERP-system/14.logistics/01.transportation/070.operations	/data/data/com.termux/files/home/02.ERP-system/14.logistics/01.transportation/070.operations	exists	directory already exists
/data/data/com.termux/files/home/02.ERP-system/14.logistics/01.transportation	dir	/data/data/com.termux/files/home/02.ERP-system/14.logistics/01.transportation/080.policy	/data/data/com.termux/files/home/02.ERP-system/14.logistics/01.transportation/080.policy	exists	directory already exists
/data/data/com.termux/files/home/02.ERP-system/14.logistics/01.transportation	dir	/data/data/com.termux/files/home/02.ERP-system/14.logistics/01.transportation/100.security	/data/data/com.termux/files/home/02.ERP-system/14.logistics/01.transportation/100.security	exists	directory already exists
/data/data/com.termux/files/home/02.ERP-system/14.logistics/01.transportation	dir	/data/data/com.termux/files/home/02.ERP-system/14.logistics/01.transportation/110.infrastructure	/data/data/com.termux/files/home/02.ERP-system/14.logistics/01.transportation/110.infrastructure	exists	directory already exists
/data/data/com.termux/files/home/02.ERP-system/14.logistics/01.transportation	dir	/data/data/com.termux/files/home/02.ERP-system/14.logistics/01.transportation/120.implementation	/data/data/com.termux/files/home/02.ERP-system/14.logistics/01.transportation/120.implementation	exists	directory already exists
/data/data/com.termux/files/home/02.ERP-system/14.logistics/01.transportation	dir	/data/data/com.termux/files/home/02.ERP-system/14.logistics/01.transportation/130.development	/data/data/com.termux/files/home/02.ERP-system/14.logistics/01.transportation/130.development	exists	directory already exists
/data/data/com.termux/files/home/02.ERP-system/14.logistics/01.transportation	dir	/data/data/com.termux/files/home/02.ERP-system/14.logistics/01.transportation/900.meta	/data/data/com.termux/files/home/02.ERP-system/14.logistics/01.transportation/900.meta	exists	directory already exists
/data/data/com.termux/files/home/02.ERP-system/14.logistics/01.transportation	dir	/data/data/com.termux/files/home/02.ERP-system/14.logistics/01.transportation/920.meta	/data/data/com.termux/files/home/02.ERP-system/14.logistics/01.transportation/920.meta	exists	directory already exists
/data/data/com.termux/files/home/02.ERP-system/14.logistics/01.transportation	index	/data/data/com.termux/files/home/02.ERP-system/14.logistics/01.transportation/INDEX.md	/data/data/com.termux/files/home/02.ERP-system/14.logistics/01.transportation/INDEX.md	exists	index already exists
/data/data/com.termux/files/home/02.ERP-system/14.logistics/01.transportation	overview	/data/data/com.termux/files/home/02.ERP-system/14.logistics/01.transportation/OVERVIEW.md	/data/data/com.termux/files/home/02.ERP-system/14.logistics/01.transportation/OVERVIEW.md	exists	overview already exists
/data/data/com.termux/files/home/02.ERP-system/14.logistics/01.transportation	dir	/data/data/com.termux/files/home/02.ERP-system/14.logistics/01.transportation/010.constitution	/data/data/com.termux/files/home/02.ERP-system/14.logistics/01.transportation/010.constitution	exists	directory already exists
/data/data/com.termux/files/home/02.ERP-system/14.logistics/01.transportation	index	/data/data/com.termux/files/home/02.ERP-system/14.logistics/01.transportation/010.constitution/INDEX.md	/data/data/com.termux/files/home/02.ERP-system/14.logistics/01.transportation/010.constitution/INDEX.md	exists	index already exists
/data/data/com.termux/files/home/02.ERP-system/14.logistics/01.transportation	overview	/data/data/com.termux/files/home/02.ERP-system/14.logistics/01.transportation/010.constitution/OVERVIEW.md	/data/data/com.termux/files/home/02.ERP-system/14.logistics/01.transportation/010.constitution/OVERVIEW.md	exists	overview already exists
/data/data/com.termux/files/home/02.ERP-system/14.logistics/01.transportation	dir	/data/data/com.termux/files/home/02.ERP-system/14.logistics/01.transportation/020.architecture	/data/data/com.termux/files/home/02.ERP-system/14.logistics/01.transportation/020.architecture	exists	directory already exists
/data/data/com.termux/files/home/02.ERP-system/14.logistics/01.transportation	index	/data/data/com.termux/files/home/02.ERP-system/14.logistics/01.transportation/020.architecture/INDEX.md	/data/data/com.termux/files/home/02.ERP-system/14.logistics/01.transportation/020.architecture/INDEX.md	exists	index already exists
/data/data/com.termux/files/home/02.ERP-system/14.logistics/01.transportation	overview	/data/data/com.termux/files/home/02.ERP-system/14.logistics/01.transportation/020.architecture/OVERVIEW.md	/data/data/com.termux/files/home/02.ERP-system/14.logistics/01.transportation/020.architecture/OVERVIEW.md	exists	overview already exists
/data/data/com.termux/files/home/02.ERP-system/14.logistics/01.transportation	dir	/data/data/com.termux/files/home/02.ERP-system/14.logistics/01.transportation/030.model	/data/data/com.termux/files/home/02.ERP-system/14.logistics/01.transportation/030.model	exists	directory already exists
/data/data/com.termux/files/home/02.ERP-system/14.logistics/01.transportation	index	/data/data/com.termux/files/home/02.ERP-system/14.logistics/01.transportation/030.model/INDEX.md	/data/data/com.termux/files/home/02.ERP-system/14.logistics/01.transportation/030.model/INDEX.md	exists	index already exists
/data/data/com.termux/files/home/02.ERP-system/14.logistics/01.transportation	overview	/data/data/com.termux/files/home/02.ERP-system/14.logistics/01.transportation/030.model/OVERVIEW.md	/data/data/com.termux/files/home/02.ERP-system/14.logistics/01.transportation/030.model/OVERVIEW.md	exists	overview already exists
/data/data/com.termux/files/home/02.ERP-system/14.logistics/01.transportation	dir	/data/data/com.termux/files/home/02.ERP-system/14.logistics/01.transportation/050.flow	/data/data/com.termux/files/home/02.ERP-system/14.logistics/01.transportation/050.flow	exists	directory already exists
/data/data/com.termux/files/home/02.ERP-system/14.logistics/01.transportation	index	/data/data/com.termux/files/home/02.ERP-system/14.logistics/01.transportation/050.flow/INDEX.md	/data/data/com.termux/files/home/02.ERP-system/14.logistics/01.transportation/050.flow/INDEX.md	exists	index already exists
/data/data/com.termux/files/home/02.ERP-system/14.logistics/01.transportation	overview	/data/data/com.termux/files/home/02.ERP-system/14.logistics/01.transportation/050.flow/OVERVIEW.md	/data/data/com.termux/files/home/02.ERP-system/14.logistics/01.transportation/050.flow/OVERVIEW.md	exists	overview already exists
/data/data/com.termux/files/home/02.ERP-system/14.logistics/01.transportation	dir	/data/data/com.termux/files/home/02.ERP-system/14.logistics/01.transportation/060.integration	/data/data/com.termux/files/home/02.ERP-system/14.logistics/01.transportation/060.integration	exists	directory already exists
/data/data/com.termux/files/home/02.ERP-system/14.logistics/01.transportation	index	/data/data/com.termux/files/home/02.ERP-system/14.logistics/01.transportation/060.integration/INDEX.md	/data/data/com.termux/files/home/02.ERP-system/14.logistics/01.transportation/060.integration/INDEX.md	exists	index already exists
/data/data/com.termux/files/home/02.ERP-system/14.logistics/01.transportation	overview	/data/data/com.termux/files/home/02.ERP-system/14.logistics/01.transportation/060.integration/OVERVIEW.md	/data/data/com.termux/files/home/02.ERP-system/14.logistics/01.transportation/060.integration/OVERVIEW.md	exists	overview already exists
/data/data/com.termux/files/home/02.ERP-system/14.logistics/01.transportation	dir	/data/data/com.termux/files/home/02.ERP-system/14.logistics/01.transportation/070.operations	/data/data/com.termux/files/home/02.ERP-system/14.logistics/01.transportation/070.operations	exists	directory already exists
/data/data/com.termux/files/home/02.ERP-system/14.logistics/01.transportation	index	/data/data/com.termux/files/home/02.ERP-system/14.logistics/01.transportation/070.operations/INDEX.md	/data/data/com.termux/files/home/02.ERP-system/14.logistics/01.transportation/070.operations/INDEX.md	exists	index already exists
/data/data/com.termux/files/home/02.ERP-system/14.logistics/01.transportation	overview	/data/data/com.termux/files/home/02.ERP-system/14.logistics/01.transportation/070.operations/OVERVIEW.md	/data/data/com.termux/files/home/02.ERP-system/14.logistics/01.transportation/070.operations/OVERVIEW.md	exists	overview already exists
/data/data/com.termux/files/home/02.ERP-system/14.logistics/01.transportation	dir	/data/data/com.termux/files/home/02.ERP-system/14.logistics/01.transportation/080.policy	/data/data/com.termux/files/home/02.ERP-system/14.logistics/01.transportation/080.policy	exists	directory already exists
/data/data/com.termux/files/home/02.ERP-system/14.logistics/01.transportation	index	/data/data/com.termux/files/home/02.ERP-system/14.logistics/01.transportation/080.policy/INDEX.md	/data/data/com.termux/files/home/02.ERP-system/14.logistics/01.transportation/080.policy/INDEX.md	exists	index already exists
/data/data/com.termux/files/home/02.ERP-system/14.logistics/01.transportation	overview	/data/data/com.termux/files/home/02.ERP-system/14.logistics/01.transportation/080.policy/OVERVIEW.md	/data/data/com.termux/files/home/02.ERP-system/14.logistics/01.transportation/080.policy/OVERVIEW.md	exists	overview already exists
/data/data/com.termux/files/home/02.ERP-system/14.logistics/01.transportation	dir	/data/data/com.termux/files/home/02.ERP-system/14.logistics/01.transportation/100.security	/data/data/com.termux/files/home/02.ERP-system/14.logistics/01.transportation/100.security	exists	directory already exists
/data/data/com.termux/files/home/02.ERP-system/14.logistics/01.transportation	index	/data/data/com.termux/files/home/02.ERP-system/14.logistics/01.transportation/100.security/INDEX.md	/data/data/com.termux/files/home/02.ERP-system/14.logistics/01.transportation/100.security/INDEX.md	exists	index already exists
/data/data/com.termux/files/home/02.ERP-system/14.logistics/01.transportation	overview	/data/data/com.termux/files/home/02.ERP-system/14.logistics/01.transportation/100.security/OVERVIEW.md	/data/data/com.termux/files/home/02.ERP-system/14.logistics/01.transportation/100.security/OVERVIEW.md	exists	overview already exists
/data/data/com.termux/files/home/02.ERP-system/14.logistics/01.transportation	dir	/data/data/com.termux/files/home/02.ERP-system/14.logistics/01.transportation/110.infrastructure	/data/data/com.termux/files/home/02.ERP-system/14.logistics/01.transportation/110.infrastructure	exists	directory already exists
/data/data/com.termux/files/home/02.ERP-system/14.logistics/01.transportation	index	/data/data/com.termux/files/home/02.ERP-system/14.logistics/01.transportation/110.infrastructure/INDEX.md	/data/data/com.termux/files/home/02.ERP-system/14.logistics/01.transportation/110.infrastructure/INDEX.md	exists	index already exists
/data/data/com.termux/files/home/02.ERP-system/14.logistics/01.transportation	overview	/data/data/com.termux/files/home/02.ERP-system/14.logistics/01.transportation/110.infrastructure/OVERVIEW.md	/data/data/com.termux/files/home/02.ERP-system/14.logistics/01.transportation/110.infrastructure/OVERVIEW.md	exists	overview already exists
/data/data/com.termux/files/home/02.ERP-system/14.logistics/01.transportation	dir	/data/data/com.termux/files/home/02.ERP-system/14.logistics/01.transportation/120.implementation	/data/data/com.termux/files/home/02.ERP-system/14.logistics/01.transportation/120.implementation	exists	directory already exists
/data/data/com.termux/files/home/02.ERP-system/14.logistics/01.transportation	index	/data/data/com.termux/files/home/02.ERP-system/14.logistics/01.transportation/120.implementation/INDEX.md	/data/data/com.termux/files/home/02.ERP-system/14.logistics/01.transportation/120.implementation/INDEX.md	exists	index already exists
/data/data/com.termux/files/home/02.ERP-system/14.logistics/01.transportation	overview	/data/data/com.termux/files/home/02.ERP-system/14.logistics/01.transportation/120.implementation/OVERVIEW.md	/data/data/com.termux/files/home/02.ERP-system/14.logistics/01.transportation/120.implementation/OVERVIEW.md	exists	overview already exists
/data/data/com.termux/files/home/02.ERP-system/14.logistics/01.transportation	dir	/data/data/com.termux/files/home/02.ERP-system/14.logistics/01.transportation/130.development	/data/data/com.termux/files/home/02.ERP-system/14.logistics/01.transportation/130.development	exists	directory already exists
/data/data/com.termux/files/home/02.ERP-system/14.logistics/01.transportation	index	/data/data/com.termux/files/home/02.ERP-system/14.logistics/01.transportation/130.development/INDEX.md	/data/data/com.termux/files/home/02.ERP-system/14.logistics/01.transportation/130.development/INDEX.md	exists	index already exists
/data/data/com.termux/files/home/02.ERP-system/14.logistics/01.transportation	overview	/data/data/com.termux/files/home/02.ERP-system/14.logistics/01.transportation/130.development/OVERVIEW.md	/data/data/com.termux/files/home/02.ERP-system/14.logistics/01.transportation/130.development/OVERVIEW.md	exists	overview already exists
/data/data/com.termux/files/home/02.ERP-system/14.logistics/01.transportation	dir	/data/data/com.termux/files/home/02.ERP-system/14.logistics/01.transportation/900.meta	/data/data/com.termux/files/home/02.ERP-system/14.logistics/01.transportation/900.meta	exists	directory already exists
/data/data/com.termux/files/home/02.ERP-system/14.logistics/01.transportation	index	/data/data/com.termux/files/home/02.ERP-system/14.logistics/01.transportation/900.meta/INDEX.md	/data/data/com.termux/files/home/02.ERP-system/14.logistics/01.transportation/900.meta/INDEX.md	exists	index already exists
/data/data/com.termux/files/home/02.ERP-system/14.logistics/01.transportation	overview	/data/data/com.termux/files/home/02.ERP-system/14.logistics/01.transportation/900.meta/OVERVIEW.md	/data/data/com.termux/files/home/02.ERP-system/14.logistics/01.transportation/900.meta/OVERVIEW.md	exists	overview already exists
/data/data/com.termux/files/home/02.ERP-system/14.logistics/01.transportation	dir	/data/data/com.termux/files/home/02.ERP-system/14.logistics/01.transportation/920.meta	/data/data/com.termux/files/home/02.ERP-system/14.logistics/01.transportation/920.meta	exists	directory already exists
/data/data/com.termux/files/home/02.ERP-system/14.logistics/01.transportation	index	/data/data/com.termux/files/home/02.ERP-system/14.logistics/01.transportation/920.meta/INDEX.md	/data/data/com.termux/files/home/02.ERP-system/14.logistics/01.transportation/920.meta/INDEX.md	exists	index already exists
/data/data/com.termux/files/home/02.ERP-system/14.logistics/01.transportation	overview	/data/data/com.termux/files/home/02.ERP-system/14.logistics/01.transportation/920.meta/OVERVIEW.md	/data/data/com.termux/files/home/02.ERP-system/14.logistics/01.transportation/920.meta/OVERVIEW.md	exists	overview already exists
/data/data/com.termux/files/home/02.ERP-system/14.logistics/02.delivery	dir	/data/data/com.termux/files/home/02.ERP-system/14.logistics/02.delivery/010.constitution	/data/data/com.termux/files/home/02.ERP-system/14.logistics/02.delivery/010.constitution	exists	directory already exists
/data/data/com.termux/files/home/02.ERP-system/14.logistics/02.delivery	dir	/data/data/com.termux/files/home/02.ERP-system/14.logistics/02.delivery/020.architecture	/data/data/com.termux/files/home/02.ERP-system/14.logistics/02.delivery/020.architecture	exists	directory already exists
/data/data/com.termux/files/home/02.ERP-system/14.logistics/02.delivery	dir	/data/data/com.termux/files/home/02.ERP-system/14.logistics/02.delivery/030.model	/data/data/com.termux/files/home/02.ERP-system/14.logistics/02.delivery/030.model	exists	directory already exists
/data/data/com.termux/files/home/02.ERP-system/14.logistics/02.delivery	dir	/data/data/com.termux/files/home/02.ERP-system/14.logistics/02.delivery/050.flow	/data/data/com.termux/files/home/02.ERP-system/14.logistics/02.delivery/050.flow	exists	directory already exists
/data/data/com.termux/files/home/02.ERP-system/14.logistics/02.delivery	dir	/data/data/com.termux/files/home/02.ERP-system/14.logistics/02.delivery/060.integration	/data/data/com.termux/files/home/02.ERP-system/14.logistics/02.delivery/060.integration	exists	directory already exists
/data/data/com.termux/files/home/02.ERP-system/14.logistics/02.delivery	dir	/data/data/com.termux/files/home/02.ERP-system/14.logistics/02.delivery/070.operations	/data/data/com.termux/files/home/02.ERP-system/14.logistics/02.delivery/070.operations	exists	directory already exists
/data/data/com.termux/files/home/02.ERP-system/14.logistics/02.delivery	dir	/data/data/com.termux/files/home/02.ERP-system/14.logistics/02.delivery/080.policy	/data/data/com.termux/files/home/02.ERP-system/14.logistics/02.delivery/080.policy	exists	directory already exists
/data/data/com.termux/files/home/02.ERP-system/14.logistics/02.delivery	dir	/data/data/com.termux/files/home/02.ERP-system/14.logistics/02.delivery/100.security	/data/data/com.termux/files/home/02.ERP-system/14.logistics/02.delivery/100.security	exists	directory already exists
/data/data/com.termux/files/home/02.ERP-system/14.logistics/02.delivery	dir	/data/data/com.termux/files/home/02.ERP-system/14.logistics/02.delivery/110.infrastructure	/data/data/com.termux/files/home/02.ERP-system/14.logistics/02.delivery/110.infrastructure	exists	directory already exists
/data/data/com.termux/files/home/02.ERP-system/14.logistics/02.delivery	dir	/data/data/com.termux/files/home/02.ERP-system/14.logistics/02.delivery/120.implementation	/data/data/com.termux/files/home/02.ERP-system/14.logistics/02.delivery/120.implementation	exists	directory already exists
/data/data/com.termux/files/home/02.ERP-system/14.logistics/02.delivery	dir	/data/data/com.termux/files/home/02.ERP-system/14.logistics/02.delivery/130.development	/data/data/com.termux/files/home/02.ERP-system/14.logistics/02.delivery/130.development	exists	directory already exists
/data/data/com.termux/files/home/02.ERP-system/14.logistics/02.delivery	dir	/data/data/com.termux/files/home/02.ERP-system/14.logistics/02.delivery/900.meta	/data/data/com.termux/files/home/02.ERP-system/14.logistics/02.delivery/900.meta	exists	directory already exists
/data/data/com.termux/files/home/02.ERP-system/14.logistics/02.delivery	dir	/data/data/com.termux/files/home/02.ERP-system/14.logistics/02.delivery/920.meta	/data/data/com.termux/files/home/02.ERP-system/14.logistics/02.delivery/920.meta	exists	directory already exists
/data/data/com.termux/files/home/02.ERP-system/14.logistics/02.delivery	index	/data/data/com.termux/files/home/02.ERP-system/14.logistics/02.delivery/INDEX.md	/data/data/com.termux/files/home/02.ERP-system/14.logistics/02.delivery/INDEX.md	exists	index already exists
/data/data/com.termux/files/home/02.ERP-system/14.logistics/02.delivery	overview	/data/data/com.termux/files/home/02.ERP-system/14.logistics/02.delivery/OVERVIEW.md	/data/data/com.termux/files/home/02.ERP-system/14.logistics/02.delivery/OVERVIEW.md	exists	overview already exists
/data/data/com.termux/files/home/02.ERP-system/14.logistics/02.delivery	dir	/data/data/com.termux/files/home/02.ERP-system/14.logistics/02.delivery/010.constitution	/data/data/com.termux/files/home/02.ERP-system/14.logistics/02.delivery/010.constitution	exists	directory already exists
/data/data/com.termux/files/home/02.ERP-system/14.logistics/02.delivery	index	/data/data/com.termux/files/home/02.ERP-system/14.logistics/02.delivery/010.constitution/INDEX.md	/data/data/com.termux/files/home/02.ERP-system/14.logistics/02.delivery/010.constitution/INDEX.md	exists	index already exists
/data/data/com.termux/files/home/02.ERP-system/14.logistics/02.delivery	overview	/data/data/com.termux/files/home/02.ERP-system/14.logistics/02.delivery/010.constitution/OVERVIEW.md	/data/data/com.termux/files/home/02.ERP-system/14.logistics/02.delivery/010.constitution/OVERVIEW.md	exists	overview already exists
/data/data/com.termux/files/home/02.ERP-system/14.logistics/02.delivery	dir	/data/data/com.termux/files/home/02.ERP-system/14.logistics/02.delivery/020.architecture	/data/data/com.termux/files/home/02.ERP-system/14.logistics/02.delivery/020.architecture	exists	directory already exists
/data/data/com.termux/files/home/02.ERP-system/14.logistics/02.delivery	index	/data/data/com.termux/files/home/02.ERP-system/14.logistics/02.delivery/020.architecture/INDEX.md	/data/data/com.termux/files/home/02.ERP-system/14.logistics/02.delivery/020.architecture/INDEX.md	exists	index already exists
/data/data/com.termux/files/home/02.ERP-system/14.logistics/02.delivery	overview	/data/data/com.termux/files/home/02.ERP-system/14.logistics/02.delivery/020.architecture/OVERVIEW.md	/data/data/com.termux/files/home/02.ERP-system/14.logistics/02.delivery/020.architecture/OVERVIEW.md	exists	overview already exists
/data/data/com.termux/files/home/02.ERP-system/14.logistics/02.delivery	dir	/data/data/com.termux/files/home/02.ERP-system/14.logistics/02.delivery/030.model	/data/data/com.termux/files/home/02.ERP-system/14.logistics/02.delivery/030.model	exists	directory already exists
/data/data/com.termux/files/home/02.ERP-system/14.logistics/02.delivery	index	/data/data/com.termux/files/home/02.ERP-system/14.logistics/02.delivery/030.model/INDEX.md	/data/data/com.termux/files/home/02.ERP-system/14.logistics/02.delivery/030.model/INDEX.md	exists	index already exists
/data/data/com.termux/files/home/02.ERP-system/14.logistics/02.delivery	overview	/data/data/com.termux/files/home/02.ERP-system/14.logistics/02.delivery/030.model/OVERVIEW.md	/data/data/com.termux/files/home/02.ERP-system/14.logistics/02.delivery/030.model/OVERVIEW.md	exists	overview already exists
/data/data/com.termux/files/home/02.ERP-system/14.logistics/02.delivery	dir	/data/data/com.termux/files/home/02.ERP-system/14.logistics/02.delivery/050.flow	/data/data/com.termux/files/home/02.ERP-system/14.logistics/02.delivery/050.flow	exists	directory already exists
/data/data/com.termux/files/home/02.ERP-system/14.logistics/02.delivery	index	/data/data/com.termux/files/home/02.ERP-system/14.logistics/02.delivery/050.flow/INDEX.md	/data/data/com.termux/files/home/02.ERP-system/14.logistics/02.delivery/050.flow/INDEX.md	exists	index already exists
/data/data/com.termux/files/home/02.ERP-system/14.logistics/02.delivery	overview	/data/data/com.termux/files/home/02.ERP-system/14.logistics/02.delivery/050.flow/OVERVIEW.md	/data/data/com.termux/files/home/02.ERP-system/14.logistics/02.delivery/050.flow/OVERVIEW.md	exists	overview already exists
/data/data/com.termux/files/home/02.ERP-system/14.logistics/02.delivery	dir	/data/data/com.termux/files/home/02.ERP-system/14.logistics/02.delivery/060.integration	/data/data/com.termux/files/home/02.ERP-system/14.logistics/02.delivery/060.integration	exists	directory already exists
/data/data/com.termux/files/home/02.ERP-system/14.logistics/02.delivery	index	/data/data/com.termux/files/home/02.ERP-system/14.logistics/02.delivery/060.integration/INDEX.md	/data/data/com.termux/files/home/02.ERP-system/14.logistics/02.delivery/060.integration/INDEX.md	exists	index already exists
/data/data/com.termux/files/home/02.ERP-system/14.logistics/02.delivery	overview	/data/data/com.termux/files/home/02.ERP-system/14.logistics/02.delivery/060.integration/OVERVIEW.md	/data/data/com.termux/files/home/02.ERP-system/14.logistics/02.delivery/060.integration/OVERVIEW.md	exists	overview already exists
/data/data/com.termux/files/home/02.ERP-system/14.logistics/02.delivery	dir	/data/data/com.termux/files/home/02.ERP-system/14.logistics/02.delivery/070.operations	/data/data/com.termux/files/home/02.ERP-system/14.logistics/02.delivery/070.operations	exists	directory already exists
/data/data/com.termux/files/home/02.ERP-system/14.logistics/02.delivery	index	/data/data/com.termux/files/home/02.ERP-system/14.logistics/02.delivery/070.operations/INDEX.md	/data/data/com.termux/files/home/02.ERP-system/14.logistics/02.delivery/070.operations/INDEX.md	exists	index already exists
/data/data/com.termux/files/home/02.ERP-system/14.logistics/02.delivery	overview	/data/data/com.termux/files/home/02.ERP-system/14.logistics/02.delivery/070.operations/OVERVIEW.md	/data/data/com.termux/files/home/02.ERP-system/14.logistics/02.delivery/070.operations/OVERVIEW.md	exists	overview already exists
/data/data/com.termux/files/home/02.ERP-system/14.logistics/02.delivery	dir	/data/data/com.termux/files/home/02.ERP-system/14.logistics/02.delivery/080.policy	/data/data/com.termux/files/home/02.ERP-system/14.logistics/02.delivery/080.policy	exists	directory already exists
/data/data/com.termux/files/home/02.ERP-system/14.logistics/02.delivery	index	/data/data/com.termux/files/home/02.ERP-system/14.logistics/02.delivery/080.policy/INDEX.md	/data/data/com.termux/files/home/02.ERP-system/14.logistics/02.delivery/080.policy/INDEX.md	exists	index already exists
/data/data/com.termux/files/home/02.ERP-system/14.logistics/02.delivery	overview	/data/data/com.termux/files/home/02.ERP-system/14.logistics/02.delivery/080.policy/OVERVIEW.md	/data/data/com.termux/files/home/02.ERP-system/14.logistics/02.delivery/080.policy/OVERVIEW.md	exists	overview already exists
/data/data/com.termux/files/home/02.ERP-system/14.logistics/02.delivery	dir	/data/data/com.termux/files/home/02.ERP-system/14.logistics/02.delivery/100.security	/data/data/com.termux/files/home/02.ERP-system/14.logistics/02.delivery/100.security	exists	directory already exists
/data/data/com.termux/files/home/02.ERP-system/14.logistics/02.delivery	index	/data/data/com.termux/files/home/02.ERP-system/14.logistics/02.delivery/100.security/INDEX.md	/data/data/com.termux/files/home/02.ERP-system/14.logistics/02.delivery/100.security/INDEX.md	exists	index already exists
/data/data/com.termux/files/home/02.ERP-system/14.logistics/02.delivery	overview	/data/data/com.termux/files/home/02.ERP-system/14.logistics/02.delivery/100.security/OVERVIEW.md	/data/data/com.termux/files/home/02.ERP-system/14.logistics/02.delivery/100.security/OVERVIEW.md	exists	overview already exists
/data/data/com.termux/files/home/02.ERP-system/14.logistics/02.delivery	dir	/data/data/com.termux/files/home/02.ERP-system/14.logistics/02.delivery/110.infrastructure	/data/data/com.termux/files/home/02.ERP-system/14.logistics/02.delivery/110.infrastructure	exists	directory already exists
/data/data/com.termux/files/home/02.ERP-system/14.logistics/02.delivery	index	/data/data/com.termux/files/home/02.ERP-system/14.logistics/02.delivery/110.infrastructure/INDEX.md	/data/data/com.termux/files/home/02.ERP-system/14.logistics/02.delivery/110.infrastructure/INDEX.md	exists	index already exists
/data/data/com.termux/files/home/02.ERP-system/14.logistics/02.delivery	overview	/data/data/com.termux/files/home/02.ERP-system/14.logistics/02.delivery/110.infrastructure/OVERVIEW.md	/data/data/com.termux/files/home/02.ERP-system/14.logistics/02.delivery/110.infrastructure/OVERVIEW.md	exists	overview already exists
/data/data/com.termux/files/home/02.ERP-system/14.logistics/02.delivery	dir	/data/data/com.termux/files/home/02.ERP-system/14.logistics/02.delivery/120.implementation	/data/data/com.termux/files/home/02.ERP-system/14.logistics/02.delivery/120.implementation	exists	directory already exists
/data/data/com.termux/files/home/02.ERP-system/14.logistics/02.delivery	index	/data/data/com.termux/files/home/02.ERP-system/14.logistics/02.delivery/120.implementation/INDEX.md	/data/data/com.termux/files/home/02.ERP-system/14.logistics/02.delivery/120.implementation/INDEX.md	exists	index already exists
/data/data/com.termux/files/home/02.ERP-system/14.logistics/02.delivery	overview	/data/data/com.termux/files/home/02.ERP-system/14.logistics/02.delivery/120.implementation/OVERVIEW.md	/data/data/com.termux/files/home/02.ERP-system/14.logistics/02.delivery/120.implementation/OVERVIEW.md	exists	overview already exists
/data/data/com.termux/files/home/02.ERP-system/14.logistics/02.delivery	dir	/data/data/com.termux/files/home/02.ERP-system/14.logistics/02.delivery/130.development	/data/data/com.termux/files/home/02.ERP-system/14.logistics/02.delivery/130.development	exists	directory already exists
/data/data/com.termux/files/home/02.ERP-system/14.logistics/02.delivery	index	/data/data/com.termux/files/home/02.ERP-system/14.logistics/02.delivery/130.development/INDEX.md	/data/data/com.termux/files/home/02.ERP-system/14.logistics/02.delivery/130.development/INDEX.md	exists	index already exists
/data/data/com.termux/files/home/02.ERP-system/14.logistics/02.delivery	overview	/data/data/com.termux/files/home/02.ERP-system/14.logistics/02.delivery/130.development/OVERVIEW.md	/data/data/com.termux/files/home/02.ERP-system/14.logistics/02.delivery/130.development/OVERVIEW.md	exists	overview already exists
/data/data/com.termux/files/home/02.ERP-system/14.logistics/02.delivery	dir	/data/data/com.termux/files/home/02.ERP-system/14.logistics/02.delivery/900.meta	/data/data/com.termux/files/home/02.ERP-system/14.logistics/02.delivery/900.meta	exists	directory already exists
/data/data/com.termux/files/home/02.ERP-system/14.logistics/02.delivery	index	/data/data/com.termux/files/home/02.ERP-system/14.logistics/02.delivery/900.meta/INDEX.md	/data/data/com.termux/files/home/02.ERP-system/14.logistics/02.delivery/900.meta/INDEX.md	exists	index already exists
/data/data/com.termux/files/home/02.ERP-system/14.logistics/02.delivery	overview	/data/data/com.termux/files/home/02.ERP-system/14.logistics/02.delivery/900.meta/OVERVIEW.md	/data/data/com.termux/files/home/02.ERP-system/14.logistics/02.delivery/900.meta/OVERVIEW.md	exists	overview already exists
/data/data/com.termux/files/home/02.ERP-system/14.logistics/02.delivery	dir	/data/data/com.termux/files/home/02.ERP-system/14.logistics/02.delivery/920.meta	/data/data/com.termux/files/home/02.ERP-system/14.logistics/02.delivery/920.meta	exists	directory already exists
/data/data/com.termux/files/home/02.ERP-system/14.logistics/02.delivery	index	/data/data/com.termux/files/home/02.ERP-system/14.logistics/02.delivery/920.meta/INDEX.md	/data/data/com.termux/files/home/02.ERP-system/14.logistics/02.delivery/920.meta/INDEX.md	exists	index already exists
/data/data/com.termux/files/home/02.ERP-system/14.logistics/02.delivery	overview	/data/data/com.termux/files/home/02.ERP-system/14.logistics/02.delivery/920.meta/OVERVIEW.md	/data/data/com.termux/files/home/02.ERP-system/14.logistics/02.delivery/920.meta/OVERVIEW.md	exists	overview already exists
/data/data/com.termux/files/home/02.ERP-system/14.logistics/03.route-planning	dir	/data/data/com.termux/files/home/02.ERP-system/14.logistics/03.route-planning/010.constitution	/data/data/com.termux/files/home/02.ERP-system/14.logistics/03.route-planning/010.constitution	exists	directory already exists
/data/data/com.termux/files/home/02.ERP-system/14.logistics/03.route-planning	dir	/data/data/com.termux/files/home/02.ERP-system/14.logistics/03.route-planning/020.architecture	/data/data/com.termux/files/home/02.ERP-system/14.logistics/03.route-planning/020.architecture	exists	directory already exists
/data/data/com.termux/files/home/02.ERP-system/14.logistics/03.route-planning	dir	/data/data/com.termux/files/home/02.ERP-system/14.logistics/03.route-planning/030.model	/data/data/com.termux/files/home/02.ERP-system/14.logistics/03.route-planning/030.model	exists	directory already exists
/data/data/com.termux/files/home/02.ERP-system/14.logistics/03.route-planning	dir	/data/data/com.termux/files/home/02.ERP-system/14.logistics/03.route-planning/050.flow	/data/data/com.termux/files/home/02.ERP-system/14.logistics/03.route-planning/050.flow	exists	directory already exists
/data/data/com.termux/files/home/02.ERP-system/14.logistics/03.route-planning	dir	/data/data/com.termux/files/home/02.ERP-system/14.logistics/03.route-planning/060.integration	/data/data/com.termux/files/home/02.ERP-system/14.logistics/03.route-planning/060.integration	exists	directory already exists
/data/data/com.termux/files/home/02.ERP-system/14.logistics/03.route-planning	dir	/data/data/com.termux/files/home/02.ERP-system/14.logistics/03.route-planning/070.operations	/data/data/com.termux/files/home/02.ERP-system/14.logistics/03.route-planning/070.operations	exists	directory already exists
/data/data/com.termux/files/home/02.ERP-system/14.logistics/03.route-planning	dir	/data/data/com.termux/files/home/02.ERP-system/14.logistics/03.route-planning/080.policy	/data/data/com.termux/files/home/02.ERP-system/14.logistics/03.route-planning/080.policy	exists	directory already exists
/data/data/com.termux/files/home/02.ERP-system/14.logistics/03.route-planning	dir	/data/data/com.termux/files/home/02.ERP-system/14.logistics/03.route-planning/100.security	/data/data/com.termux/files/home/02.ERP-system/14.logistics/03.route-planning/100.security	exists	directory already exists
/data/data/com.termux/files/home/02.ERP-system/14.logistics/03.route-planning	dir	/data/data/com.termux/files/home/02.ERP-system/14.logistics/03.route-planning/110.infrastructure	/data/data/com.termux/files/home/02.ERP-system/14.logistics/03.route-planning/110.infrastructure	exists	directory already exists
/data/data/com.termux/files/home/02.ERP-system/14.logistics/03.route-planning	dir	/data/data/com.termux/files/home/02.ERP-system/14.logistics/03.route-planning/120.implementation	/data/data/com.termux/files/home/02.ERP-system/14.logistics/03.route-planning/120.implementation	exists	directory already exists
/data/data/com.termux/files/home/02.ERP-system/14.logistics/03.route-planning	dir	/data/data/com.termux/files/home/02.ERP-system/14.logistics/03.route-planning/130.development	/data/data/com.termux/files/home/02.ERP-system/14.logistics/03.route-planning/130.development	exists	directory already exists
/data/data/com.termux/files/home/02.ERP-system/14.logistics/03.route-planning	dir	/data/data/com.termux/files/home/02.ERP-system/14.logistics/03.route-planning/900.meta	/data/data/com.termux/files/home/02.ERP-system/14.logistics/03.route-planning/900.meta	exists	directory already exists
/data/data/com.termux/files/home/02.ERP-system/14.logistics/03.route-planning	dir	/data/data/com.termux/files/home/02.ERP-system/14.logistics/03.route-planning/920.meta	/data/data/com.termux/files/home/02.ERP-system/14.logistics/03.route-planning/920.meta	exists	directory already exists
/data/data/com.termux/files/home/02.ERP-system/14.logistics/03.route-planning	index	/data/data/com.termux/files/home/02.ERP-system/14.logistics/03.route-planning/INDEX.md	/data/data/com.termux/files/home/02.ERP-system/14.logistics/03.route-planning/INDEX.md	exists	index already exists
/data/data/com.termux/files/home/02.ERP-system/14.logistics/03.route-planning	overview	/data/data/com.termux/files/home/02.ERP-system/14.logistics/03.route-planning/OVERVIEW.md	/data/data/com.termux/files/home/02.ERP-system/14.logistics/03.route-planning/OVERVIEW.md	exists	overview already exists
/data/data/com.termux/files/home/02.ERP-system/14.logistics/03.route-planning	dir	/data/data/com.termux/files/home/02.ERP-system/14.logistics/03.route-planning/010.constitution	/data/data/com.termux/files/home/02.ERP-system/14.logistics/03.route-planning/010.constitution	exists	directory already exists
/data/data/com.termux/files/home/02.ERP-system/14.logistics/03.route-planning	index	/data/data/com.termux/files/home/02.ERP-system/14.logistics/03.route-planning/010.constitution/INDEX.md	/data/data/com.termux/files/home/02.ERP-system/14.logistics/03.route-planning/010.constitution/INDEX.md	exists	index already exists
/data/data/com.termux/files/home/02.ERP-system/14.logistics/03.route-planning	overview	/data/data/com.termux/files/home/02.ERP-system/14.logistics/03.route-planning/010.constitution/OVERVIEW.md	/data/data/com.termux/files/home/02.ERP-system/14.logistics/03.route-planning/010.constitution/OVERVIEW.md	exists	overview already exists
/data/data/com.termux/files/home/02.ERP-system/14.logistics/03.route-planning	dir	/data/data/com.termux/files/home/02.ERP-system/14.logistics/03.route-planning/020.architecture	/data/data/com.termux/files/home/02.ERP-system/14.logistics/03.route-planning/020.architecture	exists	directory already exists
/data/data/com.termux/files/home/02.ERP-system/14.logistics/03.route-planning	index	/data/data/com.termux/files/home/02.ERP-system/14.logistics/03.route-planning/020.architecture/INDEX.md	/data/data/com.termux/files/home/02.ERP-system/14.logistics/03.route-planning/020.architecture/INDEX.md	exists	index already exists
/data/data/com.termux/files/home/02.ERP-system/14.logistics/03.route-planning	overview	/data/data/com.termux/files/home/02.ERP-system/14.logistics/03.route-planning/020.architecture/OVERVIEW.md	/data/data/com.termux/files/home/02.ERP-system/14.logistics/03.route-planning/020.architecture/OVERVIEW.md	exists	overview already exists
/data/data/com.termux/files/home/02.ERP-system/14.logistics/03.route-planning	dir	/data/data/com.termux/files/home/02.ERP-system/14.logistics/03.route-planning/030.model	/data/data/com.termux/files/home/02.ERP-system/14.logistics/03.route-planning/030.model	exists	directory already exists
/data/data/com.termux/files/home/02.ERP-system/14.logistics/03.route-planning	index	/data/data/com.termux/files/home/02.ERP-system/14.logistics/03.route-planning/030.model/INDEX.md	/data/data/com.termux/files/home/02.ERP-system/14.logistics/03.route-planning/030.model/INDEX.md	exists	index already exists
/data/data/com.termux/files/home/02.ERP-system/14.logistics/03.route-planning	overview	/data/data/com.termux/files/home/02.ERP-system/14.logistics/03.route-planning/030.model/OVERVIEW.md	/data/data/com.termux/files/home/02.ERP-system/14.logistics/03.route-planning/030.model/OVERVIEW.md	exists	overview already exists
/data/data/com.termux/files/home/02.ERP-system/14.logistics/03.route-planning	dir	/data/data/com.termux/files/home/02.ERP-system/14.logistics/03.route-planning/050.flow	/data/data/com.termux/files/home/02.ERP-system/14.logistics/03.route-planning/050.flow	exists	directory already exists
/data/data/com.termux/files/home/02.ERP-system/14.logistics/03.route-planning	index	/data/data/com.termux/files/home/02.ERP-system/14.logistics/03.route-planning/050.flow/INDEX.md	/data/data/com.termux/files/home/02.ERP-system/14.logistics/03.route-planning/050.flow/INDEX.md	exists	index already exists
/data/data/com.termux/files/home/02.ERP-system/14.logistics/03.route-planning	overview	/data/data/com.termux/files/home/02.ERP-system/14.logistics/03.route-planning/050.flow/OVERVIEW.md	/data/data/com.termux/files/home/02.ERP-system/14.logistics/03.route-planning/050.flow/OVERVIEW.md	exists	overview already exists
/data/data/com.termux/files/home/02.ERP-system/14.logistics/03.route-planning	dir	/data/data/com.termux/files/home/02.ERP-system/14.logistics/03.route-planning/060.integration	/data/data/com.termux/files/home/02.ERP-system/14.logistics/03.route-planning/060.integration	exists	directory already exists
/data/data/com.termux/files/home/02.ERP-system/14.logistics/03.route-planning	index	/data/data/com.termux/files/home/02.ERP-system/14.logistics/03.route-planning/060.integration/INDEX.md	/data/data/com.termux/files/home/02.ERP-system/14.logistics/03.route-planning/060.integration/INDEX.md	exists	index already exists
/data/data/com.termux/files/home/02.ERP-system/14.logistics/03.route-planning	overview	/data/data/com.termux/files/home/02.ERP-system/14.logistics/03.route-planning/060.integration/OVERVIEW.md	/data/data/com.termux/files/home/02.ERP-system/14.logistics/03.route-planning/060.integration/OVERVIEW.md	exists	overview already exists
/data/data/com.termux/files/home/02.ERP-system/14.logistics/03.route-planning	dir	/data/data/com.termux/files/home/02.ERP-system/14.logistics/03.route-planning/070.operations	/data/data/com.termux/files/home/02.ERP-system/14.logistics/03.route-planning/070.operations	exists	directory already exists
/data/data/com.termux/files/home/02.ERP-system/14.logistics/03.route-planning	index	/data/data/com.termux/files/home/02.ERP-system/14.logistics/03.route-planning/070.operations/INDEX.md	/data/data/com.termux/files/home/02.ERP-system/14.logistics/03.route-planning/070.operations/INDEX.md	exists	index already exists
/data/data/com.termux/files/home/02.ERP-system/14.logistics/03.route-planning	overview	/data/data/com.termux/files/home/02.ERP-system/14.logistics/03.route-planning/070.operations/OVERVIEW.md	/data/data/com.termux/files/home/02.ERP-system/14.logistics/03.route-planning/070.operations/OVERVIEW.md	exists	overview already exists
/data/data/com.termux/files/home/02.ERP-system/14.logistics/03.route-planning	dir	/data/data/com.termux/files/home/02.ERP-system/14.logistics/03.route-planning/080.policy	/data/data/com.termux/files/home/02.ERP-system/14.logistics/03.route-planning/080.policy	exists	directory already exists
/data/data/com.termux/files/home/02.ERP-system/14.logistics/03.route-planning	index	/data/data/com.termux/files/home/02.ERP-system/14.logistics/03.route-planning/080.policy/INDEX.md	/data/data/com.termux/files/home/02.ERP-system/14.logistics/03.route-planning/080.policy/INDEX.md	exists	index already exists
/data/data/com.termux/files/home/02.ERP-system/14.logistics/03.route-planning	overview	/data/data/com.termux/files/home/02.ERP-system/14.logistics/03.route-planning/080.policy/OVERVIEW.md	/data/data/com.termux/files/home/02.ERP-system/14.logistics/03.route-planning/080.policy/OVERVIEW.md	exists	overview already exists
/data/data/com.termux/files/home/02.ERP-system/14.logistics/03.route-planning	dir	/data/data/com.termux/files/home/02.ERP-system/14.logistics/03.route-planning/100.security	/data/data/com.termux/files/home/02.ERP-system/14.logistics/03.route-planning/100.security	exists	directory already exists
/data/data/com.termux/files/home/02.ERP-system/14.logistics/03.route-planning	index	/data/data/com.termux/files/home/02.ERP-system/14.logistics/03.route-planning/100.security/INDEX.md	/data/data/com.termux/files/home/02.ERP-system/14.logistics/03.route-planning/100.security/INDEX.md	exists	index already exists
/data/data/com.termux/files/home/02.ERP-system/14.logistics/03.route-planning	overview	/data/data/com.termux/files/home/02.ERP-system/14.logistics/03.route-planning/100.security/OVERVIEW.md	/data/data/com.termux/files/home/02.ERP-system/14.logistics/03.route-planning/100.security/OVERVIEW.md	exists	overview already exists
/data/data/com.termux/files/home/02.ERP-system/14.logistics/03.route-planning	dir	/data/data/com.termux/files/home/02.ERP-system/14.logistics/03.route-planning/110.infrastructure	/data/data/com.termux/files/home/02.ERP-system/14.logistics/03.route-planning/110.infrastructure	exists	directory already exists
/data/data/com.termux/files/home/02.ERP-system/14.logistics/03.route-planning	index	/data/data/com.termux/files/home/02.ERP-system/14.logistics/03.route-planning/110.infrastructure/INDEX.md	/data/data/com.termux/files/home/02.ERP-system/14.logistics/03.route-planning/110.infrastructure/INDEX.md	exists	index already exists
/data/data/com.termux/files/home/02.ERP-system/14.logistics/03.route-planning	overview	/data/data/com.termux/files/home/02.ERP-system/14.logistics/03.route-planning/110.infrastructure/OVERVIEW.md	/data/data/com.termux/files/home/02.ERP-system/14.logistics/03.route-planning/110.infrastructure/OVERVIEW.md	exists	overview already exists
/data/data/com.termux/files/home/02.ERP-system/14.logistics/03.route-planning	dir	/data/data/com.termux/files/home/02.ERP-system/14.logistics/03.route-planning/120.implementation	/data/data/com.termux/files/home/02.ERP-system/14.logistics/03.route-planning/120.implementation	exists	directory already exists
/data/data/com.termux/files/home/02.ERP-system/14.logistics/03.route-planning	index	/data/data/com.termux/files/home/02.ERP-system/14.logistics/03.route-planning/120.implementation/INDEX.md	/data/data/com.termux/files/home/02.ERP-system/14.logistics/03.route-planning/120.implementation/INDEX.md	exists	index already exists
/data/data/com.termux/files/home/02.ERP-system/14.logistics/03.route-planning	overview	/data/data/com.termux/files/home/02.ERP-system/14.logistics/03.route-planning/120.implementation/OVERVIEW.md	/data/data/com.termux/files/home/02.ERP-system/14.logistics/03.route-planning/120.implementation/OVERVIEW.md	exists	overview already exists
/data/data/com.termux/files/home/02.ERP-system/14.logistics/03.route-planning	dir	/data/data/com.termux/files/home/02.ERP-system/14.logistics/03.route-planning/130.development	/data/data/com.termux/files/home/02.ERP-system/14.logistics/03.route-planning/130.development	exists	directory already exists
/data/data/com.termux/files/home/02.ERP-system/14.logistics/03.route-planning	index	/data/data/com.termux/files/home/02.ERP-system/14.logistics/03.route-planning/130.development/INDEX.md	/data/data/com.termux/files/home/02.ERP-system/14.logistics/03.route-planning/130.development/INDEX.md	exists	index already exists
/data/data/com.termux/files/home/02.ERP-system/14.logistics/03.route-planning	overview	/data/data/com.termux/files/home/02.ERP-system/14.logistics/03.route-planning/130.development/OVERVIEW.md	/data/data/com.termux/files/home/02.ERP-system/14.logistics/03.route-planning/130.development/OVERVIEW.md	exists	overview already exists
/data/data/com.termux/files/home/02.ERP-system/14.logistics/03.route-planning	dir	/data/data/com.termux/files/home/02.ERP-system/14.logistics/03.route-planning/900.meta	/data/data/com.termux/files/home/02.ERP-system/14.logistics/03.route-planning/900.meta	exists	directory already exists
/data/data/com.termux/files/home/02.ERP-system/14.logistics/03.route-planning	index	/data/data/com.termux/files/home/02.ERP-system/14.logistics/03.route-planning/900.meta/INDEX.md	/data/data/com.termux/files/home/02.ERP-system/14.logistics/03.route-planning/900.meta/INDEX.md	exists	index already exists
/data/data/com.termux/files/home/02.ERP-system/14.logistics/03.route-planning	overview	/data/data/com.termux/files/home/02.ERP-system/14.logistics/03.route-planning/900.meta/OVERVIEW.md	/data/data/com.termux/files/home/02.ERP-system/14.logistics/03.route-planning/900.meta/OVERVIEW.md	exists	overview already exists
/data/data/com.termux/files/home/02.ERP-system/14.logistics/03.route-planning	dir	/data/data/com.termux/files/home/02.ERP-system/14.logistics/03.route-planning/920.meta	/data/data/com.termux/files/home/02.ERP-system/14.logistics/03.route-planning/920.meta	exists	directory already exists
/data/data/com.termux/files/home/02.ERP-system/14.logistics/03.route-planning	index	/data/data/com.termux/files/home/02.ERP-system/14.logistics/03.route-planning/920.meta/INDEX.md	/data/data/com.termux/files/home/02.ERP-system/14.logistics/03.route-planning/920.meta/INDEX.md	exists	index already exists
/data/data/com.termux/files/home/02.ERP-system/14.logistics/03.route-planning	overview	/data/data/com.termux/files/home/02.ERP-system/14.logistics/03.route-planning/920.meta/OVERVIEW.md	/data/data/com.termux/files/home/02.ERP-system/14.logistics/03.route-planning/920.meta/OVERVIEW.md	exists	overview already exists
/data/data/com.termux/files/home/02.ERP-system/15.manufacturing	archive_payload	/data/data/com.termux/files/home/02.ERP-system/15.manufacturing/020.architecture/1217_ERP_MANUFACTURING_WHOLE_DESIGN_STATUS.md	/data/data/com.termux/files/home/02.ERP-system/99.archive/20260422_224743/module-design-reset/15.manufacturing/020.architecture/1217_ERP_MANUFACTURING_WHOLE_DESIGN_STATUS.md	moved	module payload archived during reset
/data/data/com.termux/files/home/02.ERP-system/15.manufacturing	archive_payload	/data/data/com.termux/files/home/02.ERP-system/15.manufacturing/020.architecture/1222_ERP_PURCHASING_MANUFACTURING_LINKAGE_RULE.md	/data/data/com.termux/files/home/02.ERP-system/99.archive/20260422_224743/module-design-reset/15.manufacturing/020.architecture/1222_ERP_PURCHASING_MANUFACTURING_LINKAGE_RULE.md	moved	module payload archived during reset
/data/data/com.termux/files/home/02.ERP-system/15.manufacturing	archive_payload	/data/data/com.termux/files/home/02.ERP-system/15.manufacturing/060.integration/1084_ERP_MANAGEMENT_TO_MANUFACTURING_FAMILY_BOUNDARY_RULE.md	/data/data/com.termux/files/home/02.ERP-system/99.archive/20260422_224743/module-design-reset/15.manufacturing/060.integration/1084_ERP_MANAGEMENT_TO_MANUFACTURING_FAMILY_BOUNDARY_RULE.md	moved	module payload archived during reset
/data/data/com.termux/files/home/02.ERP-system/15.manufacturing	archive_payload	/data/data/com.termux/files/home/02.ERP-system/15.manufacturing/060.integration/1090_ERP_MANAGEMENT_TO_MANUFACTURING_FAMILY_DEPENDENCY_CHAIN.md	/data/data/com.termux/files/home/02.ERP-system/99.archive/20260422_224743/module-design-reset/15.manufacturing/060.integration/1090_ERP_MANAGEMENT_TO_MANUFACTURING_FAMILY_DEPENDENCY_CHAIN.md	moved	module payload archived during reset
/data/data/com.termux/files/home/02.ERP-system/15.manufacturing	archive_payload	/data/data/com.termux/files/home/02.ERP-system/15.manufacturing/120.implementation/558_ERP_MANUFACTURING_PROCUREMENT_INVENTORY_EXPANSION_POSITION.md	/data/data/com.termux/files/home/02.ERP-system/99.archive/20260422_224743/module-design-reset/15.manufacturing/120.implementation/558_ERP_MANUFACTURING_PROCUREMENT_INVENTORY_EXPANSION_POSITION.md	moved	module payload archived during reset
/data/data/com.termux/files/home/02.ERP-system/15.manufacturing	dir	/data/data/com.termux/files/home/02.ERP-system/15.manufacturing/010.constitution	/data/data/com.termux/files/home/02.ERP-system/15.manufacturing/010.constitution	exists	directory already exists
/data/data/com.termux/files/home/02.ERP-system/15.manufacturing	dir	/data/data/com.termux/files/home/02.ERP-system/15.manufacturing/020.architecture	/data/data/com.termux/files/home/02.ERP-system/15.manufacturing/020.architecture	exists	directory already exists
/data/data/com.termux/files/home/02.ERP-system/15.manufacturing	dir	/data/data/com.termux/files/home/02.ERP-system/15.manufacturing/030.model	/data/data/com.termux/files/home/02.ERP-system/15.manufacturing/030.model	exists	directory already exists
/data/data/com.termux/files/home/02.ERP-system/15.manufacturing	dir	/data/data/com.termux/files/home/02.ERP-system/15.manufacturing/050.flow	/data/data/com.termux/files/home/02.ERP-system/15.manufacturing/050.flow	exists	directory already exists
/data/data/com.termux/files/home/02.ERP-system/15.manufacturing	dir	/data/data/com.termux/files/home/02.ERP-system/15.manufacturing/060.integration	/data/data/com.termux/files/home/02.ERP-system/15.manufacturing/060.integration	exists	directory already exists
/data/data/com.termux/files/home/02.ERP-system/15.manufacturing	dir	/data/data/com.termux/files/home/02.ERP-system/15.manufacturing/070.operations	/data/data/com.termux/files/home/02.ERP-system/15.manufacturing/070.operations	exists	directory already exists
/data/data/com.termux/files/home/02.ERP-system/15.manufacturing	dir	/data/data/com.termux/files/home/02.ERP-system/15.manufacturing/080.policy	/data/data/com.termux/files/home/02.ERP-system/15.manufacturing/080.policy	exists	directory already exists
/data/data/com.termux/files/home/02.ERP-system/15.manufacturing	dir	/data/data/com.termux/files/home/02.ERP-system/15.manufacturing/100.security	/data/data/com.termux/files/home/02.ERP-system/15.manufacturing/100.security	exists	directory already exists
/data/data/com.termux/files/home/02.ERP-system/15.manufacturing	dir	/data/data/com.termux/files/home/02.ERP-system/15.manufacturing/110.infrastructure	/data/data/com.termux/files/home/02.ERP-system/15.manufacturing/110.infrastructure	exists	directory already exists
/data/data/com.termux/files/home/02.ERP-system/15.manufacturing	dir	/data/data/com.termux/files/home/02.ERP-system/15.manufacturing/120.implementation	/data/data/com.termux/files/home/02.ERP-system/15.manufacturing/120.implementation	exists	directory already exists
/data/data/com.termux/files/home/02.ERP-system/15.manufacturing	dir	/data/data/com.termux/files/home/02.ERP-system/15.manufacturing/130.development	/data/data/com.termux/files/home/02.ERP-system/15.manufacturing/130.development	exists	directory already exists
/data/data/com.termux/files/home/02.ERP-system/15.manufacturing	dir	/data/data/com.termux/files/home/02.ERP-system/15.manufacturing/900.meta	/data/data/com.termux/files/home/02.ERP-system/15.manufacturing/900.meta	exists	directory already exists
/data/data/com.termux/files/home/02.ERP-system/15.manufacturing	dir	/data/data/com.termux/files/home/02.ERP-system/15.manufacturing/920.meta	/data/data/com.termux/files/home/02.ERP-system/15.manufacturing/920.meta	exists	directory already exists
/data/data/com.termux/files/home/02.ERP-system/15.manufacturing	index	/data/data/com.termux/files/home/02.ERP-system/15.manufacturing/INDEX.md	/data/data/com.termux/files/home/02.ERP-system/15.manufacturing/INDEX.md	exists	index already exists
/data/data/com.termux/files/home/02.ERP-system/15.manufacturing	overview	/data/data/com.termux/files/home/02.ERP-system/15.manufacturing/OVERVIEW.md	/data/data/com.termux/files/home/02.ERP-system/15.manufacturing/OVERVIEW.md	exists	overview already exists
/data/data/com.termux/files/home/02.ERP-system/15.manufacturing	dir	/data/data/com.termux/files/home/02.ERP-system/15.manufacturing/010.constitution	/data/data/com.termux/files/home/02.ERP-system/15.manufacturing/010.constitution	exists	directory already exists
/data/data/com.termux/files/home/02.ERP-system/15.manufacturing	index	/data/data/com.termux/files/home/02.ERP-system/15.manufacturing/010.constitution/INDEX.md	/data/data/com.termux/files/home/02.ERP-system/15.manufacturing/010.constitution/INDEX.md	exists	index already exists
/data/data/com.termux/files/home/02.ERP-system/15.manufacturing	overview	/data/data/com.termux/files/home/02.ERP-system/15.manufacturing/010.constitution/OVERVIEW.md	/data/data/com.termux/files/home/02.ERP-system/15.manufacturing/010.constitution/OVERVIEW.md	exists	overview already exists
/data/data/com.termux/files/home/02.ERP-system/15.manufacturing	dir	/data/data/com.termux/files/home/02.ERP-system/15.manufacturing/020.architecture	/data/data/com.termux/files/home/02.ERP-system/15.manufacturing/020.architecture	exists	directory already exists
/data/data/com.termux/files/home/02.ERP-system/15.manufacturing	index	/data/data/com.termux/files/home/02.ERP-system/15.manufacturing/020.architecture/INDEX.md	/data/data/com.termux/files/home/02.ERP-system/15.manufacturing/020.architecture/INDEX.md	exists	index already exists
/data/data/com.termux/files/home/02.ERP-system/15.manufacturing	overview	/data/data/com.termux/files/home/02.ERP-system/15.manufacturing/020.architecture/OVERVIEW.md	/data/data/com.termux/files/home/02.ERP-system/15.manufacturing/020.architecture/OVERVIEW.md	exists	overview already exists
/data/data/com.termux/files/home/02.ERP-system/15.manufacturing	dir	/data/data/com.termux/files/home/02.ERP-system/15.manufacturing/030.model	/data/data/com.termux/files/home/02.ERP-system/15.manufacturing/030.model	exists	directory already exists
/data/data/com.termux/files/home/02.ERP-system/15.manufacturing	index	/data/data/com.termux/files/home/02.ERP-system/15.manufacturing/030.model/INDEX.md	/data/data/com.termux/files/home/02.ERP-system/15.manufacturing/030.model/INDEX.md	exists	index already exists
/data/data/com.termux/files/home/02.ERP-system/15.manufacturing	overview	/data/data/com.termux/files/home/02.ERP-system/15.manufacturing/030.model/OVERVIEW.md	/data/data/com.termux/files/home/02.ERP-system/15.manufacturing/030.model/OVERVIEW.md	exists	overview already exists
/data/data/com.termux/files/home/02.ERP-system/15.manufacturing	dir	/data/data/com.termux/files/home/02.ERP-system/15.manufacturing/050.flow	/data/data/com.termux/files/home/02.ERP-system/15.manufacturing/050.flow	exists	directory already exists
/data/data/com.termux/files/home/02.ERP-system/15.manufacturing	index	/data/data/com.termux/files/home/02.ERP-system/15.manufacturing/050.flow/INDEX.md	/data/data/com.termux/files/home/02.ERP-system/15.manufacturing/050.flow/INDEX.md	exists	index already exists
/data/data/com.termux/files/home/02.ERP-system/15.manufacturing	overview	/data/data/com.termux/files/home/02.ERP-system/15.manufacturing/050.flow/OVERVIEW.md	/data/data/com.termux/files/home/02.ERP-system/15.manufacturing/050.flow/OVERVIEW.md	exists	overview already exists
/data/data/com.termux/files/home/02.ERP-system/15.manufacturing	dir	/data/data/com.termux/files/home/02.ERP-system/15.manufacturing/060.integration	/data/data/com.termux/files/home/02.ERP-system/15.manufacturing/060.integration	exists	directory already exists
/data/data/com.termux/files/home/02.ERP-system/15.manufacturing	index	/data/data/com.termux/files/home/02.ERP-system/15.manufacturing/060.integration/INDEX.md	/data/data/com.termux/files/home/02.ERP-system/15.manufacturing/060.integration/INDEX.md	exists	index already exists
/data/data/com.termux/files/home/02.ERP-system/15.manufacturing	overview	/data/data/com.termux/files/home/02.ERP-system/15.manufacturing/060.integration/OVERVIEW.md	/data/data/com.termux/files/home/02.ERP-system/15.manufacturing/060.integration/OVERVIEW.md	exists	overview already exists
/data/data/com.termux/files/home/02.ERP-system/15.manufacturing	dir	/data/data/com.termux/files/home/02.ERP-system/15.manufacturing/070.operations	/data/data/com.termux/files/home/02.ERP-system/15.manufacturing/070.operations	exists	directory already exists
/data/data/com.termux/files/home/02.ERP-system/15.manufacturing	index	/data/data/com.termux/files/home/02.ERP-system/15.manufacturing/070.operations/INDEX.md	/data/data/com.termux/files/home/02.ERP-system/15.manufacturing/070.operations/INDEX.md	exists	index already exists
/data/data/com.termux/files/home/02.ERP-system/15.manufacturing	overview	/data/data/com.termux/files/home/02.ERP-system/15.manufacturing/070.operations/OVERVIEW.md	/data/data/com.termux/files/home/02.ERP-system/15.manufacturing/070.operations/OVERVIEW.md	exists	overview already exists
/data/data/com.termux/files/home/02.ERP-system/15.manufacturing	dir	/data/data/com.termux/files/home/02.ERP-system/15.manufacturing/080.policy	/data/data/com.termux/files/home/02.ERP-system/15.manufacturing/080.policy	exists	directory already exists
/data/data/com.termux/files/home/02.ERP-system/15.manufacturing	index	/data/data/com.termux/files/home/02.ERP-system/15.manufacturing/080.policy/INDEX.md	/data/data/com.termux/files/home/02.ERP-system/15.manufacturing/080.policy/INDEX.md	exists	index already exists
/data/data/com.termux/files/home/02.ERP-system/15.manufacturing	overview	/data/data/com.termux/files/home/02.ERP-system/15.manufacturing/080.policy/OVERVIEW.md	/data/data/com.termux/files/home/02.ERP-system/15.manufacturing/080.policy/OVERVIEW.md	exists	overview already exists
/data/data/com.termux/files/home/02.ERP-system/15.manufacturing	dir	/data/data/com.termux/files/home/02.ERP-system/15.manufacturing/100.security	/data/data/com.termux/files/home/02.ERP-system/15.manufacturing/100.security	exists	directory already exists
/data/data/com.termux/files/home/02.ERP-system/15.manufacturing	index	/data/data/com.termux/files/home/02.ERP-system/15.manufacturing/100.security/INDEX.md	/data/data/com.termux/files/home/02.ERP-system/15.manufacturing/100.security/INDEX.md	exists	index already exists
/data/data/com.termux/files/home/02.ERP-system/15.manufacturing	overview	/data/data/com.termux/files/home/02.ERP-system/15.manufacturing/100.security/OVERVIEW.md	/data/data/com.termux/files/home/02.ERP-system/15.manufacturing/100.security/OVERVIEW.md	exists	overview already exists
/data/data/com.termux/files/home/02.ERP-system/15.manufacturing	dir	/data/data/com.termux/files/home/02.ERP-system/15.manufacturing/110.infrastructure	/data/data/com.termux/files/home/02.ERP-system/15.manufacturing/110.infrastructure	exists	directory already exists
/data/data/com.termux/files/home/02.ERP-system/15.manufacturing	index	/data/data/com.termux/files/home/02.ERP-system/15.manufacturing/110.infrastructure/INDEX.md	/data/data/com.termux/files/home/02.ERP-system/15.manufacturing/110.infrastructure/INDEX.md	exists	index already exists
/data/data/com.termux/files/home/02.ERP-system/15.manufacturing	overview	/data/data/com.termux/files/home/02.ERP-system/15.manufacturing/110.infrastructure/OVERVIEW.md	/data/data/com.termux/files/home/02.ERP-system/15.manufacturing/110.infrastructure/OVERVIEW.md	exists	overview already exists
/data/data/com.termux/files/home/02.ERP-system/15.manufacturing	dir	/data/data/com.termux/files/home/02.ERP-system/15.manufacturing/120.implementation	/data/data/com.termux/files/home/02.ERP-system/15.manufacturing/120.implementation	exists	directory already exists
/data/data/com.termux/files/home/02.ERP-system/15.manufacturing	index	/data/data/com.termux/files/home/02.ERP-system/15.manufacturing/120.implementation/INDEX.md	/data/data/com.termux/files/home/02.ERP-system/15.manufacturing/120.implementation/INDEX.md	exists	index already exists
/data/data/com.termux/files/home/02.ERP-system/15.manufacturing	overview	/data/data/com.termux/files/home/02.ERP-system/15.manufacturing/120.implementation/OVERVIEW.md	/data/data/com.termux/files/home/02.ERP-system/15.manufacturing/120.implementation/OVERVIEW.md	exists	overview already exists
/data/data/com.termux/files/home/02.ERP-system/15.manufacturing	dir	/data/data/com.termux/files/home/02.ERP-system/15.manufacturing/130.development	/data/data/com.termux/files/home/02.ERP-system/15.manufacturing/130.development	exists	directory already exists
/data/data/com.termux/files/home/02.ERP-system/15.manufacturing	index	/data/data/com.termux/files/home/02.ERP-system/15.manufacturing/130.development/INDEX.md	/data/data/com.termux/files/home/02.ERP-system/15.manufacturing/130.development/INDEX.md	exists	index already exists
/data/data/com.termux/files/home/02.ERP-system/15.manufacturing	overview	/data/data/com.termux/files/home/02.ERP-system/15.manufacturing/130.development/OVERVIEW.md	/data/data/com.termux/files/home/02.ERP-system/15.manufacturing/130.development/OVERVIEW.md	exists	overview already exists
/data/data/com.termux/files/home/02.ERP-system/15.manufacturing	dir	/data/data/com.termux/files/home/02.ERP-system/15.manufacturing/900.meta	/data/data/com.termux/files/home/02.ERP-system/15.manufacturing/900.meta	exists	directory already exists
/data/data/com.termux/files/home/02.ERP-system/15.manufacturing	index	/data/data/com.termux/files/home/02.ERP-system/15.manufacturing/900.meta/INDEX.md	/data/data/com.termux/files/home/02.ERP-system/15.manufacturing/900.meta/INDEX.md	exists	index already exists
/data/data/com.termux/files/home/02.ERP-system/15.manufacturing	overview	/data/data/com.termux/files/home/02.ERP-system/15.manufacturing/900.meta/OVERVIEW.md	/data/data/com.termux/files/home/02.ERP-system/15.manufacturing/900.meta/OVERVIEW.md	exists	overview already exists
/data/data/com.termux/files/home/02.ERP-system/15.manufacturing	dir	/data/data/com.termux/files/home/02.ERP-system/15.manufacturing/920.meta	/data/data/com.termux/files/home/02.ERP-system/15.manufacturing/920.meta	exists	directory already exists
/data/data/com.termux/files/home/02.ERP-system/15.manufacturing	index	/data/data/com.termux/files/home/02.ERP-system/15.manufacturing/920.meta/INDEX.md	/data/data/com.termux/files/home/02.ERP-system/15.manufacturing/920.meta/INDEX.md	exists	index already exists
/data/data/com.termux/files/home/02.ERP-system/15.manufacturing	overview	/data/data/com.termux/files/home/02.ERP-system/15.manufacturing/920.meta/OVERVIEW.md	/data/data/com.termux/files/home/02.ERP-system/15.manufacturing/920.meta/OVERVIEW.md	exists	overview already exists
/data/data/com.termux/files/home/02.ERP-system/16.production-planning	archive_payload	/data/data/com.termux/files/home/02.ERP-system/16.production-planning/01.mrp/020.architecture/1224_ERP_PURCHASING_MANUFACTURING_VS_MRP_SCM_BOUNDARY_EXACTNESS_RULE.md	/data/data/com.termux/files/home/02.ERP-system/99.archive/20260422_224743/module-design-reset/16.production-planning/01.mrp/020.architecture/1224_ERP_PURCHASING_MANUFACTURING_VS_MRP_SCM_BOUNDARY_EXACTNESS_RULE.md	moved	module payload archived during reset
/data/data/com.termux/files/home/02.ERP-system/16.production-planning	dir	/data/data/com.termux/files/home/02.ERP-system/16.production-planning/010.constitution	/data/data/com.termux/files/home/02.ERP-system/16.production-planning/010.constitution	exists	directory already exists
/data/data/com.termux/files/home/02.ERP-system/16.production-planning	dir	/data/data/com.termux/files/home/02.ERP-system/16.production-planning/020.architecture	/data/data/com.termux/files/home/02.ERP-system/16.production-planning/020.architecture	exists	directory already exists
/data/data/com.termux/files/home/02.ERP-system/16.production-planning	dir	/data/data/com.termux/files/home/02.ERP-system/16.production-planning/030.model	/data/data/com.termux/files/home/02.ERP-system/16.production-planning/030.model	exists	directory already exists
/data/data/com.termux/files/home/02.ERP-system/16.production-planning	dir	/data/data/com.termux/files/home/02.ERP-system/16.production-planning/050.flow	/data/data/com.termux/files/home/02.ERP-system/16.production-planning/050.flow	exists	directory already exists
/data/data/com.termux/files/home/02.ERP-system/16.production-planning	dir	/data/data/com.termux/files/home/02.ERP-system/16.production-planning/060.integration	/data/data/com.termux/files/home/02.ERP-system/16.production-planning/060.integration	exists	directory already exists
/data/data/com.termux/files/home/02.ERP-system/16.production-planning	dir	/data/data/com.termux/files/home/02.ERP-system/16.production-planning/070.operations	/data/data/com.termux/files/home/02.ERP-system/16.production-planning/070.operations	exists	directory already exists
/data/data/com.termux/files/home/02.ERP-system/16.production-planning	dir	/data/data/com.termux/files/home/02.ERP-system/16.production-planning/080.policy	/data/data/com.termux/files/home/02.ERP-system/16.production-planning/080.policy	exists	directory already exists
/data/data/com.termux/files/home/02.ERP-system/16.production-planning	dir	/data/data/com.termux/files/home/02.ERP-system/16.production-planning/100.security	/data/data/com.termux/files/home/02.ERP-system/16.production-planning/100.security	exists	directory already exists
/data/data/com.termux/files/home/02.ERP-system/16.production-planning	dir	/data/data/com.termux/files/home/02.ERP-system/16.production-planning/110.infrastructure	/data/data/com.termux/files/home/02.ERP-system/16.production-planning/110.infrastructure	exists	directory already exists
/data/data/com.termux/files/home/02.ERP-system/16.production-planning	dir	/data/data/com.termux/files/home/02.ERP-system/16.production-planning/120.implementation	/data/data/com.termux/files/home/02.ERP-system/16.production-planning/120.implementation	exists	directory already exists
/data/data/com.termux/files/home/02.ERP-system/16.production-planning	dir	/data/data/com.termux/files/home/02.ERP-system/16.production-planning/130.development	/data/data/com.termux/files/home/02.ERP-system/16.production-planning/130.development	exists	directory already exists
/data/data/com.termux/files/home/02.ERP-system/16.production-planning	dir	/data/data/com.termux/files/home/02.ERP-system/16.production-planning/900.meta	/data/data/com.termux/files/home/02.ERP-system/16.production-planning/900.meta	exists	directory already exists
/data/data/com.termux/files/home/02.ERP-system/16.production-planning	dir	/data/data/com.termux/files/home/02.ERP-system/16.production-planning/920.meta	/data/data/com.termux/files/home/02.ERP-system/16.production-planning/920.meta	exists	directory already exists
/data/data/com.termux/files/home/02.ERP-system/16.production-planning	index	/data/data/com.termux/files/home/02.ERP-system/16.production-planning/INDEX.md	/data/data/com.termux/files/home/02.ERP-system/16.production-planning/INDEX.md	exists	index already exists
/data/data/com.termux/files/home/02.ERP-system/16.production-planning	overview	/data/data/com.termux/files/home/02.ERP-system/16.production-planning/OVERVIEW.md	/data/data/com.termux/files/home/02.ERP-system/16.production-planning/OVERVIEW.md	exists	overview already exists
/data/data/com.termux/files/home/02.ERP-system/16.production-planning	dir	/data/data/com.termux/files/home/02.ERP-system/16.production-planning/010.constitution	/data/data/com.termux/files/home/02.ERP-system/16.production-planning/010.constitution	exists	directory already exists
/data/data/com.termux/files/home/02.ERP-system/16.production-planning	index	/data/data/com.termux/files/home/02.ERP-system/16.production-planning/010.constitution/INDEX.md	/data/data/com.termux/files/home/02.ERP-system/16.production-planning/010.constitution/INDEX.md	exists	index already exists
/data/data/com.termux/files/home/02.ERP-system/16.production-planning	overview	/data/data/com.termux/files/home/02.ERP-system/16.production-planning/010.constitution/OVERVIEW.md	/data/data/com.termux/files/home/02.ERP-system/16.production-planning/010.constitution/OVERVIEW.md	exists	overview already exists
/data/data/com.termux/files/home/02.ERP-system/16.production-planning	dir	/data/data/com.termux/files/home/02.ERP-system/16.production-planning/020.architecture	/data/data/com.termux/files/home/02.ERP-system/16.production-planning/020.architecture	exists	directory already exists
/data/data/com.termux/files/home/02.ERP-system/16.production-planning	index	/data/data/com.termux/files/home/02.ERP-system/16.production-planning/020.architecture/INDEX.md	/data/data/com.termux/files/home/02.ERP-system/16.production-planning/020.architecture/INDEX.md	exists	index already exists
/data/data/com.termux/files/home/02.ERP-system/16.production-planning	overview	/data/data/com.termux/files/home/02.ERP-system/16.production-planning/020.architecture/OVERVIEW.md	/data/data/com.termux/files/home/02.ERP-system/16.production-planning/020.architecture/OVERVIEW.md	exists	overview already exists
/data/data/com.termux/files/home/02.ERP-system/16.production-planning	dir	/data/data/com.termux/files/home/02.ERP-system/16.production-planning/030.model	/data/data/com.termux/files/home/02.ERP-system/16.production-planning/030.model	exists	directory already exists
/data/data/com.termux/files/home/02.ERP-system/16.production-planning	index	/data/data/com.termux/files/home/02.ERP-system/16.production-planning/030.model/INDEX.md	/data/data/com.termux/files/home/02.ERP-system/16.production-planning/030.model/INDEX.md	exists	index already exists
/data/data/com.termux/files/home/02.ERP-system/16.production-planning	overview	/data/data/com.termux/files/home/02.ERP-system/16.production-planning/030.model/OVERVIEW.md	/data/data/com.termux/files/home/02.ERP-system/16.production-planning/030.model/OVERVIEW.md	exists	overview already exists
/data/data/com.termux/files/home/02.ERP-system/16.production-planning	dir	/data/data/com.termux/files/home/02.ERP-system/16.production-planning/050.flow	/data/data/com.termux/files/home/02.ERP-system/16.production-planning/050.flow	exists	directory already exists
/data/data/com.termux/files/home/02.ERP-system/16.production-planning	index	/data/data/com.termux/files/home/02.ERP-system/16.production-planning/050.flow/INDEX.md	/data/data/com.termux/files/home/02.ERP-system/16.production-planning/050.flow/INDEX.md	exists	index already exists
/data/data/com.termux/files/home/02.ERP-system/16.production-planning	overview	/data/data/com.termux/files/home/02.ERP-system/16.production-planning/050.flow/OVERVIEW.md	/data/data/com.termux/files/home/02.ERP-system/16.production-planning/050.flow/OVERVIEW.md	exists	overview already exists
/data/data/com.termux/files/home/02.ERP-system/16.production-planning	dir	/data/data/com.termux/files/home/02.ERP-system/16.production-planning/060.integration	/data/data/com.termux/files/home/02.ERP-system/16.production-planning/060.integration	exists	directory already exists
/data/data/com.termux/files/home/02.ERP-system/16.production-planning	index	/data/data/com.termux/files/home/02.ERP-system/16.production-planning/060.integration/INDEX.md	/data/data/com.termux/files/home/02.ERP-system/16.production-planning/060.integration/INDEX.md	exists	index already exists
/data/data/com.termux/files/home/02.ERP-system/16.production-planning	overview	/data/data/com.termux/files/home/02.ERP-system/16.production-planning/060.integration/OVERVIEW.md	/data/data/com.termux/files/home/02.ERP-system/16.production-planning/060.integration/OVERVIEW.md	exists	overview already exists
/data/data/com.termux/files/home/02.ERP-system/16.production-planning	dir	/data/data/com.termux/files/home/02.ERP-system/16.production-planning/070.operations	/data/data/com.termux/files/home/02.ERP-system/16.production-planning/070.operations	exists	directory already exists
/data/data/com.termux/files/home/02.ERP-system/16.production-planning	index	/data/data/com.termux/files/home/02.ERP-system/16.production-planning/070.operations/INDEX.md	/data/data/com.termux/files/home/02.ERP-system/16.production-planning/070.operations/INDEX.md	exists	index already exists
/data/data/com.termux/files/home/02.ERP-system/16.production-planning	overview	/data/data/com.termux/files/home/02.ERP-system/16.production-planning/070.operations/OVERVIEW.md	/data/data/com.termux/files/home/02.ERP-system/16.production-planning/070.operations/OVERVIEW.md	exists	overview already exists
/data/data/com.termux/files/home/02.ERP-system/16.production-planning	dir	/data/data/com.termux/files/home/02.ERP-system/16.production-planning/080.policy	/data/data/com.termux/files/home/02.ERP-system/16.production-planning/080.policy	exists	directory already exists
/data/data/com.termux/files/home/02.ERP-system/16.production-planning	index	/data/data/com.termux/files/home/02.ERP-system/16.production-planning/080.policy/INDEX.md	/data/data/com.termux/files/home/02.ERP-system/16.production-planning/080.policy/INDEX.md	exists	index already exists
/data/data/com.termux/files/home/02.ERP-system/16.production-planning	overview	/data/data/com.termux/files/home/02.ERP-system/16.production-planning/080.policy/OVERVIEW.md	/data/data/com.termux/files/home/02.ERP-system/16.production-planning/080.policy/OVERVIEW.md	exists	overview already exists
/data/data/com.termux/files/home/02.ERP-system/16.production-planning	dir	/data/data/com.termux/files/home/02.ERP-system/16.production-planning/100.security	/data/data/com.termux/files/home/02.ERP-system/16.production-planning/100.security	exists	directory already exists
/data/data/com.termux/files/home/02.ERP-system/16.production-planning	index	/data/data/com.termux/files/home/02.ERP-system/16.production-planning/100.security/INDEX.md	/data/data/com.termux/files/home/02.ERP-system/16.production-planning/100.security/INDEX.md	exists	index already exists
/data/data/com.termux/files/home/02.ERP-system/16.production-planning	overview	/data/data/com.termux/files/home/02.ERP-system/16.production-planning/100.security/OVERVIEW.md	/data/data/com.termux/files/home/02.ERP-system/16.production-planning/100.security/OVERVIEW.md	exists	overview already exists
/data/data/com.termux/files/home/02.ERP-system/16.production-planning	dir	/data/data/com.termux/files/home/02.ERP-system/16.production-planning/110.infrastructure	/data/data/com.termux/files/home/02.ERP-system/16.production-planning/110.infrastructure	exists	directory already exists
/data/data/com.termux/files/home/02.ERP-system/16.production-planning	index	/data/data/com.termux/files/home/02.ERP-system/16.production-planning/110.infrastructure/INDEX.md	/data/data/com.termux/files/home/02.ERP-system/16.production-planning/110.infrastructure/INDEX.md	exists	index already exists
/data/data/com.termux/files/home/02.ERP-system/16.production-planning	overview	/data/data/com.termux/files/home/02.ERP-system/16.production-planning/110.infrastructure/OVERVIEW.md	/data/data/com.termux/files/home/02.ERP-system/16.production-planning/110.infrastructure/OVERVIEW.md	exists	overview already exists
/data/data/com.termux/files/home/02.ERP-system/16.production-planning	dir	/data/data/com.termux/files/home/02.ERP-system/16.production-planning/120.implementation	/data/data/com.termux/files/home/02.ERP-system/16.production-planning/120.implementation	exists	directory already exists
/data/data/com.termux/files/home/02.ERP-system/16.production-planning	index	/data/data/com.termux/files/home/02.ERP-system/16.production-planning/120.implementation/INDEX.md	/data/data/com.termux/files/home/02.ERP-system/16.production-planning/120.implementation/INDEX.md	exists	index already exists
/data/data/com.termux/files/home/02.ERP-system/16.production-planning	overview	/data/data/com.termux/files/home/02.ERP-system/16.production-planning/120.implementation/OVERVIEW.md	/data/data/com.termux/files/home/02.ERP-system/16.production-planning/120.implementation/OVERVIEW.md	exists	overview already exists
/data/data/com.termux/files/home/02.ERP-system/16.production-planning	dir	/data/data/com.termux/files/home/02.ERP-system/16.production-planning/130.development	/data/data/com.termux/files/home/02.ERP-system/16.production-planning/130.development	exists	directory already exists
/data/data/com.termux/files/home/02.ERP-system/16.production-planning	index	/data/data/com.termux/files/home/02.ERP-system/16.production-planning/130.development/INDEX.md	/data/data/com.termux/files/home/02.ERP-system/16.production-planning/130.development/INDEX.md	exists	index already exists
/data/data/com.termux/files/home/02.ERP-system/16.production-planning	overview	/data/data/com.termux/files/home/02.ERP-system/16.production-planning/130.development/OVERVIEW.md	/data/data/com.termux/files/home/02.ERP-system/16.production-planning/130.development/OVERVIEW.md	exists	overview already exists
/data/data/com.termux/files/home/02.ERP-system/16.production-planning	dir	/data/data/com.termux/files/home/02.ERP-system/16.production-planning/900.meta	/data/data/com.termux/files/home/02.ERP-system/16.production-planning/900.meta	exists	directory already exists
/data/data/com.termux/files/home/02.ERP-system/16.production-planning	index	/data/data/com.termux/files/home/02.ERP-system/16.production-planning/900.meta/INDEX.md	/data/data/com.termux/files/home/02.ERP-system/16.production-planning/900.meta/INDEX.md	exists	index already exists
/data/data/com.termux/files/home/02.ERP-system/16.production-planning	overview	/data/data/com.termux/files/home/02.ERP-system/16.production-planning/900.meta/OVERVIEW.md	/data/data/com.termux/files/home/02.ERP-system/16.production-planning/900.meta/OVERVIEW.md	exists	overview already exists
/data/data/com.termux/files/home/02.ERP-system/16.production-planning	dir	/data/data/com.termux/files/home/02.ERP-system/16.production-planning/920.meta	/data/data/com.termux/files/home/02.ERP-system/16.production-planning/920.meta	exists	directory already exists
/data/data/com.termux/files/home/02.ERP-system/16.production-planning	index	/data/data/com.termux/files/home/02.ERP-system/16.production-planning/920.meta/INDEX.md	/data/data/com.termux/files/home/02.ERP-system/16.production-planning/920.meta/INDEX.md	exists	index already exists
/data/data/com.termux/files/home/02.ERP-system/16.production-planning	overview	/data/data/com.termux/files/home/02.ERP-system/16.production-planning/920.meta/OVERVIEW.md	/data/data/com.termux/files/home/02.ERP-system/16.production-planning/920.meta/OVERVIEW.md	exists	overview already exists
/data/data/com.termux/files/home/02.ERP-system/16.production-planning/01.mrp	dir	/data/data/com.termux/files/home/02.ERP-system/16.production-planning/01.mrp/010.constitution	/data/data/com.termux/files/home/02.ERP-system/16.production-planning/01.mrp/010.constitution	exists	directory already exists
/data/data/com.termux/files/home/02.ERP-system/16.production-planning/01.mrp	dir	/data/data/com.termux/files/home/02.ERP-system/16.production-planning/01.mrp/020.architecture	/data/data/com.termux/files/home/02.ERP-system/16.production-planning/01.mrp/020.architecture	exists	directory already exists
/data/data/com.termux/files/home/02.ERP-system/16.production-planning/01.mrp	dir	/data/data/com.termux/files/home/02.ERP-system/16.production-planning/01.mrp/030.model	/data/data/com.termux/files/home/02.ERP-system/16.production-planning/01.mrp/030.model	exists	directory already exists
/data/data/com.termux/files/home/02.ERP-system/16.production-planning/01.mrp	dir	/data/data/com.termux/files/home/02.ERP-system/16.production-planning/01.mrp/050.flow	/data/data/com.termux/files/home/02.ERP-system/16.production-planning/01.mrp/050.flow	exists	directory already exists
/data/data/com.termux/files/home/02.ERP-system/16.production-planning/01.mrp	dir	/data/data/com.termux/files/home/02.ERP-system/16.production-planning/01.mrp/060.integration	/data/data/com.termux/files/home/02.ERP-system/16.production-planning/01.mrp/060.integration	exists	directory already exists
/data/data/com.termux/files/home/02.ERP-system/16.production-planning/01.mrp	dir	/data/data/com.termux/files/home/02.ERP-system/16.production-planning/01.mrp/070.operations	/data/data/com.termux/files/home/02.ERP-system/16.production-planning/01.mrp/070.operations	exists	directory already exists
/data/data/com.termux/files/home/02.ERP-system/16.production-planning/01.mrp	dir	/data/data/com.termux/files/home/02.ERP-system/16.production-planning/01.mrp/080.policy	/data/data/com.termux/files/home/02.ERP-system/16.production-planning/01.mrp/080.policy	exists	directory already exists
/data/data/com.termux/files/home/02.ERP-system/16.production-planning/01.mrp	dir	/data/data/com.termux/files/home/02.ERP-system/16.production-planning/01.mrp/100.security	/data/data/com.termux/files/home/02.ERP-system/16.production-planning/01.mrp/100.security	exists	directory already exists
/data/data/com.termux/files/home/02.ERP-system/16.production-planning/01.mrp	dir	/data/data/com.termux/files/home/02.ERP-system/16.production-planning/01.mrp/110.infrastructure	/data/data/com.termux/files/home/02.ERP-system/16.production-planning/01.mrp/110.infrastructure	exists	directory already exists
/data/data/com.termux/files/home/02.ERP-system/16.production-planning/01.mrp	dir	/data/data/com.termux/files/home/02.ERP-system/16.production-planning/01.mrp/120.implementation	/data/data/com.termux/files/home/02.ERP-system/16.production-planning/01.mrp/120.implementation	exists	directory already exists
/data/data/com.termux/files/home/02.ERP-system/16.production-planning/01.mrp	dir	/data/data/com.termux/files/home/02.ERP-system/16.production-planning/01.mrp/130.development	/data/data/com.termux/files/home/02.ERP-system/16.production-planning/01.mrp/130.development	exists	directory already exists
/data/data/com.termux/files/home/02.ERP-system/16.production-planning/01.mrp	dir	/data/data/com.termux/files/home/02.ERP-system/16.production-planning/01.mrp/900.meta	/data/data/com.termux/files/home/02.ERP-system/16.production-planning/01.mrp/900.meta	exists	directory already exists
/data/data/com.termux/files/home/02.ERP-system/16.production-planning/01.mrp	dir	/data/data/com.termux/files/home/02.ERP-system/16.production-planning/01.mrp/920.meta	/data/data/com.termux/files/home/02.ERP-system/16.production-planning/01.mrp/920.meta	exists	directory already exists
/data/data/com.termux/files/home/02.ERP-system/16.production-planning/01.mrp	index	/data/data/com.termux/files/home/02.ERP-system/16.production-planning/01.mrp/INDEX.md	/data/data/com.termux/files/home/02.ERP-system/16.production-planning/01.mrp/INDEX.md	exists	index already exists
/data/data/com.termux/files/home/02.ERP-system/16.production-planning/01.mrp	overview	/data/data/com.termux/files/home/02.ERP-system/16.production-planning/01.mrp/OVERVIEW.md	/data/data/com.termux/files/home/02.ERP-system/16.production-planning/01.mrp/OVERVIEW.md	exists	overview already exists
/data/data/com.termux/files/home/02.ERP-system/16.production-planning/01.mrp	dir	/data/data/com.termux/files/home/02.ERP-system/16.production-planning/01.mrp/010.constitution	/data/data/com.termux/files/home/02.ERP-system/16.production-planning/01.mrp/010.constitution	exists	directory already exists
/data/data/com.termux/files/home/02.ERP-system/16.production-planning/01.mrp	index	/data/data/com.termux/files/home/02.ERP-system/16.production-planning/01.mrp/010.constitution/INDEX.md	/data/data/com.termux/files/home/02.ERP-system/16.production-planning/01.mrp/010.constitution/INDEX.md	exists	index already exists
/data/data/com.termux/files/home/02.ERP-system/16.production-planning/01.mrp	overview	/data/data/com.termux/files/home/02.ERP-system/16.production-planning/01.mrp/010.constitution/OVERVIEW.md	/data/data/com.termux/files/home/02.ERP-system/16.production-planning/01.mrp/010.constitution/OVERVIEW.md	exists	overview already exists
/data/data/com.termux/files/home/02.ERP-system/16.production-planning/01.mrp	dir	/data/data/com.termux/files/home/02.ERP-system/16.production-planning/01.mrp/020.architecture	/data/data/com.termux/files/home/02.ERP-system/16.production-planning/01.mrp/020.architecture	exists	directory already exists
/data/data/com.termux/files/home/02.ERP-system/16.production-planning/01.mrp	index	/data/data/com.termux/files/home/02.ERP-system/16.production-planning/01.mrp/020.architecture/INDEX.md	/data/data/com.termux/files/home/02.ERP-system/16.production-planning/01.mrp/020.architecture/INDEX.md	exists	index already exists
/data/data/com.termux/files/home/02.ERP-system/16.production-planning/01.mrp	overview	/data/data/com.termux/files/home/02.ERP-system/16.production-planning/01.mrp/020.architecture/OVERVIEW.md	/data/data/com.termux/files/home/02.ERP-system/16.production-planning/01.mrp/020.architecture/OVERVIEW.md	exists	overview already exists
/data/data/com.termux/files/home/02.ERP-system/16.production-planning/01.mrp	dir	/data/data/com.termux/files/home/02.ERP-system/16.production-planning/01.mrp/030.model	/data/data/com.termux/files/home/02.ERP-system/16.production-planning/01.mrp/030.model	exists	directory already exists
/data/data/com.termux/files/home/02.ERP-system/16.production-planning/01.mrp	index	/data/data/com.termux/files/home/02.ERP-system/16.production-planning/01.mrp/030.model/INDEX.md	/data/data/com.termux/files/home/02.ERP-system/16.production-planning/01.mrp/030.model/INDEX.md	exists	index already exists
/data/data/com.termux/files/home/02.ERP-system/16.production-planning/01.mrp	overview	/data/data/com.termux/files/home/02.ERP-system/16.production-planning/01.mrp/030.model/OVERVIEW.md	/data/data/com.termux/files/home/02.ERP-system/16.production-planning/01.mrp/030.model/OVERVIEW.md	exists	overview already exists
/data/data/com.termux/files/home/02.ERP-system/16.production-planning/01.mrp	dir	/data/data/com.termux/files/home/02.ERP-system/16.production-planning/01.mrp/050.flow	/data/data/com.termux/files/home/02.ERP-system/16.production-planning/01.mrp/050.flow	exists	directory already exists
/data/data/com.termux/files/home/02.ERP-system/16.production-planning/01.mrp	index	/data/data/com.termux/files/home/02.ERP-system/16.production-planning/01.mrp/050.flow/INDEX.md	/data/data/com.termux/files/home/02.ERP-system/16.production-planning/01.mrp/050.flow/INDEX.md	exists	index already exists
/data/data/com.termux/files/home/02.ERP-system/16.production-planning/01.mrp	overview	/data/data/com.termux/files/home/02.ERP-system/16.production-planning/01.mrp/050.flow/OVERVIEW.md	/data/data/com.termux/files/home/02.ERP-system/16.production-planning/01.mrp/050.flow/OVERVIEW.md	exists	overview already exists
/data/data/com.termux/files/home/02.ERP-system/16.production-planning/01.mrp	dir	/data/data/com.termux/files/home/02.ERP-system/16.production-planning/01.mrp/060.integration	/data/data/com.termux/files/home/02.ERP-system/16.production-planning/01.mrp/060.integration	exists	directory already exists
/data/data/com.termux/files/home/02.ERP-system/16.production-planning/01.mrp	index	/data/data/com.termux/files/home/02.ERP-system/16.production-planning/01.mrp/060.integration/INDEX.md	/data/data/com.termux/files/home/02.ERP-system/16.production-planning/01.mrp/060.integration/INDEX.md	exists	index already exists
/data/data/com.termux/files/home/02.ERP-system/16.production-planning/01.mrp	overview	/data/data/com.termux/files/home/02.ERP-system/16.production-planning/01.mrp/060.integration/OVERVIEW.md	/data/data/com.termux/files/home/02.ERP-system/16.production-planning/01.mrp/060.integration/OVERVIEW.md	exists	overview already exists
/data/data/com.termux/files/home/02.ERP-system/16.production-planning/01.mrp	dir	/data/data/com.termux/files/home/02.ERP-system/16.production-planning/01.mrp/070.operations	/data/data/com.termux/files/home/02.ERP-system/16.production-planning/01.mrp/070.operations	exists	directory already exists
/data/data/com.termux/files/home/02.ERP-system/16.production-planning/01.mrp	index	/data/data/com.termux/files/home/02.ERP-system/16.production-planning/01.mrp/070.operations/INDEX.md	/data/data/com.termux/files/home/02.ERP-system/16.production-planning/01.mrp/070.operations/INDEX.md	exists	index already exists
/data/data/com.termux/files/home/02.ERP-system/16.production-planning/01.mrp	overview	/data/data/com.termux/files/home/02.ERP-system/16.production-planning/01.mrp/070.operations/OVERVIEW.md	/data/data/com.termux/files/home/02.ERP-system/16.production-planning/01.mrp/070.operations/OVERVIEW.md	exists	overview already exists
/data/data/com.termux/files/home/02.ERP-system/16.production-planning/01.mrp	dir	/data/data/com.termux/files/home/02.ERP-system/16.production-planning/01.mrp/080.policy	/data/data/com.termux/files/home/02.ERP-system/16.production-planning/01.mrp/080.policy	exists	directory already exists
/data/data/com.termux/files/home/02.ERP-system/16.production-planning/01.mrp	index	/data/data/com.termux/files/home/02.ERP-system/16.production-planning/01.mrp/080.policy/INDEX.md	/data/data/com.termux/files/home/02.ERP-system/16.production-planning/01.mrp/080.policy/INDEX.md	exists	index already exists
/data/data/com.termux/files/home/02.ERP-system/16.production-planning/01.mrp	overview	/data/data/com.termux/files/home/02.ERP-system/16.production-planning/01.mrp/080.policy/OVERVIEW.md	/data/data/com.termux/files/home/02.ERP-system/16.production-planning/01.mrp/080.policy/OVERVIEW.md	exists	overview already exists
/data/data/com.termux/files/home/02.ERP-system/16.production-planning/01.mrp	dir	/data/data/com.termux/files/home/02.ERP-system/16.production-planning/01.mrp/100.security	/data/data/com.termux/files/home/02.ERP-system/16.production-planning/01.mrp/100.security	exists	directory already exists
/data/data/com.termux/files/home/02.ERP-system/16.production-planning/01.mrp	index	/data/data/com.termux/files/home/02.ERP-system/16.production-planning/01.mrp/100.security/INDEX.md	/data/data/com.termux/files/home/02.ERP-system/16.production-planning/01.mrp/100.security/INDEX.md	exists	index already exists
/data/data/com.termux/files/home/02.ERP-system/16.production-planning/01.mrp	overview	/data/data/com.termux/files/home/02.ERP-system/16.production-planning/01.mrp/100.security/OVERVIEW.md	/data/data/com.termux/files/home/02.ERP-system/16.production-planning/01.mrp/100.security/OVERVIEW.md	exists	overview already exists
/data/data/com.termux/files/home/02.ERP-system/16.production-planning/01.mrp	dir	/data/data/com.termux/files/home/02.ERP-system/16.production-planning/01.mrp/110.infrastructure	/data/data/com.termux/files/home/02.ERP-system/16.production-planning/01.mrp/110.infrastructure	exists	directory already exists
/data/data/com.termux/files/home/02.ERP-system/16.production-planning/01.mrp	index	/data/data/com.termux/files/home/02.ERP-system/16.production-planning/01.mrp/110.infrastructure/INDEX.md	/data/data/com.termux/files/home/02.ERP-system/16.production-planning/01.mrp/110.infrastructure/INDEX.md	exists	index already exists
/data/data/com.termux/files/home/02.ERP-system/16.production-planning/01.mrp	overview	/data/data/com.termux/files/home/02.ERP-system/16.production-planning/01.mrp/110.infrastructure/OVERVIEW.md	/data/data/com.termux/files/home/02.ERP-system/16.production-planning/01.mrp/110.infrastructure/OVERVIEW.md	exists	overview already exists
/data/data/com.termux/files/home/02.ERP-system/16.production-planning/01.mrp	dir	/data/data/com.termux/files/home/02.ERP-system/16.production-planning/01.mrp/120.implementation	/data/data/com.termux/files/home/02.ERP-system/16.production-planning/01.mrp/120.implementation	exists	directory already exists
/data/data/com.termux/files/home/02.ERP-system/16.production-planning/01.mrp	index	/data/data/com.termux/files/home/02.ERP-system/16.production-planning/01.mrp/120.implementation/INDEX.md	/data/data/com.termux/files/home/02.ERP-system/16.production-planning/01.mrp/120.implementation/INDEX.md	exists	index already exists
/data/data/com.termux/files/home/02.ERP-system/16.production-planning/01.mrp	overview	/data/data/com.termux/files/home/02.ERP-system/16.production-planning/01.mrp/120.implementation/OVERVIEW.md	/data/data/com.termux/files/home/02.ERP-system/16.production-planning/01.mrp/120.implementation/OVERVIEW.md	exists	overview already exists
/data/data/com.termux/files/home/02.ERP-system/16.production-planning/01.mrp	dir	/data/data/com.termux/files/home/02.ERP-system/16.production-planning/01.mrp/130.development	/data/data/com.termux/files/home/02.ERP-system/16.production-planning/01.mrp/130.development	exists	directory already exists
/data/data/com.termux/files/home/02.ERP-system/16.production-planning/01.mrp	index	/data/data/com.termux/files/home/02.ERP-system/16.production-planning/01.mrp/130.development/INDEX.md	/data/data/com.termux/files/home/02.ERP-system/16.production-planning/01.mrp/130.development/INDEX.md	exists	index already exists
/data/data/com.termux/files/home/02.ERP-system/16.production-planning/01.mrp	overview	/data/data/com.termux/files/home/02.ERP-system/16.production-planning/01.mrp/130.development/OVERVIEW.md	/data/data/com.termux/files/home/02.ERP-system/16.production-planning/01.mrp/130.development/OVERVIEW.md	exists	overview already exists
/data/data/com.termux/files/home/02.ERP-system/16.production-planning/01.mrp	dir	/data/data/com.termux/files/home/02.ERP-system/16.production-planning/01.mrp/900.meta	/data/data/com.termux/files/home/02.ERP-system/16.production-planning/01.mrp/900.meta	exists	directory already exists
/data/data/com.termux/files/home/02.ERP-system/16.production-planning/01.mrp	index	/data/data/com.termux/files/home/02.ERP-system/16.production-planning/01.mrp/900.meta/INDEX.md	/data/data/com.termux/files/home/02.ERP-system/16.production-planning/01.mrp/900.meta/INDEX.md	exists	index already exists
/data/data/com.termux/files/home/02.ERP-system/16.production-planning/01.mrp	overview	/data/data/com.termux/files/home/02.ERP-system/16.production-planning/01.mrp/900.meta/OVERVIEW.md	/data/data/com.termux/files/home/02.ERP-system/16.production-planning/01.mrp/900.meta/OVERVIEW.md	exists	overview already exists
/data/data/com.termux/files/home/02.ERP-system/16.production-planning/01.mrp	dir	/data/data/com.termux/files/home/02.ERP-system/16.production-planning/01.mrp/920.meta	/data/data/com.termux/files/home/02.ERP-system/16.production-planning/01.mrp/920.meta	exists	directory already exists
/data/data/com.termux/files/home/02.ERP-system/16.production-planning/01.mrp	index	/data/data/com.termux/files/home/02.ERP-system/16.production-planning/01.mrp/920.meta/INDEX.md	/data/data/com.termux/files/home/02.ERP-system/16.production-planning/01.mrp/920.meta/INDEX.md	exists	index already exists
/data/data/com.termux/files/home/02.ERP-system/16.production-planning/01.mrp	overview	/data/data/com.termux/files/home/02.ERP-system/16.production-planning/01.mrp/920.meta/OVERVIEW.md	/data/data/com.termux/files/home/02.ERP-system/16.production-planning/01.mrp/920.meta/OVERVIEW.md	exists	overview already exists
/data/data/com.termux/files/home/02.ERP-system/16.production-planning/02.crp	dir	/data/data/com.termux/files/home/02.ERP-system/16.production-planning/02.crp/010.constitution	/data/data/com.termux/files/home/02.ERP-system/16.production-planning/02.crp/010.constitution	exists	directory already exists
/data/data/com.termux/files/home/02.ERP-system/16.production-planning/02.crp	dir	/data/data/com.termux/files/home/02.ERP-system/16.production-planning/02.crp/020.architecture	/data/data/com.termux/files/home/02.ERP-system/16.production-planning/02.crp/020.architecture	exists	directory already exists
/data/data/com.termux/files/home/02.ERP-system/16.production-planning/02.crp	dir	/data/data/com.termux/files/home/02.ERP-system/16.production-planning/02.crp/030.model	/data/data/com.termux/files/home/02.ERP-system/16.production-planning/02.crp/030.model	exists	directory already exists
/data/data/com.termux/files/home/02.ERP-system/16.production-planning/02.crp	dir	/data/data/com.termux/files/home/02.ERP-system/16.production-planning/02.crp/050.flow	/data/data/com.termux/files/home/02.ERP-system/16.production-planning/02.crp/050.flow	exists	directory already exists
/data/data/com.termux/files/home/02.ERP-system/16.production-planning/02.crp	dir	/data/data/com.termux/files/home/02.ERP-system/16.production-planning/02.crp/060.integration	/data/data/com.termux/files/home/02.ERP-system/16.production-planning/02.crp/060.integration	exists	directory already exists
/data/data/com.termux/files/home/02.ERP-system/16.production-planning/02.crp	dir	/data/data/com.termux/files/home/02.ERP-system/16.production-planning/02.crp/070.operations	/data/data/com.termux/files/home/02.ERP-system/16.production-planning/02.crp/070.operations	exists	directory already exists
/data/data/com.termux/files/home/02.ERP-system/16.production-planning/02.crp	dir	/data/data/com.termux/files/home/02.ERP-system/16.production-planning/02.crp/080.policy	/data/data/com.termux/files/home/02.ERP-system/16.production-planning/02.crp/080.policy	exists	directory already exists
/data/data/com.termux/files/home/02.ERP-system/16.production-planning/02.crp	dir	/data/data/com.termux/files/home/02.ERP-system/16.production-planning/02.crp/100.security	/data/data/com.termux/files/home/02.ERP-system/16.production-planning/02.crp/100.security	exists	directory already exists
/data/data/com.termux/files/home/02.ERP-system/16.production-planning/02.crp	dir	/data/data/com.termux/files/home/02.ERP-system/16.production-planning/02.crp/110.infrastructure	/data/data/com.termux/files/home/02.ERP-system/16.production-planning/02.crp/110.infrastructure	exists	directory already exists
/data/data/com.termux/files/home/02.ERP-system/16.production-planning/02.crp	dir	/data/data/com.termux/files/home/02.ERP-system/16.production-planning/02.crp/120.implementation	/data/data/com.termux/files/home/02.ERP-system/16.production-planning/02.crp/120.implementation	exists	directory already exists
/data/data/com.termux/files/home/02.ERP-system/16.production-planning/02.crp	dir	/data/data/com.termux/files/home/02.ERP-system/16.production-planning/02.crp/130.development	/data/data/com.termux/files/home/02.ERP-system/16.production-planning/02.crp/130.development	exists	directory already exists
/data/data/com.termux/files/home/02.ERP-system/16.production-planning/02.crp	dir	/data/data/com.termux/files/home/02.ERP-system/16.production-planning/02.crp/900.meta	/data/data/com.termux/files/home/02.ERP-system/16.production-planning/02.crp/900.meta	exists	directory already exists
/data/data/com.termux/files/home/02.ERP-system/16.production-planning/02.crp	dir	/data/data/com.termux/files/home/02.ERP-system/16.production-planning/02.crp/920.meta	/data/data/com.termux/files/home/02.ERP-system/16.production-planning/02.crp/920.meta	exists	directory already exists
/data/data/com.termux/files/home/02.ERP-system/16.production-planning/02.crp	index	/data/data/com.termux/files/home/02.ERP-system/16.production-planning/02.crp/INDEX.md	/data/data/com.termux/files/home/02.ERP-system/16.production-planning/02.crp/INDEX.md	exists	index already exists
/data/data/com.termux/files/home/02.ERP-system/16.production-planning/02.crp	overview	/data/data/com.termux/files/home/02.ERP-system/16.production-planning/02.crp/OVERVIEW.md	/data/data/com.termux/files/home/02.ERP-system/16.production-planning/02.crp/OVERVIEW.md	exists	overview already exists
/data/data/com.termux/files/home/02.ERP-system/16.production-planning/02.crp	dir	/data/data/com.termux/files/home/02.ERP-system/16.production-planning/02.crp/010.constitution	/data/data/com.termux/files/home/02.ERP-system/16.production-planning/02.crp/010.constitution	exists	directory already exists
/data/data/com.termux/files/home/02.ERP-system/16.production-planning/02.crp	index	/data/data/com.termux/files/home/02.ERP-system/16.production-planning/02.crp/010.constitution/INDEX.md	/data/data/com.termux/files/home/02.ERP-system/16.production-planning/02.crp/010.constitution/INDEX.md	exists	index already exists
/data/data/com.termux/files/home/02.ERP-system/16.production-planning/02.crp	overview	/data/data/com.termux/files/home/02.ERP-system/16.production-planning/02.crp/010.constitution/OVERVIEW.md	/data/data/com.termux/files/home/02.ERP-system/16.production-planning/02.crp/010.constitution/OVERVIEW.md	exists	overview already exists
/data/data/com.termux/files/home/02.ERP-system/16.production-planning/02.crp	dir	/data/data/com.termux/files/home/02.ERP-system/16.production-planning/02.crp/020.architecture	/data/data/com.termux/files/home/02.ERP-system/16.production-planning/02.crp/020.architecture	exists	directory already exists
/data/data/com.termux/files/home/02.ERP-system/16.production-planning/02.crp	index	/data/data/com.termux/files/home/02.ERP-system/16.production-planning/02.crp/020.architecture/INDEX.md	/data/data/com.termux/files/home/02.ERP-system/16.production-planning/02.crp/020.architecture/INDEX.md	exists	index already exists
/data/data/com.termux/files/home/02.ERP-system/16.production-planning/02.crp	overview	/data/data/com.termux/files/home/02.ERP-system/16.production-planning/02.crp/020.architecture/OVERVIEW.md	/data/data/com.termux/files/home/02.ERP-system/16.production-planning/02.crp/020.architecture/OVERVIEW.md	exists	overview already exists
/data/data/com.termux/files/home/02.ERP-system/16.production-planning/02.crp	dir	/data/data/com.termux/files/home/02.ERP-system/16.production-planning/02.crp/030.model	/data/data/com.termux/files/home/02.ERP-system/16.production-planning/02.crp/030.model	exists	directory already exists
/data/data/com.termux/files/home/02.ERP-system/16.production-planning/02.crp	index	/data/data/com.termux/files/home/02.ERP-system/16.production-planning/02.crp/030.model/INDEX.md	/data/data/com.termux/files/home/02.ERP-system/16.production-planning/02.crp/030.model/INDEX.md	exists	index already exists
/data/data/com.termux/files/home/02.ERP-system/16.production-planning/02.crp	overview	/data/data/com.termux/files/home/02.ERP-system/16.production-planning/02.crp/030.model/OVERVIEW.md	/data/data/com.termux/files/home/02.ERP-system/16.production-planning/02.crp/030.model/OVERVIEW.md	exists	overview already exists
/data/data/com.termux/files/home/02.ERP-system/16.production-planning/02.crp	dir	/data/data/com.termux/files/home/02.ERP-system/16.production-planning/02.crp/050.flow	/data/data/com.termux/files/home/02.ERP-system/16.production-planning/02.crp/050.flow	exists	directory already exists
/data/data/com.termux/files/home/02.ERP-system/16.production-planning/02.crp	index	/data/data/com.termux/files/home/02.ERP-system/16.production-planning/02.crp/050.flow/INDEX.md	/data/data/com.termux/files/home/02.ERP-system/16.production-planning/02.crp/050.flow/INDEX.md	exists	index already exists
/data/data/com.termux/files/home/02.ERP-system/16.production-planning/02.crp	overview	/data/data/com.termux/files/home/02.ERP-system/16.production-planning/02.crp/050.flow/OVERVIEW.md	/data/data/com.termux/files/home/02.ERP-system/16.production-planning/02.crp/050.flow/OVERVIEW.md	exists	overview already exists
/data/data/com.termux/files/home/02.ERP-system/16.production-planning/02.crp	dir	/data/data/com.termux/files/home/02.ERP-system/16.production-planning/02.crp/060.integration	/data/data/com.termux/files/home/02.ERP-system/16.production-planning/02.crp/060.integration	exists	directory already exists
/data/data/com.termux/files/home/02.ERP-system/16.production-planning/02.crp	index	/data/data/com.termux/files/home/02.ERP-system/16.production-planning/02.crp/060.integration/INDEX.md	/data/data/com.termux/files/home/02.ERP-system/16.production-planning/02.crp/060.integration/INDEX.md	exists	index already exists
/data/data/com.termux/files/home/02.ERP-system/16.production-planning/02.crp	overview	/data/data/com.termux/files/home/02.ERP-system/16.production-planning/02.crp/060.integration/OVERVIEW.md	/data/data/com.termux/files/home/02.ERP-system/16.production-planning/02.crp/060.integration/OVERVIEW.md	exists	overview already exists
/data/data/com.termux/files/home/02.ERP-system/16.production-planning/02.crp	dir	/data/data/com.termux/files/home/02.ERP-system/16.production-planning/02.crp/070.operations	/data/data/com.termux/files/home/02.ERP-system/16.production-planning/02.crp/070.operations	exists	directory already exists
/data/data/com.termux/files/home/02.ERP-system/16.production-planning/02.crp	index	/data/data/com.termux/files/home/02.ERP-system/16.production-planning/02.crp/070.operations/INDEX.md	/data/data/com.termux/files/home/02.ERP-system/16.production-planning/02.crp/070.operations/INDEX.md	exists	index already exists
/data/data/com.termux/files/home/02.ERP-system/16.production-planning/02.crp	overview	/data/data/com.termux/files/home/02.ERP-system/16.production-planning/02.crp/070.operations/OVERVIEW.md	/data/data/com.termux/files/home/02.ERP-system/16.production-planning/02.crp/070.operations/OVERVIEW.md	exists	overview already exists
/data/data/com.termux/files/home/02.ERP-system/16.production-planning/02.crp	dir	/data/data/com.termux/files/home/02.ERP-system/16.production-planning/02.crp/080.policy	/data/data/com.termux/files/home/02.ERP-system/16.production-planning/02.crp/080.policy	exists	directory already exists
/data/data/com.termux/files/home/02.ERP-system/16.production-planning/02.crp	index	/data/data/com.termux/files/home/02.ERP-system/16.production-planning/02.crp/080.policy/INDEX.md	/data/data/com.termux/files/home/02.ERP-system/16.production-planning/02.crp/080.policy/INDEX.md	exists	index already exists
/data/data/com.termux/files/home/02.ERP-system/16.production-planning/02.crp	overview	/data/data/com.termux/files/home/02.ERP-system/16.production-planning/02.crp/080.policy/OVERVIEW.md	/data/data/com.termux/files/home/02.ERP-system/16.production-planning/02.crp/080.policy/OVERVIEW.md	exists	overview already exists
/data/data/com.termux/files/home/02.ERP-system/16.production-planning/02.crp	dir	/data/data/com.termux/files/home/02.ERP-system/16.production-planning/02.crp/100.security	/data/data/com.termux/files/home/02.ERP-system/16.production-planning/02.crp/100.security	exists	directory already exists
/data/data/com.termux/files/home/02.ERP-system/16.production-planning/02.crp	index	/data/data/com.termux/files/home/02.ERP-system/16.production-planning/02.crp/100.security/INDEX.md	/data/data/com.termux/files/home/02.ERP-system/16.production-planning/02.crp/100.security/INDEX.md	exists	index already exists
/data/data/com.termux/files/home/02.ERP-system/16.production-planning/02.crp	overview	/data/data/com.termux/files/home/02.ERP-system/16.production-planning/02.crp/100.security/OVERVIEW.md	/data/data/com.termux/files/home/02.ERP-system/16.production-planning/02.crp/100.security/OVERVIEW.md	exists	overview already exists
/data/data/com.termux/files/home/02.ERP-system/16.production-planning/02.crp	dir	/data/data/com.termux/files/home/02.ERP-system/16.production-planning/02.crp/110.infrastructure	/data/data/com.termux/files/home/02.ERP-system/16.production-planning/02.crp/110.infrastructure	exists	directory already exists
/data/data/com.termux/files/home/02.ERP-system/16.production-planning/02.crp	index	/data/data/com.termux/files/home/02.ERP-system/16.production-planning/02.crp/110.infrastructure/INDEX.md	/data/data/com.termux/files/home/02.ERP-system/16.production-planning/02.crp/110.infrastructure/INDEX.md	exists	index already exists
/data/data/com.termux/files/home/02.ERP-system/16.production-planning/02.crp	overview	/data/data/com.termux/files/home/02.ERP-system/16.production-planning/02.crp/110.infrastructure/OVERVIEW.md	/data/data/com.termux/files/home/02.ERP-system/16.production-planning/02.crp/110.infrastructure/OVERVIEW.md	exists	overview already exists
/data/data/com.termux/files/home/02.ERP-system/16.production-planning/02.crp	dir	/data/data/com.termux/files/home/02.ERP-system/16.production-planning/02.crp/120.implementation	/data/data/com.termux/files/home/02.ERP-system/16.production-planning/02.crp/120.implementation	exists	directory already exists
/data/data/com.termux/files/home/02.ERP-system/16.production-planning/02.crp	index	/data/data/com.termux/files/home/02.ERP-system/16.production-planning/02.crp/120.implementation/INDEX.md	/data/data/com.termux/files/home/02.ERP-system/16.production-planning/02.crp/120.implementation/INDEX.md	exists	index already exists
/data/data/com.termux/files/home/02.ERP-system/16.production-planning/02.crp	overview	/data/data/com.termux/files/home/02.ERP-system/16.production-planning/02.crp/120.implementation/OVERVIEW.md	/data/data/com.termux/files/home/02.ERP-system/16.production-planning/02.crp/120.implementation/OVERVIEW.md	exists	overview already exists
/data/data/com.termux/files/home/02.ERP-system/16.production-planning/02.crp	dir	/data/data/com.termux/files/home/02.ERP-system/16.production-planning/02.crp/130.development	/data/data/com.termux/files/home/02.ERP-system/16.production-planning/02.crp/130.development	exists	directory already exists
/data/data/com.termux/files/home/02.ERP-system/16.production-planning/02.crp	index	/data/data/com.termux/files/home/02.ERP-system/16.production-planning/02.crp/130.development/INDEX.md	/data/data/com.termux/files/home/02.ERP-system/16.production-planning/02.crp/130.development/INDEX.md	exists	index already exists
/data/data/com.termux/files/home/02.ERP-system/16.production-planning/02.crp	overview	/data/data/com.termux/files/home/02.ERP-system/16.production-planning/02.crp/130.development/OVERVIEW.md	/data/data/com.termux/files/home/02.ERP-system/16.production-planning/02.crp/130.development/OVERVIEW.md	exists	overview already exists
/data/data/com.termux/files/home/02.ERP-system/16.production-planning/02.crp	dir	/data/data/com.termux/files/home/02.ERP-system/16.production-planning/02.crp/900.meta	/data/data/com.termux/files/home/02.ERP-system/16.production-planning/02.crp/900.meta	exists	directory already exists
/data/data/com.termux/files/home/02.ERP-system/16.production-planning/02.crp	index	/data/data/com.termux/files/home/02.ERP-system/16.production-planning/02.crp/900.meta/INDEX.md	/data/data/com.termux/files/home/02.ERP-system/16.production-planning/02.crp/900.meta/INDEX.md	exists	index already exists
/data/data/com.termux/files/home/02.ERP-system/16.production-planning/02.crp	overview	/data/data/com.termux/files/home/02.ERP-system/16.production-planning/02.crp/900.meta/OVERVIEW.md	/data/data/com.termux/files/home/02.ERP-system/16.production-planning/02.crp/900.meta/OVERVIEW.md	exists	overview already exists
/data/data/com.termux/files/home/02.ERP-system/16.production-planning/02.crp	dir	/data/data/com.termux/files/home/02.ERP-system/16.production-planning/02.crp/920.meta	/data/data/com.termux/files/home/02.ERP-system/16.production-planning/02.crp/920.meta	exists	directory already exists
/data/data/com.termux/files/home/02.ERP-system/16.production-planning/02.crp	index	/data/data/com.termux/files/home/02.ERP-system/16.production-planning/02.crp/920.meta/INDEX.md	/data/data/com.termux/files/home/02.ERP-system/16.production-planning/02.crp/920.meta/INDEX.md	exists	index already exists
/data/data/com.termux/files/home/02.ERP-system/16.production-planning/02.crp	overview	/data/data/com.termux/files/home/02.ERP-system/16.production-planning/02.crp/920.meta/OVERVIEW.md	/data/data/com.termux/files/home/02.ERP-system/16.production-planning/02.crp/920.meta/OVERVIEW.md	exists	overview already exists
/data/data/com.termux/files/home/02.ERP-system/16.production-planning/03.scheduling	dir	/data/data/com.termux/files/home/02.ERP-system/16.production-planning/03.scheduling/010.constitution	/data/data/com.termux/files/home/02.ERP-system/16.production-planning/03.scheduling/010.constitution	exists	directory already exists
/data/data/com.termux/files/home/02.ERP-system/16.production-planning/03.scheduling	dir	/data/data/com.termux/files/home/02.ERP-system/16.production-planning/03.scheduling/020.architecture	/data/data/com.termux/files/home/02.ERP-system/16.production-planning/03.scheduling/020.architecture	exists	directory already exists
/data/data/com.termux/files/home/02.ERP-system/16.production-planning/03.scheduling	dir	/data/data/com.termux/files/home/02.ERP-system/16.production-planning/03.scheduling/030.model	/data/data/com.termux/files/home/02.ERP-system/16.production-planning/03.scheduling/030.model	exists	directory already exists
/data/data/com.termux/files/home/02.ERP-system/16.production-planning/03.scheduling	dir	/data/data/com.termux/files/home/02.ERP-system/16.production-planning/03.scheduling/050.flow	/data/data/com.termux/files/home/02.ERP-system/16.production-planning/03.scheduling/050.flow	exists	directory already exists
/data/data/com.termux/files/home/02.ERP-system/16.production-planning/03.scheduling	dir	/data/data/com.termux/files/home/02.ERP-system/16.production-planning/03.scheduling/060.integration	/data/data/com.termux/files/home/02.ERP-system/16.production-planning/03.scheduling/060.integration	exists	directory already exists
/data/data/com.termux/files/home/02.ERP-system/16.production-planning/03.scheduling	dir	/data/data/com.termux/files/home/02.ERP-system/16.production-planning/03.scheduling/070.operations	/data/data/com.termux/files/home/02.ERP-system/16.production-planning/03.scheduling/070.operations	exists	directory already exists
/data/data/com.termux/files/home/02.ERP-system/16.production-planning/03.scheduling	dir	/data/data/com.termux/files/home/02.ERP-system/16.production-planning/03.scheduling/080.policy	/data/data/com.termux/files/home/02.ERP-system/16.production-planning/03.scheduling/080.policy	exists	directory already exists
/data/data/com.termux/files/home/02.ERP-system/16.production-planning/03.scheduling	dir	/data/data/com.termux/files/home/02.ERP-system/16.production-planning/03.scheduling/100.security	/data/data/com.termux/files/home/02.ERP-system/16.production-planning/03.scheduling/100.security	exists	directory already exists
/data/data/com.termux/files/home/02.ERP-system/16.production-planning/03.scheduling	dir	/data/data/com.termux/files/home/02.ERP-system/16.production-planning/03.scheduling/110.infrastructure	/data/data/com.termux/files/home/02.ERP-system/16.production-planning/03.scheduling/110.infrastructure	exists	directory already exists
/data/data/com.termux/files/home/02.ERP-system/16.production-planning/03.scheduling	dir	/data/data/com.termux/files/home/02.ERP-system/16.production-planning/03.scheduling/120.implementation	/data/data/com.termux/files/home/02.ERP-system/16.production-planning/03.scheduling/120.implementation	exists	directory already exists
/data/data/com.termux/files/home/02.ERP-system/16.production-planning/03.scheduling	dir	/data/data/com.termux/files/home/02.ERP-system/16.production-planning/03.scheduling/130.development	/data/data/com.termux/files/home/02.ERP-system/16.production-planning/03.scheduling/130.development	exists	directory already exists
/data/data/com.termux/files/home/02.ERP-system/16.production-planning/03.scheduling	dir	/data/data/com.termux/files/home/02.ERP-system/16.production-planning/03.scheduling/900.meta	/data/data/com.termux/files/home/02.ERP-system/16.production-planning/03.scheduling/900.meta	exists	directory already exists
/data/data/com.termux/files/home/02.ERP-system/16.production-planning/03.scheduling	dir	/data/data/com.termux/files/home/02.ERP-system/16.production-planning/03.scheduling/920.meta	/data/data/com.termux/files/home/02.ERP-system/16.production-planning/03.scheduling/920.meta	exists	directory already exists
/data/data/com.termux/files/home/02.ERP-system/16.production-planning/03.scheduling	index	/data/data/com.termux/files/home/02.ERP-system/16.production-planning/03.scheduling/INDEX.md	/data/data/com.termux/files/home/02.ERP-system/16.production-planning/03.scheduling/INDEX.md	exists	index already exists
/data/data/com.termux/files/home/02.ERP-system/16.production-planning/03.scheduling	overview	/data/data/com.termux/files/home/02.ERP-system/16.production-planning/03.scheduling/OVERVIEW.md	/data/data/com.termux/files/home/02.ERP-system/16.production-planning/03.scheduling/OVERVIEW.md	exists	overview already exists
/data/data/com.termux/files/home/02.ERP-system/16.production-planning/03.scheduling	dir	/data/data/com.termux/files/home/02.ERP-system/16.production-planning/03.scheduling/010.constitution	/data/data/com.termux/files/home/02.ERP-system/16.production-planning/03.scheduling/010.constitution	exists	directory already exists
/data/data/com.termux/files/home/02.ERP-system/16.production-planning/03.scheduling	index	/data/data/com.termux/files/home/02.ERP-system/16.production-planning/03.scheduling/010.constitution/INDEX.md	/data/data/com.termux/files/home/02.ERP-system/16.production-planning/03.scheduling/010.constitution/INDEX.md	exists	index already exists
/data/data/com.termux/files/home/02.ERP-system/16.production-planning/03.scheduling	overview	/data/data/com.termux/files/home/02.ERP-system/16.production-planning/03.scheduling/010.constitution/OVERVIEW.md	/data/data/com.termux/files/home/02.ERP-system/16.production-planning/03.scheduling/010.constitution/OVERVIEW.md	exists	overview already exists
/data/data/com.termux/files/home/02.ERP-system/16.production-planning/03.scheduling	dir	/data/data/com.termux/files/home/02.ERP-system/16.production-planning/03.scheduling/020.architecture	/data/data/com.termux/files/home/02.ERP-system/16.production-planning/03.scheduling/020.architecture	exists	directory already exists
/data/data/com.termux/files/home/02.ERP-system/16.production-planning/03.scheduling	index	/data/data/com.termux/files/home/02.ERP-system/16.production-planning/03.scheduling/020.architecture/INDEX.md	/data/data/com.termux/files/home/02.ERP-system/16.production-planning/03.scheduling/020.architecture/INDEX.md	exists	index already exists
/data/data/com.termux/files/home/02.ERP-system/16.production-planning/03.scheduling	overview	/data/data/com.termux/files/home/02.ERP-system/16.production-planning/03.scheduling/020.architecture/OVERVIEW.md	/data/data/com.termux/files/home/02.ERP-system/16.production-planning/03.scheduling/020.architecture/OVERVIEW.md	exists	overview already exists
/data/data/com.termux/files/home/02.ERP-system/16.production-planning/03.scheduling	dir	/data/data/com.termux/files/home/02.ERP-system/16.production-planning/03.scheduling/030.model	/data/data/com.termux/files/home/02.ERP-system/16.production-planning/03.scheduling/030.model	exists	directory already exists
/data/data/com.termux/files/home/02.ERP-system/16.production-planning/03.scheduling	index	/data/data/com.termux/files/home/02.ERP-system/16.production-planning/03.scheduling/030.model/INDEX.md	/data/data/com.termux/files/home/02.ERP-system/16.production-planning/03.scheduling/030.model/INDEX.md	exists	index already exists
/data/data/com.termux/files/home/02.ERP-system/16.production-planning/03.scheduling	overview	/data/data/com.termux/files/home/02.ERP-system/16.production-planning/03.scheduling/030.model/OVERVIEW.md	/data/data/com.termux/files/home/02.ERP-system/16.production-planning/03.scheduling/030.model/OVERVIEW.md	exists	overview already exists
/data/data/com.termux/files/home/02.ERP-system/16.production-planning/03.scheduling	dir	/data/data/com.termux/files/home/02.ERP-system/16.production-planning/03.scheduling/050.flow	/data/data/com.termux/files/home/02.ERP-system/16.production-planning/03.scheduling/050.flow	exists	directory already exists
/data/data/com.termux/files/home/02.ERP-system/16.production-planning/03.scheduling	index	/data/data/com.termux/files/home/02.ERP-system/16.production-planning/03.scheduling/050.flow/INDEX.md	/data/data/com.termux/files/home/02.ERP-system/16.production-planning/03.scheduling/050.flow/INDEX.md	exists	index already exists
/data/data/com.termux/files/home/02.ERP-system/16.production-planning/03.scheduling	overview	/data/data/com.termux/files/home/02.ERP-system/16.production-planning/03.scheduling/050.flow/OVERVIEW.md	/data/data/com.termux/files/home/02.ERP-system/16.production-planning/03.scheduling/050.flow/OVERVIEW.md	exists	overview already exists
/data/data/com.termux/files/home/02.ERP-system/16.production-planning/03.scheduling	dir	/data/data/com.termux/files/home/02.ERP-system/16.production-planning/03.scheduling/060.integration	/data/data/com.termux/files/home/02.ERP-system/16.production-planning/03.scheduling/060.integration	exists	directory already exists
/data/data/com.termux/files/home/02.ERP-system/16.production-planning/03.scheduling	index	/data/data/com.termux/files/home/02.ERP-system/16.production-planning/03.scheduling/060.integration/INDEX.md	/data/data/com.termux/files/home/02.ERP-system/16.production-planning/03.scheduling/060.integration/INDEX.md	exists	index already exists
/data/data/com.termux/files/home/02.ERP-system/16.production-planning/03.scheduling	overview	/data/data/com.termux/files/home/02.ERP-system/16.production-planning/03.scheduling/060.integration/OVERVIEW.md	/data/data/com.termux/files/home/02.ERP-system/16.production-planning/03.scheduling/060.integration/OVERVIEW.md	exists	overview already exists
/data/data/com.termux/files/home/02.ERP-system/16.production-planning/03.scheduling	dir	/data/data/com.termux/files/home/02.ERP-system/16.production-planning/03.scheduling/070.operations	/data/data/com.termux/files/home/02.ERP-system/16.production-planning/03.scheduling/070.operations	exists	directory already exists
/data/data/com.termux/files/home/02.ERP-system/16.production-planning/03.scheduling	index	/data/data/com.termux/files/home/02.ERP-system/16.production-planning/03.scheduling/070.operations/INDEX.md	/data/data/com.termux/files/home/02.ERP-system/16.production-planning/03.scheduling/070.operations/INDEX.md	exists	index already exists
/data/data/com.termux/files/home/02.ERP-system/16.production-planning/03.scheduling	overview	/data/data/com.termux/files/home/02.ERP-system/16.production-planning/03.scheduling/070.operations/OVERVIEW.md	/data/data/com.termux/files/home/02.ERP-system/16.production-planning/03.scheduling/070.operations/OVERVIEW.md	exists	overview already exists
/data/data/com.termux/files/home/02.ERP-system/16.production-planning/03.scheduling	dir	/data/data/com.termux/files/home/02.ERP-system/16.production-planning/03.scheduling/080.policy	/data/data/com.termux/files/home/02.ERP-system/16.production-planning/03.scheduling/080.policy	exists	directory already exists
/data/data/com.termux/files/home/02.ERP-system/16.production-planning/03.scheduling	index	/data/data/com.termux/files/home/02.ERP-system/16.production-planning/03.scheduling/080.policy/INDEX.md	/data/data/com.termux/files/home/02.ERP-system/16.production-planning/03.scheduling/080.policy/INDEX.md	exists	index already exists
/data/data/com.termux/files/home/02.ERP-system/16.production-planning/03.scheduling	overview	/data/data/com.termux/files/home/02.ERP-system/16.production-planning/03.scheduling/080.policy/OVERVIEW.md	/data/data/com.termux/files/home/02.ERP-system/16.production-planning/03.scheduling/080.policy/OVERVIEW.md	exists	overview already exists
/data/data/com.termux/files/home/02.ERP-system/16.production-planning/03.scheduling	dir	/data/data/com.termux/files/home/02.ERP-system/16.production-planning/03.scheduling/100.security	/data/data/com.termux/files/home/02.ERP-system/16.production-planning/03.scheduling/100.security	exists	directory already exists
/data/data/com.termux/files/home/02.ERP-system/16.production-planning/03.scheduling	index	/data/data/com.termux/files/home/02.ERP-system/16.production-planning/03.scheduling/100.security/INDEX.md	/data/data/com.termux/files/home/02.ERP-system/16.production-planning/03.scheduling/100.security/INDEX.md	exists	index already exists
/data/data/com.termux/files/home/02.ERP-system/16.production-planning/03.scheduling	overview	/data/data/com.termux/files/home/02.ERP-system/16.production-planning/03.scheduling/100.security/OVERVIEW.md	/data/data/com.termux/files/home/02.ERP-system/16.production-planning/03.scheduling/100.security/OVERVIEW.md	exists	overview already exists
/data/data/com.termux/files/home/02.ERP-system/16.production-planning/03.scheduling	dir	/data/data/com.termux/files/home/02.ERP-system/16.production-planning/03.scheduling/110.infrastructure	/data/data/com.termux/files/home/02.ERP-system/16.production-planning/03.scheduling/110.infrastructure	exists	directory already exists
/data/data/com.termux/files/home/02.ERP-system/16.production-planning/03.scheduling	index	/data/data/com.termux/files/home/02.ERP-system/16.production-planning/03.scheduling/110.infrastructure/INDEX.md	/data/data/com.termux/files/home/02.ERP-system/16.production-planning/03.scheduling/110.infrastructure/INDEX.md	exists	index already exists
/data/data/com.termux/files/home/02.ERP-system/16.production-planning/03.scheduling	overview	/data/data/com.termux/files/home/02.ERP-system/16.production-planning/03.scheduling/110.infrastructure/OVERVIEW.md	/data/data/com.termux/files/home/02.ERP-system/16.production-planning/03.scheduling/110.infrastructure/OVERVIEW.md	exists	overview already exists
/data/data/com.termux/files/home/02.ERP-system/16.production-planning/03.scheduling	dir	/data/data/com.termux/files/home/02.ERP-system/16.production-planning/03.scheduling/120.implementation	/data/data/com.termux/files/home/02.ERP-system/16.production-planning/03.scheduling/120.implementation	exists	directory already exists
/data/data/com.termux/files/home/02.ERP-system/16.production-planning/03.scheduling	index	/data/data/com.termux/files/home/02.ERP-system/16.production-planning/03.scheduling/120.implementation/INDEX.md	/data/data/com.termux/files/home/02.ERP-system/16.production-planning/03.scheduling/120.implementation/INDEX.md	exists	index already exists
/data/data/com.termux/files/home/02.ERP-system/16.production-planning/03.scheduling	overview	/data/data/com.termux/files/home/02.ERP-system/16.production-planning/03.scheduling/120.implementation/OVERVIEW.md	/data/data/com.termux/files/home/02.ERP-system/16.production-planning/03.scheduling/120.implementation/OVERVIEW.md	exists	overview already exists
/data/data/com.termux/files/home/02.ERP-system/16.production-planning/03.scheduling	dir	/data/data/com.termux/files/home/02.ERP-system/16.production-planning/03.scheduling/130.development	/data/data/com.termux/files/home/02.ERP-system/16.production-planning/03.scheduling/130.development	exists	directory already exists
/data/data/com.termux/files/home/02.ERP-system/16.production-planning/03.scheduling	index	/data/data/com.termux/files/home/02.ERP-system/16.production-planning/03.scheduling/130.development/INDEX.md	/data/data/com.termux/files/home/02.ERP-system/16.production-planning/03.scheduling/130.development/INDEX.md	exists	index already exists
/data/data/com.termux/files/home/02.ERP-system/16.production-planning/03.scheduling	overview	/data/data/com.termux/files/home/02.ERP-system/16.production-planning/03.scheduling/130.development/OVERVIEW.md	/data/data/com.termux/files/home/02.ERP-system/16.production-planning/03.scheduling/130.development/OVERVIEW.md	exists	overview already exists
/data/data/com.termux/files/home/02.ERP-system/16.production-planning/03.scheduling	dir	/data/data/com.termux/files/home/02.ERP-system/16.production-planning/03.scheduling/900.meta	/data/data/com.termux/files/home/02.ERP-system/16.production-planning/03.scheduling/900.meta	exists	directory already exists
/data/data/com.termux/files/home/02.ERP-system/16.production-planning/03.scheduling	index	/data/data/com.termux/files/home/02.ERP-system/16.production-planning/03.scheduling/900.meta/INDEX.md	/data/data/com.termux/files/home/02.ERP-system/16.production-planning/03.scheduling/900.meta/INDEX.md	exists	index already exists
/data/data/com.termux/files/home/02.ERP-system/16.production-planning/03.scheduling	overview	/data/data/com.termux/files/home/02.ERP-system/16.production-planning/03.scheduling/900.meta/OVERVIEW.md	/data/data/com.termux/files/home/02.ERP-system/16.production-planning/03.scheduling/900.meta/OVERVIEW.md	exists	overview already exists
/data/data/com.termux/files/home/02.ERP-system/16.production-planning/03.scheduling	dir	/data/data/com.termux/files/home/02.ERP-system/16.production-planning/03.scheduling/920.meta	/data/data/com.termux/files/home/02.ERP-system/16.production-planning/03.scheduling/920.meta	exists	directory already exists
/data/data/com.termux/files/home/02.ERP-system/16.production-planning/03.scheduling	index	/data/data/com.termux/files/home/02.ERP-system/16.production-planning/03.scheduling/920.meta/INDEX.md	/data/data/com.termux/files/home/02.ERP-system/16.production-planning/03.scheduling/920.meta/INDEX.md	exists	index already exists
/data/data/com.termux/files/home/02.ERP-system/16.production-planning/03.scheduling	overview	/data/data/com.termux/files/home/02.ERP-system/16.production-planning/03.scheduling/920.meta/OVERVIEW.md	/data/data/com.termux/files/home/02.ERP-system/16.production-planning/03.scheduling/920.meta/OVERVIEW.md	exists	overview already exists
/data/data/com.termux/files/home/02.ERP-system/17.quality	dir	/data/data/com.termux/files/home/02.ERP-system/17.quality/010.constitution	/data/data/com.termux/files/home/02.ERP-system/17.quality/010.constitution	exists	directory already exists
/data/data/com.termux/files/home/02.ERP-system/17.quality	dir	/data/data/com.termux/files/home/02.ERP-system/17.quality/020.architecture	/data/data/com.termux/files/home/02.ERP-system/17.quality/020.architecture	exists	directory already exists
/data/data/com.termux/files/home/02.ERP-system/17.quality	dir	/data/data/com.termux/files/home/02.ERP-system/17.quality/030.model	/data/data/com.termux/files/home/02.ERP-system/17.quality/030.model	exists	directory already exists
/data/data/com.termux/files/home/02.ERP-system/17.quality	dir	/data/data/com.termux/files/home/02.ERP-system/17.quality/050.flow	/data/data/com.termux/files/home/02.ERP-system/17.quality/050.flow	exists	directory already exists
/data/data/com.termux/files/home/02.ERP-system/17.quality	dir	/data/data/com.termux/files/home/02.ERP-system/17.quality/060.integration	/data/data/com.termux/files/home/02.ERP-system/17.quality/060.integration	exists	directory already exists
/data/data/com.termux/files/home/02.ERP-system/17.quality	dir	/data/data/com.termux/files/home/02.ERP-system/17.quality/070.operations	/data/data/com.termux/files/home/02.ERP-system/17.quality/070.operations	exists	directory already exists
/data/data/com.termux/files/home/02.ERP-system/17.quality	dir	/data/data/com.termux/files/home/02.ERP-system/17.quality/080.policy	/data/data/com.termux/files/home/02.ERP-system/17.quality/080.policy	exists	directory already exists
/data/data/com.termux/files/home/02.ERP-system/17.quality	dir	/data/data/com.termux/files/home/02.ERP-system/17.quality/100.security	/data/data/com.termux/files/home/02.ERP-system/17.quality/100.security	exists	directory already exists
/data/data/com.termux/files/home/02.ERP-system/17.quality	dir	/data/data/com.termux/files/home/02.ERP-system/17.quality/110.infrastructure	/data/data/com.termux/files/home/02.ERP-system/17.quality/110.infrastructure	exists	directory already exists
/data/data/com.termux/files/home/02.ERP-system/17.quality	dir	/data/data/com.termux/files/home/02.ERP-system/17.quality/120.implementation	/data/data/com.termux/files/home/02.ERP-system/17.quality/120.implementation	exists	directory already exists
/data/data/com.termux/files/home/02.ERP-system/17.quality	dir	/data/data/com.termux/files/home/02.ERP-system/17.quality/130.development	/data/data/com.termux/files/home/02.ERP-system/17.quality/130.development	exists	directory already exists
/data/data/com.termux/files/home/02.ERP-system/17.quality	dir	/data/data/com.termux/files/home/02.ERP-system/17.quality/900.meta	/data/data/com.termux/files/home/02.ERP-system/17.quality/900.meta	exists	directory already exists
/data/data/com.termux/files/home/02.ERP-system/17.quality	dir	/data/data/com.termux/files/home/02.ERP-system/17.quality/920.meta	/data/data/com.termux/files/home/02.ERP-system/17.quality/920.meta	exists	directory already exists
/data/data/com.termux/files/home/02.ERP-system/17.quality	index	/data/data/com.termux/files/home/02.ERP-system/17.quality/INDEX.md	/data/data/com.termux/files/home/02.ERP-system/17.quality/INDEX.md	exists	index already exists
/data/data/com.termux/files/home/02.ERP-system/17.quality	overview	/data/data/com.termux/files/home/02.ERP-system/17.quality/OVERVIEW.md	/data/data/com.termux/files/home/02.ERP-system/17.quality/OVERVIEW.md	exists	overview already exists
/data/data/com.termux/files/home/02.ERP-system/17.quality	dir	/data/data/com.termux/files/home/02.ERP-system/17.quality/010.constitution	/data/data/com.termux/files/home/02.ERP-system/17.quality/010.constitution	exists	directory already exists
/data/data/com.termux/files/home/02.ERP-system/17.quality	index	/data/data/com.termux/files/home/02.ERP-system/17.quality/010.constitution/INDEX.md	/data/data/com.termux/files/home/02.ERP-system/17.quality/010.constitution/INDEX.md	exists	index already exists
/data/data/com.termux/files/home/02.ERP-system/17.quality	overview	/data/data/com.termux/files/home/02.ERP-system/17.quality/010.constitution/OVERVIEW.md	/data/data/com.termux/files/home/02.ERP-system/17.quality/010.constitution/OVERVIEW.md	exists	overview already exists
/data/data/com.termux/files/home/02.ERP-system/17.quality	dir	/data/data/com.termux/files/home/02.ERP-system/17.quality/020.architecture	/data/data/com.termux/files/home/02.ERP-system/17.quality/020.architecture	exists	directory already exists
/data/data/com.termux/files/home/02.ERP-system/17.quality	index	/data/data/com.termux/files/home/02.ERP-system/17.quality/020.architecture/INDEX.md	/data/data/com.termux/files/home/02.ERP-system/17.quality/020.architecture/INDEX.md	exists	index already exists
/data/data/com.termux/files/home/02.ERP-system/17.quality	overview	/data/data/com.termux/files/home/02.ERP-system/17.quality/020.architecture/OVERVIEW.md	/data/data/com.termux/files/home/02.ERP-system/17.quality/020.architecture/OVERVIEW.md	exists	overview already exists
/data/data/com.termux/files/home/02.ERP-system/17.quality	dir	/data/data/com.termux/files/home/02.ERP-system/17.quality/030.model	/data/data/com.termux/files/home/02.ERP-system/17.quality/030.model	exists	directory already exists
/data/data/com.termux/files/home/02.ERP-system/17.quality	index	/data/data/com.termux/files/home/02.ERP-system/17.quality/030.model/INDEX.md	/data/data/com.termux/files/home/02.ERP-system/17.quality/030.model/INDEX.md	exists	index already exists
/data/data/com.termux/files/home/02.ERP-system/17.quality	overview	/data/data/com.termux/files/home/02.ERP-system/17.quality/030.model/OVERVIEW.md	/data/data/com.termux/files/home/02.ERP-system/17.quality/030.model/OVERVIEW.md	exists	overview already exists
/data/data/com.termux/files/home/02.ERP-system/17.quality	dir	/data/data/com.termux/files/home/02.ERP-system/17.quality/050.flow	/data/data/com.termux/files/home/02.ERP-system/17.quality/050.flow	exists	directory already exists
/data/data/com.termux/files/home/02.ERP-system/17.quality	index	/data/data/com.termux/files/home/02.ERP-system/17.quality/050.flow/INDEX.md	/data/data/com.termux/files/home/02.ERP-system/17.quality/050.flow/INDEX.md	exists	index already exists
/data/data/com.termux/files/home/02.ERP-system/17.quality	overview	/data/data/com.termux/files/home/02.ERP-system/17.quality/050.flow/OVERVIEW.md	/data/data/com.termux/files/home/02.ERP-system/17.quality/050.flow/OVERVIEW.md	exists	overview already exists
/data/data/com.termux/files/home/02.ERP-system/17.quality	dir	/data/data/com.termux/files/home/02.ERP-system/17.quality/060.integration	/data/data/com.termux/files/home/02.ERP-system/17.quality/060.integration	exists	directory already exists
/data/data/com.termux/files/home/02.ERP-system/17.quality	index	/data/data/com.termux/files/home/02.ERP-system/17.quality/060.integration/INDEX.md	/data/data/com.termux/files/home/02.ERP-system/17.quality/060.integration/INDEX.md	exists	index already exists
/data/data/com.termux/files/home/02.ERP-system/17.quality	overview	/data/data/com.termux/files/home/02.ERP-system/17.quality/060.integration/OVERVIEW.md	/data/data/com.termux/files/home/02.ERP-system/17.quality/060.integration/OVERVIEW.md	exists	overview already exists
/data/data/com.termux/files/home/02.ERP-system/17.quality	dir	/data/data/com.termux/files/home/02.ERP-system/17.quality/070.operations	/data/data/com.termux/files/home/02.ERP-system/17.quality/070.operations	exists	directory already exists
/data/data/com.termux/files/home/02.ERP-system/17.quality	index	/data/data/com.termux/files/home/02.ERP-system/17.quality/070.operations/INDEX.md	/data/data/com.termux/files/home/02.ERP-system/17.quality/070.operations/INDEX.md	exists	index already exists
/data/data/com.termux/files/home/02.ERP-system/17.quality	overview	/data/data/com.termux/files/home/02.ERP-system/17.quality/070.operations/OVERVIEW.md	/data/data/com.termux/files/home/02.ERP-system/17.quality/070.operations/OVERVIEW.md	exists	overview already exists
/data/data/com.termux/files/home/02.ERP-system/17.quality	dir	/data/data/com.termux/files/home/02.ERP-system/17.quality/080.policy	/data/data/com.termux/files/home/02.ERP-system/17.quality/080.policy	exists	directory already exists
/data/data/com.termux/files/home/02.ERP-system/17.quality	index	/data/data/com.termux/files/home/02.ERP-system/17.quality/080.policy/INDEX.md	/data/data/com.termux/files/home/02.ERP-system/17.quality/080.policy/INDEX.md	exists	index already exists
/data/data/com.termux/files/home/02.ERP-system/17.quality	overview	/data/data/com.termux/files/home/02.ERP-system/17.quality/080.policy/OVERVIEW.md	/data/data/com.termux/files/home/02.ERP-system/17.quality/080.policy/OVERVIEW.md	exists	overview already exists
/data/data/com.termux/files/home/02.ERP-system/17.quality	dir	/data/data/com.termux/files/home/02.ERP-system/17.quality/100.security	/data/data/com.termux/files/home/02.ERP-system/17.quality/100.security	exists	directory already exists
/data/data/com.termux/files/home/02.ERP-system/17.quality	index	/data/data/com.termux/files/home/02.ERP-system/17.quality/100.security/INDEX.md	/data/data/com.termux/files/home/02.ERP-system/17.quality/100.security/INDEX.md	exists	index already exists
/data/data/com.termux/files/home/02.ERP-system/17.quality	overview	/data/data/com.termux/files/home/02.ERP-system/17.quality/100.security/OVERVIEW.md	/data/data/com.termux/files/home/02.ERP-system/17.quality/100.security/OVERVIEW.md	exists	overview already exists
/data/data/com.termux/files/home/02.ERP-system/17.quality	dir	/data/data/com.termux/files/home/02.ERP-system/17.quality/110.infrastructure	/data/data/com.termux/files/home/02.ERP-system/17.quality/110.infrastructure	exists	directory already exists
/data/data/com.termux/files/home/02.ERP-system/17.quality	index	/data/data/com.termux/files/home/02.ERP-system/17.quality/110.infrastructure/INDEX.md	/data/data/com.termux/files/home/02.ERP-system/17.quality/110.infrastructure/INDEX.md	exists	index already exists
/data/data/com.termux/files/home/02.ERP-system/17.quality	overview	/data/data/com.termux/files/home/02.ERP-system/17.quality/110.infrastructure/OVERVIEW.md	/data/data/com.termux/files/home/02.ERP-system/17.quality/110.infrastructure/OVERVIEW.md	exists	overview already exists
/data/data/com.termux/files/home/02.ERP-system/17.quality	dir	/data/data/com.termux/files/home/02.ERP-system/17.quality/120.implementation	/data/data/com.termux/files/home/02.ERP-system/17.quality/120.implementation	exists	directory already exists
/data/data/com.termux/files/home/02.ERP-system/17.quality	index	/data/data/com.termux/files/home/02.ERP-system/17.quality/120.implementation/INDEX.md	/data/data/com.termux/files/home/02.ERP-system/17.quality/120.implementation/INDEX.md	exists	index already exists
/data/data/com.termux/files/home/02.ERP-system/17.quality	overview	/data/data/com.termux/files/home/02.ERP-system/17.quality/120.implementation/OVERVIEW.md	/data/data/com.termux/files/home/02.ERP-system/17.quality/120.implementation/OVERVIEW.md	exists	overview already exists
/data/data/com.termux/files/home/02.ERP-system/17.quality	dir	/data/data/com.termux/files/home/02.ERP-system/17.quality/130.development	/data/data/com.termux/files/home/02.ERP-system/17.quality/130.development	exists	directory already exists
/data/data/com.termux/files/home/02.ERP-system/17.quality	index	/data/data/com.termux/files/home/02.ERP-system/17.quality/130.development/INDEX.md	/data/data/com.termux/files/home/02.ERP-system/17.quality/130.development/INDEX.md	exists	index already exists
/data/data/com.termux/files/home/02.ERP-system/17.quality	overview	/data/data/com.termux/files/home/02.ERP-system/17.quality/130.development/OVERVIEW.md	/data/data/com.termux/files/home/02.ERP-system/17.quality/130.development/OVERVIEW.md	exists	overview already exists
/data/data/com.termux/files/home/02.ERP-system/17.quality	dir	/data/data/com.termux/files/home/02.ERP-system/17.quality/900.meta	/data/data/com.termux/files/home/02.ERP-system/17.quality/900.meta	exists	directory already exists
/data/data/com.termux/files/home/02.ERP-system/17.quality	index	/data/data/com.termux/files/home/02.ERP-system/17.quality/900.meta/INDEX.md	/data/data/com.termux/files/home/02.ERP-system/17.quality/900.meta/INDEX.md	exists	index already exists
/data/data/com.termux/files/home/02.ERP-system/17.quality	overview	/data/data/com.termux/files/home/02.ERP-system/17.quality/900.meta/OVERVIEW.md	/data/data/com.termux/files/home/02.ERP-system/17.quality/900.meta/OVERVIEW.md	exists	overview already exists
/data/data/com.termux/files/home/02.ERP-system/17.quality	dir	/data/data/com.termux/files/home/02.ERP-system/17.quality/920.meta	/data/data/com.termux/files/home/02.ERP-system/17.quality/920.meta	exists	directory already exists
/data/data/com.termux/files/home/02.ERP-system/17.quality	index	/data/data/com.termux/files/home/02.ERP-system/17.quality/920.meta/INDEX.md	/data/data/com.termux/files/home/02.ERP-system/17.quality/920.meta/INDEX.md	exists	index already exists
/data/data/com.termux/files/home/02.ERP-system/17.quality	overview	/data/data/com.termux/files/home/02.ERP-system/17.quality/920.meta/OVERVIEW.md	/data/data/com.termux/files/home/02.ERP-system/17.quality/920.meta/OVERVIEW.md	exists	overview already exists
/data/data/com.termux/files/home/02.ERP-system/18.costing	dir	/data/data/com.termux/files/home/02.ERP-system/18.costing/010.constitution	/data/data/com.termux/files/home/02.ERP-system/18.costing/010.constitution	exists	directory already exists
/data/data/com.termux/files/home/02.ERP-system/18.costing	dir	/data/data/com.termux/files/home/02.ERP-system/18.costing/020.architecture	/data/data/com.termux/files/home/02.ERP-system/18.costing/020.architecture	exists	directory already exists
/data/data/com.termux/files/home/02.ERP-system/18.costing	dir	/data/data/com.termux/files/home/02.ERP-system/18.costing/030.model	/data/data/com.termux/files/home/02.ERP-system/18.costing/030.model	exists	directory already exists
/data/data/com.termux/files/home/02.ERP-system/18.costing	dir	/data/data/com.termux/files/home/02.ERP-system/18.costing/050.flow	/data/data/com.termux/files/home/02.ERP-system/18.costing/050.flow	exists	directory already exists
/data/data/com.termux/files/home/02.ERP-system/18.costing	dir	/data/data/com.termux/files/home/02.ERP-system/18.costing/060.integration	/data/data/com.termux/files/home/02.ERP-system/18.costing/060.integration	exists	directory already exists
/data/data/com.termux/files/home/02.ERP-system/18.costing	dir	/data/data/com.termux/files/home/02.ERP-system/18.costing/070.operations	/data/data/com.termux/files/home/02.ERP-system/18.costing/070.operations	exists	directory already exists
/data/data/com.termux/files/home/02.ERP-system/18.costing	dir	/data/data/com.termux/files/home/02.ERP-system/18.costing/080.policy	/data/data/com.termux/files/home/02.ERP-system/18.costing/080.policy	exists	directory already exists
/data/data/com.termux/files/home/02.ERP-system/18.costing	dir	/data/data/com.termux/files/home/02.ERP-system/18.costing/100.security	/data/data/com.termux/files/home/02.ERP-system/18.costing/100.security	exists	directory already exists
/data/data/com.termux/files/home/02.ERP-system/18.costing	dir	/data/data/com.termux/files/home/02.ERP-system/18.costing/110.infrastructure	/data/data/com.termux/files/home/02.ERP-system/18.costing/110.infrastructure	exists	directory already exists
/data/data/com.termux/files/home/02.ERP-system/18.costing	dir	/data/data/com.termux/files/home/02.ERP-system/18.costing/120.implementation	/data/data/com.termux/files/home/02.ERP-system/18.costing/120.implementation	exists	directory already exists
/data/data/com.termux/files/home/02.ERP-system/18.costing	dir	/data/data/com.termux/files/home/02.ERP-system/18.costing/130.development	/data/data/com.termux/files/home/02.ERP-system/18.costing/130.development	exists	directory already exists
/data/data/com.termux/files/home/02.ERP-system/18.costing	dir	/data/data/com.termux/files/home/02.ERP-system/18.costing/900.meta	/data/data/com.termux/files/home/02.ERP-system/18.costing/900.meta	exists	directory already exists
/data/data/com.termux/files/home/02.ERP-system/18.costing	dir	/data/data/com.termux/files/home/02.ERP-system/18.costing/920.meta	/data/data/com.termux/files/home/02.ERP-system/18.costing/920.meta	exists	directory already exists
/data/data/com.termux/files/home/02.ERP-system/18.costing	index	/data/data/com.termux/files/home/02.ERP-system/18.costing/INDEX.md	/data/data/com.termux/files/home/02.ERP-system/18.costing/INDEX.md	exists	index already exists
/data/data/com.termux/files/home/02.ERP-system/18.costing	overview	/data/data/com.termux/files/home/02.ERP-system/18.costing/OVERVIEW.md	/data/data/com.termux/files/home/02.ERP-system/18.costing/OVERVIEW.md	exists	overview already exists
/data/data/com.termux/files/home/02.ERP-system/18.costing	dir	/data/data/com.termux/files/home/02.ERP-system/18.costing/010.constitution	/data/data/com.termux/files/home/02.ERP-system/18.costing/010.constitution	exists	directory already exists
/data/data/com.termux/files/home/02.ERP-system/18.costing	index	/data/data/com.termux/files/home/02.ERP-system/18.costing/010.constitution/INDEX.md	/data/data/com.termux/files/home/02.ERP-system/18.costing/010.constitution/INDEX.md	exists	index already exists
/data/data/com.termux/files/home/02.ERP-system/18.costing	overview	/data/data/com.termux/files/home/02.ERP-system/18.costing/010.constitution/OVERVIEW.md	/data/data/com.termux/files/home/02.ERP-system/18.costing/010.constitution/OVERVIEW.md	exists	overview already exists
/data/data/com.termux/files/home/02.ERP-system/18.costing	dir	/data/data/com.termux/files/home/02.ERP-system/18.costing/020.architecture	/data/data/com.termux/files/home/02.ERP-system/18.costing/020.architecture	exists	directory already exists
/data/data/com.termux/files/home/02.ERP-system/18.costing	index	/data/data/com.termux/files/home/02.ERP-system/18.costing/020.architecture/INDEX.md	/data/data/com.termux/files/home/02.ERP-system/18.costing/020.architecture/INDEX.md	exists	index already exists
/data/data/com.termux/files/home/02.ERP-system/18.costing	overview	/data/data/com.termux/files/home/02.ERP-system/18.costing/020.architecture/OVERVIEW.md	/data/data/com.termux/files/home/02.ERP-system/18.costing/020.architecture/OVERVIEW.md	exists	overview already exists
/data/data/com.termux/files/home/02.ERP-system/18.costing	dir	/data/data/com.termux/files/home/02.ERP-system/18.costing/030.model	/data/data/com.termux/files/home/02.ERP-system/18.costing/030.model	exists	directory already exists
/data/data/com.termux/files/home/02.ERP-system/18.costing	index	/data/data/com.termux/files/home/02.ERP-system/18.costing/030.model/INDEX.md	/data/data/com.termux/files/home/02.ERP-system/18.costing/030.model/INDEX.md	exists	index already exists
/data/data/com.termux/files/home/02.ERP-system/18.costing	overview	/data/data/com.termux/files/home/02.ERP-system/18.costing/030.model/OVERVIEW.md	/data/data/com.termux/files/home/02.ERP-system/18.costing/030.model/OVERVIEW.md	exists	overview already exists
/data/data/com.termux/files/home/02.ERP-system/18.costing	dir	/data/data/com.termux/files/home/02.ERP-system/18.costing/050.flow	/data/data/com.termux/files/home/02.ERP-system/18.costing/050.flow	exists	directory already exists
/data/data/com.termux/files/home/02.ERP-system/18.costing	index	/data/data/com.termux/files/home/02.ERP-system/18.costing/050.flow/INDEX.md	/data/data/com.termux/files/home/02.ERP-system/18.costing/050.flow/INDEX.md	exists	index already exists
/data/data/com.termux/files/home/02.ERP-system/18.costing	overview	/data/data/com.termux/files/home/02.ERP-system/18.costing/050.flow/OVERVIEW.md	/data/data/com.termux/files/home/02.ERP-system/18.costing/050.flow/OVERVIEW.md	exists	overview already exists
/data/data/com.termux/files/home/02.ERP-system/18.costing	dir	/data/data/com.termux/files/home/02.ERP-system/18.costing/060.integration	/data/data/com.termux/files/home/02.ERP-system/18.costing/060.integration	exists	directory already exists
/data/data/com.termux/files/home/02.ERP-system/18.costing	index	/data/data/com.termux/files/home/02.ERP-system/18.costing/060.integration/INDEX.md	/data/data/com.termux/files/home/02.ERP-system/18.costing/060.integration/INDEX.md	exists	index already exists
/data/data/com.termux/files/home/02.ERP-system/18.costing	overview	/data/data/com.termux/files/home/02.ERP-system/18.costing/060.integration/OVERVIEW.md	/data/data/com.termux/files/home/02.ERP-system/18.costing/060.integration/OVERVIEW.md	exists	overview already exists
/data/data/com.termux/files/home/02.ERP-system/18.costing	dir	/data/data/com.termux/files/home/02.ERP-system/18.costing/070.operations	/data/data/com.termux/files/home/02.ERP-system/18.costing/070.operations	exists	directory already exists
/data/data/com.termux/files/home/02.ERP-system/18.costing	index	/data/data/com.termux/files/home/02.ERP-system/18.costing/070.operations/INDEX.md	/data/data/com.termux/files/home/02.ERP-system/18.costing/070.operations/INDEX.md	exists	index already exists
/data/data/com.termux/files/home/02.ERP-system/18.costing	overview	/data/data/com.termux/files/home/02.ERP-system/18.costing/070.operations/OVERVIEW.md	/data/data/com.termux/files/home/02.ERP-system/18.costing/070.operations/OVERVIEW.md	exists	overview already exists
/data/data/com.termux/files/home/02.ERP-system/18.costing	dir	/data/data/com.termux/files/home/02.ERP-system/18.costing/080.policy	/data/data/com.termux/files/home/02.ERP-system/18.costing/080.policy	exists	directory already exists
/data/data/com.termux/files/home/02.ERP-system/18.costing	index	/data/data/com.termux/files/home/02.ERP-system/18.costing/080.policy/INDEX.md	/data/data/com.termux/files/home/02.ERP-system/18.costing/080.policy/INDEX.md	exists	index already exists
/data/data/com.termux/files/home/02.ERP-system/18.costing	overview	/data/data/com.termux/files/home/02.ERP-system/18.costing/080.policy/OVERVIEW.md	/data/data/com.termux/files/home/02.ERP-system/18.costing/080.policy/OVERVIEW.md	exists	overview already exists
/data/data/com.termux/files/home/02.ERP-system/18.costing	dir	/data/data/com.termux/files/home/02.ERP-system/18.costing/100.security	/data/data/com.termux/files/home/02.ERP-system/18.costing/100.security	exists	directory already exists
/data/data/com.termux/files/home/02.ERP-system/18.costing	index	/data/data/com.termux/files/home/02.ERP-system/18.costing/100.security/INDEX.md	/data/data/com.termux/files/home/02.ERP-system/18.costing/100.security/INDEX.md	exists	index already exists
/data/data/com.termux/files/home/02.ERP-system/18.costing	overview	/data/data/com.termux/files/home/02.ERP-system/18.costing/100.security/OVERVIEW.md	/data/data/com.termux/files/home/02.ERP-system/18.costing/100.security/OVERVIEW.md	exists	overview already exists
/data/data/com.termux/files/home/02.ERP-system/18.costing	dir	/data/data/com.termux/files/home/02.ERP-system/18.costing/110.infrastructure	/data/data/com.termux/files/home/02.ERP-system/18.costing/110.infrastructure	exists	directory already exists
/data/data/com.termux/files/home/02.ERP-system/18.costing	index	/data/data/com.termux/files/home/02.ERP-system/18.costing/110.infrastructure/INDEX.md	/data/data/com.termux/files/home/02.ERP-system/18.costing/110.infrastructure/INDEX.md	exists	index already exists
/data/data/com.termux/files/home/02.ERP-system/18.costing	overview	/data/data/com.termux/files/home/02.ERP-system/18.costing/110.infrastructure/OVERVIEW.md	/data/data/com.termux/files/home/02.ERP-system/18.costing/110.infrastructure/OVERVIEW.md	exists	overview already exists
/data/data/com.termux/files/home/02.ERP-system/18.costing	dir	/data/data/com.termux/files/home/02.ERP-system/18.costing/120.implementation	/data/data/com.termux/files/home/02.ERP-system/18.costing/120.implementation	exists	directory already exists
/data/data/com.termux/files/home/02.ERP-system/18.costing	index	/data/data/com.termux/files/home/02.ERP-system/18.costing/120.implementation/INDEX.md	/data/data/com.termux/files/home/02.ERP-system/18.costing/120.implementation/INDEX.md	exists	index already exists
/data/data/com.termux/files/home/02.ERP-system/18.costing	overview	/data/data/com.termux/files/home/02.ERP-system/18.costing/120.implementation/OVERVIEW.md	/data/data/com.termux/files/home/02.ERP-system/18.costing/120.implementation/OVERVIEW.md	exists	overview already exists
/data/data/com.termux/files/home/02.ERP-system/18.costing	dir	/data/data/com.termux/files/home/02.ERP-system/18.costing/130.development	/data/data/com.termux/files/home/02.ERP-system/18.costing/130.development	exists	directory already exists
/data/data/com.termux/files/home/02.ERP-system/18.costing	index	/data/data/com.termux/files/home/02.ERP-system/18.costing/130.development/INDEX.md	/data/data/com.termux/files/home/02.ERP-system/18.costing/130.development/INDEX.md	exists	index already exists
/data/data/com.termux/files/home/02.ERP-system/18.costing	overview	/data/data/com.termux/files/home/02.ERP-system/18.costing/130.development/OVERVIEW.md	/data/data/com.termux/files/home/02.ERP-system/18.costing/130.development/OVERVIEW.md	exists	overview already exists
/data/data/com.termux/files/home/02.ERP-system/18.costing	dir	/data/data/com.termux/files/home/02.ERP-system/18.costing/900.meta	/data/data/com.termux/files/home/02.ERP-system/18.costing/900.meta	exists	directory already exists
/data/data/com.termux/files/home/02.ERP-system/18.costing	index	/data/data/com.termux/files/home/02.ERP-system/18.costing/900.meta/INDEX.md	/data/data/com.termux/files/home/02.ERP-system/18.costing/900.meta/INDEX.md	exists	index already exists
/data/data/com.termux/files/home/02.ERP-system/18.costing	overview	/data/data/com.termux/files/home/02.ERP-system/18.costing/900.meta/OVERVIEW.md	/data/data/com.termux/files/home/02.ERP-system/18.costing/900.meta/OVERVIEW.md	exists	overview already exists
/data/data/com.termux/files/home/02.ERP-system/18.costing	dir	/data/data/com.termux/files/home/02.ERP-system/18.costing/920.meta	/data/data/com.termux/files/home/02.ERP-system/18.costing/920.meta	exists	directory already exists
/data/data/com.termux/files/home/02.ERP-system/18.costing	index	/data/data/com.termux/files/home/02.ERP-system/18.costing/920.meta/INDEX.md	/data/data/com.termux/files/home/02.ERP-system/18.costing/920.meta/INDEX.md	exists	index already exists
/data/data/com.termux/files/home/02.ERP-system/18.costing	overview	/data/data/com.termux/files/home/02.ERP-system/18.costing/920.meta/OVERVIEW.md	/data/data/com.termux/files/home/02.ERP-system/18.costing/920.meta/OVERVIEW.md	exists	overview already exists
/data/data/com.termux/files/home/02.ERP-system/19.asset-management	dir	/data/data/com.termux/files/home/02.ERP-system/19.asset-management/010.constitution	/data/data/com.termux/files/home/02.ERP-system/19.asset-management/010.constitution	exists	directory already exists
/data/data/com.termux/files/home/02.ERP-system/19.asset-management	dir	/data/data/com.termux/files/home/02.ERP-system/19.asset-management/020.architecture	/data/data/com.termux/files/home/02.ERP-system/19.asset-management/020.architecture	exists	directory already exists
/data/data/com.termux/files/home/02.ERP-system/19.asset-management	dir	/data/data/com.termux/files/home/02.ERP-system/19.asset-management/030.model	/data/data/com.termux/files/home/02.ERP-system/19.asset-management/030.model	exists	directory already exists
/data/data/com.termux/files/home/02.ERP-system/19.asset-management	dir	/data/data/com.termux/files/home/02.ERP-system/19.asset-management/050.flow	/data/data/com.termux/files/home/02.ERP-system/19.asset-management/050.flow	exists	directory already exists
/data/data/com.termux/files/home/02.ERP-system/19.asset-management	dir	/data/data/com.termux/files/home/02.ERP-system/19.asset-management/060.integration	/data/data/com.termux/files/home/02.ERP-system/19.asset-management/060.integration	exists	directory already exists
/data/data/com.termux/files/home/02.ERP-system/19.asset-management	dir	/data/data/com.termux/files/home/02.ERP-system/19.asset-management/070.operations	/data/data/com.termux/files/home/02.ERP-system/19.asset-management/070.operations	exists	directory already exists
/data/data/com.termux/files/home/02.ERP-system/19.asset-management	dir	/data/data/com.termux/files/home/02.ERP-system/19.asset-management/080.policy	/data/data/com.termux/files/home/02.ERP-system/19.asset-management/080.policy	exists	directory already exists
/data/data/com.termux/files/home/02.ERP-system/19.asset-management	dir	/data/data/com.termux/files/home/02.ERP-system/19.asset-management/100.security	/data/data/com.termux/files/home/02.ERP-system/19.asset-management/100.security	exists	directory already exists
/data/data/com.termux/files/home/02.ERP-system/19.asset-management	dir	/data/data/com.termux/files/home/02.ERP-system/19.asset-management/110.infrastructure	/data/data/com.termux/files/home/02.ERP-system/19.asset-management/110.infrastructure	exists	directory already exists
/data/data/com.termux/files/home/02.ERP-system/19.asset-management	dir	/data/data/com.termux/files/home/02.ERP-system/19.asset-management/120.implementation	/data/data/com.termux/files/home/02.ERP-system/19.asset-management/120.implementation	exists	directory already exists
/data/data/com.termux/files/home/02.ERP-system/19.asset-management	dir	/data/data/com.termux/files/home/02.ERP-system/19.asset-management/130.development	/data/data/com.termux/files/home/02.ERP-system/19.asset-management/130.development	exists	directory already exists
/data/data/com.termux/files/home/02.ERP-system/19.asset-management	dir	/data/data/com.termux/files/home/02.ERP-system/19.asset-management/900.meta	/data/data/com.termux/files/home/02.ERP-system/19.asset-management/900.meta	exists	directory already exists
/data/data/com.termux/files/home/02.ERP-system/19.asset-management	dir	/data/data/com.termux/files/home/02.ERP-system/19.asset-management/920.meta	/data/data/com.termux/files/home/02.ERP-system/19.asset-management/920.meta	exists	directory already exists
/data/data/com.termux/files/home/02.ERP-system/19.asset-management	index	/data/data/com.termux/files/home/02.ERP-system/19.asset-management/INDEX.md	/data/data/com.termux/files/home/02.ERP-system/19.asset-management/INDEX.md	exists	index already exists
/data/data/com.termux/files/home/02.ERP-system/19.asset-management	overview	/data/data/com.termux/files/home/02.ERP-system/19.asset-management/OVERVIEW.md	/data/data/com.termux/files/home/02.ERP-system/19.asset-management/OVERVIEW.md	exists	overview already exists
/data/data/com.termux/files/home/02.ERP-system/19.asset-management	dir	/data/data/com.termux/files/home/02.ERP-system/19.asset-management/010.constitution	/data/data/com.termux/files/home/02.ERP-system/19.asset-management/010.constitution	exists	directory already exists
/data/data/com.termux/files/home/02.ERP-system/19.asset-management	index	/data/data/com.termux/files/home/02.ERP-system/19.asset-management/010.constitution/INDEX.md	/data/data/com.termux/files/home/02.ERP-system/19.asset-management/010.constitution/INDEX.md	exists	index already exists
/data/data/com.termux/files/home/02.ERP-system/19.asset-management	overview	/data/data/com.termux/files/home/02.ERP-system/19.asset-management/010.constitution/OVERVIEW.md	/data/data/com.termux/files/home/02.ERP-system/19.asset-management/010.constitution/OVERVIEW.md	exists	overview already exists
/data/data/com.termux/files/home/02.ERP-system/19.asset-management	dir	/data/data/com.termux/files/home/02.ERP-system/19.asset-management/020.architecture	/data/data/com.termux/files/home/02.ERP-system/19.asset-management/020.architecture	exists	directory already exists
/data/data/com.termux/files/home/02.ERP-system/19.asset-management	index	/data/data/com.termux/files/home/02.ERP-system/19.asset-management/020.architecture/INDEX.md	/data/data/com.termux/files/home/02.ERP-system/19.asset-management/020.architecture/INDEX.md	exists	index already exists
/data/data/com.termux/files/home/02.ERP-system/19.asset-management	overview	/data/data/com.termux/files/home/02.ERP-system/19.asset-management/020.architecture/OVERVIEW.md	/data/data/com.termux/files/home/02.ERP-system/19.asset-management/020.architecture/OVERVIEW.md	exists	overview already exists
/data/data/com.termux/files/home/02.ERP-system/19.asset-management	dir	/data/data/com.termux/files/home/02.ERP-system/19.asset-management/030.model	/data/data/com.termux/files/home/02.ERP-system/19.asset-management/030.model	exists	directory already exists
/data/data/com.termux/files/home/02.ERP-system/19.asset-management	index	/data/data/com.termux/files/home/02.ERP-system/19.asset-management/030.model/INDEX.md	/data/data/com.termux/files/home/02.ERP-system/19.asset-management/030.model/INDEX.md	exists	index already exists
/data/data/com.termux/files/home/02.ERP-system/19.asset-management	overview	/data/data/com.termux/files/home/02.ERP-system/19.asset-management/030.model/OVERVIEW.md	/data/data/com.termux/files/home/02.ERP-system/19.asset-management/030.model/OVERVIEW.md	exists	overview already exists
/data/data/com.termux/files/home/02.ERP-system/19.asset-management	dir	/data/data/com.termux/files/home/02.ERP-system/19.asset-management/050.flow	/data/data/com.termux/files/home/02.ERP-system/19.asset-management/050.flow	exists	directory already exists
/data/data/com.termux/files/home/02.ERP-system/19.asset-management	index	/data/data/com.termux/files/home/02.ERP-system/19.asset-management/050.flow/INDEX.md	/data/data/com.termux/files/home/02.ERP-system/19.asset-management/050.flow/INDEX.md	exists	index already exists
/data/data/com.termux/files/home/02.ERP-system/19.asset-management	overview	/data/data/com.termux/files/home/02.ERP-system/19.asset-management/050.flow/OVERVIEW.md	/data/data/com.termux/files/home/02.ERP-system/19.asset-management/050.flow/OVERVIEW.md	exists	overview already exists
/data/data/com.termux/files/home/02.ERP-system/19.asset-management	dir	/data/data/com.termux/files/home/02.ERP-system/19.asset-management/060.integration	/data/data/com.termux/files/home/02.ERP-system/19.asset-management/060.integration	exists	directory already exists
/data/data/com.termux/files/home/02.ERP-system/19.asset-management	index	/data/data/com.termux/files/home/02.ERP-system/19.asset-management/060.integration/INDEX.md	/data/data/com.termux/files/home/02.ERP-system/19.asset-management/060.integration/INDEX.md	exists	index already exists
/data/data/com.termux/files/home/02.ERP-system/19.asset-management	overview	/data/data/com.termux/files/home/02.ERP-system/19.asset-management/060.integration/OVERVIEW.md	/data/data/com.termux/files/home/02.ERP-system/19.asset-management/060.integration/OVERVIEW.md	exists	overview already exists
/data/data/com.termux/files/home/02.ERP-system/19.asset-management	dir	/data/data/com.termux/files/home/02.ERP-system/19.asset-management/070.operations	/data/data/com.termux/files/home/02.ERP-system/19.asset-management/070.operations	exists	directory already exists
/data/data/com.termux/files/home/02.ERP-system/19.asset-management	index	/data/data/com.termux/files/home/02.ERP-system/19.asset-management/070.operations/INDEX.md	/data/data/com.termux/files/home/02.ERP-system/19.asset-management/070.operations/INDEX.md	exists	index already exists
/data/data/com.termux/files/home/02.ERP-system/19.asset-management	overview	/data/data/com.termux/files/home/02.ERP-system/19.asset-management/070.operations/OVERVIEW.md	/data/data/com.termux/files/home/02.ERP-system/19.asset-management/070.operations/OVERVIEW.md	exists	overview already exists
/data/data/com.termux/files/home/02.ERP-system/19.asset-management	dir	/data/data/com.termux/files/home/02.ERP-system/19.asset-management/080.policy	/data/data/com.termux/files/home/02.ERP-system/19.asset-management/080.policy	exists	directory already exists
/data/data/com.termux/files/home/02.ERP-system/19.asset-management	index	/data/data/com.termux/files/home/02.ERP-system/19.asset-management/080.policy/INDEX.md	/data/data/com.termux/files/home/02.ERP-system/19.asset-management/080.policy/INDEX.md	exists	index already exists
/data/data/com.termux/files/home/02.ERP-system/19.asset-management	overview	/data/data/com.termux/files/home/02.ERP-system/19.asset-management/080.policy/OVERVIEW.md	/data/data/com.termux/files/home/02.ERP-system/19.asset-management/080.policy/OVERVIEW.md	exists	overview already exists
/data/data/com.termux/files/home/02.ERP-system/19.asset-management	dir	/data/data/com.termux/files/home/02.ERP-system/19.asset-management/100.security	/data/data/com.termux/files/home/02.ERP-system/19.asset-management/100.security	exists	directory already exists
/data/data/com.termux/files/home/02.ERP-system/19.asset-management	index	/data/data/com.termux/files/home/02.ERP-system/19.asset-management/100.security/INDEX.md	/data/data/com.termux/files/home/02.ERP-system/19.asset-management/100.security/INDEX.md	exists	index already exists
/data/data/com.termux/files/home/02.ERP-system/19.asset-management	overview	/data/data/com.termux/files/home/02.ERP-system/19.asset-management/100.security/OVERVIEW.md	/data/data/com.termux/files/home/02.ERP-system/19.asset-management/100.security/OVERVIEW.md	exists	overview already exists
/data/data/com.termux/files/home/02.ERP-system/19.asset-management	dir	/data/data/com.termux/files/home/02.ERP-system/19.asset-management/110.infrastructure	/data/data/com.termux/files/home/02.ERP-system/19.asset-management/110.infrastructure	exists	directory already exists
/data/data/com.termux/files/home/02.ERP-system/19.asset-management	index	/data/data/com.termux/files/home/02.ERP-system/19.asset-management/110.infrastructure/INDEX.md	/data/data/com.termux/files/home/02.ERP-system/19.asset-management/110.infrastructure/INDEX.md	exists	index already exists
/data/data/com.termux/files/home/02.ERP-system/19.asset-management	overview	/data/data/com.termux/files/home/02.ERP-system/19.asset-management/110.infrastructure/OVERVIEW.md	/data/data/com.termux/files/home/02.ERP-system/19.asset-management/110.infrastructure/OVERVIEW.md	exists	overview already exists
/data/data/com.termux/files/home/02.ERP-system/19.asset-management	dir	/data/data/com.termux/files/home/02.ERP-system/19.asset-management/120.implementation	/data/data/com.termux/files/home/02.ERP-system/19.asset-management/120.implementation	exists	directory already exists
/data/data/com.termux/files/home/02.ERP-system/19.asset-management	index	/data/data/com.termux/files/home/02.ERP-system/19.asset-management/120.implementation/INDEX.md	/data/data/com.termux/files/home/02.ERP-system/19.asset-management/120.implementation/INDEX.md	exists	index already exists
/data/data/com.termux/files/home/02.ERP-system/19.asset-management	overview	/data/data/com.termux/files/home/02.ERP-system/19.asset-management/120.implementation/OVERVIEW.md	/data/data/com.termux/files/home/02.ERP-system/19.asset-management/120.implementation/OVERVIEW.md	exists	overview already exists
/data/data/com.termux/files/home/02.ERP-system/19.asset-management	dir	/data/data/com.termux/files/home/02.ERP-system/19.asset-management/130.development	/data/data/com.termux/files/home/02.ERP-system/19.asset-management/130.development	exists	directory already exists
/data/data/com.termux/files/home/02.ERP-system/19.asset-management	index	/data/data/com.termux/files/home/02.ERP-system/19.asset-management/130.development/INDEX.md	/data/data/com.termux/files/home/02.ERP-system/19.asset-management/130.development/INDEX.md	exists	index already exists
/data/data/com.termux/files/home/02.ERP-system/19.asset-management	overview	/data/data/com.termux/files/home/02.ERP-system/19.asset-management/130.development/OVERVIEW.md	/data/data/com.termux/files/home/02.ERP-system/19.asset-management/130.development/OVERVIEW.md	exists	overview already exists
/data/data/com.termux/files/home/02.ERP-system/19.asset-management	dir	/data/data/com.termux/files/home/02.ERP-system/19.asset-management/900.meta	/data/data/com.termux/files/home/02.ERP-system/19.asset-management/900.meta	exists	directory already exists
/data/data/com.termux/files/home/02.ERP-system/19.asset-management	index	/data/data/com.termux/files/home/02.ERP-system/19.asset-management/900.meta/INDEX.md	/data/data/com.termux/files/home/02.ERP-system/19.asset-management/900.meta/INDEX.md	exists	index already exists
/data/data/com.termux/files/home/02.ERP-system/19.asset-management	overview	/data/data/com.termux/files/home/02.ERP-system/19.asset-management/900.meta/OVERVIEW.md	/data/data/com.termux/files/home/02.ERP-system/19.asset-management/900.meta/OVERVIEW.md	exists	overview already exists
/data/data/com.termux/files/home/02.ERP-system/19.asset-management	dir	/data/data/com.termux/files/home/02.ERP-system/19.asset-management/920.meta	/data/data/com.termux/files/home/02.ERP-system/19.asset-management/920.meta	exists	directory already exists
/data/data/com.termux/files/home/02.ERP-system/19.asset-management	index	/data/data/com.termux/files/home/02.ERP-system/19.asset-management/920.meta/INDEX.md	/data/data/com.termux/files/home/02.ERP-system/19.asset-management/920.meta/INDEX.md	exists	index already exists
/data/data/com.termux/files/home/02.ERP-system/19.asset-management	overview	/data/data/com.termux/files/home/02.ERP-system/19.asset-management/920.meta/OVERVIEW.md	/data/data/com.termux/files/home/02.ERP-system/19.asset-management/920.meta/OVERVIEW.md	exists	overview already exists
/data/data/com.termux/files/home/02.ERP-system/19.asset-management/01.asset-register	dir	/data/data/com.termux/files/home/02.ERP-system/19.asset-management/01.asset-register/010.constitution	/data/data/com.termux/files/home/02.ERP-system/19.asset-management/01.asset-register/010.constitution	exists	directory already exists
/data/data/com.termux/files/home/02.ERP-system/19.asset-management/01.asset-register	dir	/data/data/com.termux/files/home/02.ERP-system/19.asset-management/01.asset-register/020.architecture	/data/data/com.termux/files/home/02.ERP-system/19.asset-management/01.asset-register/020.architecture	exists	directory already exists
/data/data/com.termux/files/home/02.ERP-system/19.asset-management/01.asset-register	dir	/data/data/com.termux/files/home/02.ERP-system/19.asset-management/01.asset-register/030.model	/data/data/com.termux/files/home/02.ERP-system/19.asset-management/01.asset-register/030.model	exists	directory already exists
/data/data/com.termux/files/home/02.ERP-system/19.asset-management/01.asset-register	dir	/data/data/com.termux/files/home/02.ERP-system/19.asset-management/01.asset-register/050.flow	/data/data/com.termux/files/home/02.ERP-system/19.asset-management/01.asset-register/050.flow	exists	directory already exists
/data/data/com.termux/files/home/02.ERP-system/19.asset-management/01.asset-register	dir	/data/data/com.termux/files/home/02.ERP-system/19.asset-management/01.asset-register/060.integration	/data/data/com.termux/files/home/02.ERP-system/19.asset-management/01.asset-register/060.integration	exists	directory already exists
/data/data/com.termux/files/home/02.ERP-system/19.asset-management/01.asset-register	dir	/data/data/com.termux/files/home/02.ERP-system/19.asset-management/01.asset-register/070.operations	/data/data/com.termux/files/home/02.ERP-system/19.asset-management/01.asset-register/070.operations	exists	directory already exists
/data/data/com.termux/files/home/02.ERP-system/19.asset-management/01.asset-register	dir	/data/data/com.termux/files/home/02.ERP-system/19.asset-management/01.asset-register/080.policy	/data/data/com.termux/files/home/02.ERP-system/19.asset-management/01.asset-register/080.policy	exists	directory already exists
/data/data/com.termux/files/home/02.ERP-system/19.asset-management/01.asset-register	dir	/data/data/com.termux/files/home/02.ERP-system/19.asset-management/01.asset-register/100.security	/data/data/com.termux/files/home/02.ERP-system/19.asset-management/01.asset-register/100.security	exists	directory already exists
/data/data/com.termux/files/home/02.ERP-system/19.asset-management/01.asset-register	dir	/data/data/com.termux/files/home/02.ERP-system/19.asset-management/01.asset-register/110.infrastructure	/data/data/com.termux/files/home/02.ERP-system/19.asset-management/01.asset-register/110.infrastructure	exists	directory already exists
/data/data/com.termux/files/home/02.ERP-system/19.asset-management/01.asset-register	dir	/data/data/com.termux/files/home/02.ERP-system/19.asset-management/01.asset-register/120.implementation	/data/data/com.termux/files/home/02.ERP-system/19.asset-management/01.asset-register/120.implementation	exists	directory already exists
/data/data/com.termux/files/home/02.ERP-system/19.asset-management/01.asset-register	dir	/data/data/com.termux/files/home/02.ERP-system/19.asset-management/01.asset-register/130.development	/data/data/com.termux/files/home/02.ERP-system/19.asset-management/01.asset-register/130.development	exists	directory already exists
/data/data/com.termux/files/home/02.ERP-system/19.asset-management/01.asset-register	dir	/data/data/com.termux/files/home/02.ERP-system/19.asset-management/01.asset-register/900.meta	/data/data/com.termux/files/home/02.ERP-system/19.asset-management/01.asset-register/900.meta	exists	directory already exists
/data/data/com.termux/files/home/02.ERP-system/19.asset-management/01.asset-register	dir	/data/data/com.termux/files/home/02.ERP-system/19.asset-management/01.asset-register/920.meta	/data/data/com.termux/files/home/02.ERP-system/19.asset-management/01.asset-register/920.meta	exists	directory already exists
/data/data/com.termux/files/home/02.ERP-system/19.asset-management/01.asset-register	index	/data/data/com.termux/files/home/02.ERP-system/19.asset-management/01.asset-register/INDEX.md	/data/data/com.termux/files/home/02.ERP-system/19.asset-management/01.asset-register/INDEX.md	exists	index already exists
/data/data/com.termux/files/home/02.ERP-system/19.asset-management/01.asset-register	overview	/data/data/com.termux/files/home/02.ERP-system/19.asset-management/01.asset-register/OVERVIEW.md	/data/data/com.termux/files/home/02.ERP-system/19.asset-management/01.asset-register/OVERVIEW.md	exists	overview already exists
/data/data/com.termux/files/home/02.ERP-system/19.asset-management/01.asset-register	dir	/data/data/com.termux/files/home/02.ERP-system/19.asset-management/01.asset-register/010.constitution	/data/data/com.termux/files/home/02.ERP-system/19.asset-management/01.asset-register/010.constitution	exists	directory already exists
/data/data/com.termux/files/home/02.ERP-system/19.asset-management/01.asset-register	index	/data/data/com.termux/files/home/02.ERP-system/19.asset-management/01.asset-register/010.constitution/INDEX.md	/data/data/com.termux/files/home/02.ERP-system/19.asset-management/01.asset-register/010.constitution/INDEX.md	exists	index already exists
/data/data/com.termux/files/home/02.ERP-system/19.asset-management/01.asset-register	overview	/data/data/com.termux/files/home/02.ERP-system/19.asset-management/01.asset-register/010.constitution/OVERVIEW.md	/data/data/com.termux/files/home/02.ERP-system/19.asset-management/01.asset-register/010.constitution/OVERVIEW.md	exists	overview already exists
/data/data/com.termux/files/home/02.ERP-system/19.asset-management/01.asset-register	dir	/data/data/com.termux/files/home/02.ERP-system/19.asset-management/01.asset-register/020.architecture	/data/data/com.termux/files/home/02.ERP-system/19.asset-management/01.asset-register/020.architecture	exists	directory already exists
/data/data/com.termux/files/home/02.ERP-system/19.asset-management/01.asset-register	index	/data/data/com.termux/files/home/02.ERP-system/19.asset-management/01.asset-register/020.architecture/INDEX.md	/data/data/com.termux/files/home/02.ERP-system/19.asset-management/01.asset-register/020.architecture/INDEX.md	exists	index already exists
/data/data/com.termux/files/home/02.ERP-system/19.asset-management/01.asset-register	overview	/data/data/com.termux/files/home/02.ERP-system/19.asset-management/01.asset-register/020.architecture/OVERVIEW.md	/data/data/com.termux/files/home/02.ERP-system/19.asset-management/01.asset-register/020.architecture/OVERVIEW.md	exists	overview already exists
/data/data/com.termux/files/home/02.ERP-system/19.asset-management/01.asset-register	dir	/data/data/com.termux/files/home/02.ERP-system/19.asset-management/01.asset-register/030.model	/data/data/com.termux/files/home/02.ERP-system/19.asset-management/01.asset-register/030.model	exists	directory already exists
/data/data/com.termux/files/home/02.ERP-system/19.asset-management/01.asset-register	index	/data/data/com.termux/files/home/02.ERP-system/19.asset-management/01.asset-register/030.model/INDEX.md	/data/data/com.termux/files/home/02.ERP-system/19.asset-management/01.asset-register/030.model/INDEX.md	exists	index already exists
/data/data/com.termux/files/home/02.ERP-system/19.asset-management/01.asset-register	overview	/data/data/com.termux/files/home/02.ERP-system/19.asset-management/01.asset-register/030.model/OVERVIEW.md	/data/data/com.termux/files/home/02.ERP-system/19.asset-management/01.asset-register/030.model/OVERVIEW.md	exists	overview already exists
/data/data/com.termux/files/home/02.ERP-system/19.asset-management/01.asset-register	dir	/data/data/com.termux/files/home/02.ERP-system/19.asset-management/01.asset-register/050.flow	/data/data/com.termux/files/home/02.ERP-system/19.asset-management/01.asset-register/050.flow	exists	directory already exists
/data/data/com.termux/files/home/02.ERP-system/19.asset-management/01.asset-register	index	/data/data/com.termux/files/home/02.ERP-system/19.asset-management/01.asset-register/050.flow/INDEX.md	/data/data/com.termux/files/home/02.ERP-system/19.asset-management/01.asset-register/050.flow/INDEX.md	exists	index already exists
/data/data/com.termux/files/home/02.ERP-system/19.asset-management/01.asset-register	overview	/data/data/com.termux/files/home/02.ERP-system/19.asset-management/01.asset-register/050.flow/OVERVIEW.md	/data/data/com.termux/files/home/02.ERP-system/19.asset-management/01.asset-register/050.flow/OVERVIEW.md	exists	overview already exists
/data/data/com.termux/files/home/02.ERP-system/19.asset-management/01.asset-register	dir	/data/data/com.termux/files/home/02.ERP-system/19.asset-management/01.asset-register/060.integration	/data/data/com.termux/files/home/02.ERP-system/19.asset-management/01.asset-register/060.integration	exists	directory already exists
/data/data/com.termux/files/home/02.ERP-system/19.asset-management/01.asset-register	index	/data/data/com.termux/files/home/02.ERP-system/19.asset-management/01.asset-register/060.integration/INDEX.md	/data/data/com.termux/files/home/02.ERP-system/19.asset-management/01.asset-register/060.integration/INDEX.md	exists	index already exists
/data/data/com.termux/files/home/02.ERP-system/19.asset-management/01.asset-register	overview	/data/data/com.termux/files/home/02.ERP-system/19.asset-management/01.asset-register/060.integration/OVERVIEW.md	/data/data/com.termux/files/home/02.ERP-system/19.asset-management/01.asset-register/060.integration/OVERVIEW.md	exists	overview already exists
/data/data/com.termux/files/home/02.ERP-system/19.asset-management/01.asset-register	dir	/data/data/com.termux/files/home/02.ERP-system/19.asset-management/01.asset-register/070.operations	/data/data/com.termux/files/home/02.ERP-system/19.asset-management/01.asset-register/070.operations	exists	directory already exists
/data/data/com.termux/files/home/02.ERP-system/19.asset-management/01.asset-register	index	/data/data/com.termux/files/home/02.ERP-system/19.asset-management/01.asset-register/070.operations/INDEX.md	/data/data/com.termux/files/home/02.ERP-system/19.asset-management/01.asset-register/070.operations/INDEX.md	exists	index already exists
/data/data/com.termux/files/home/02.ERP-system/19.asset-management/01.asset-register	overview	/data/data/com.termux/files/home/02.ERP-system/19.asset-management/01.asset-register/070.operations/OVERVIEW.md	/data/data/com.termux/files/home/02.ERP-system/19.asset-management/01.asset-register/070.operations/OVERVIEW.md	exists	overview already exists
/data/data/com.termux/files/home/02.ERP-system/19.asset-management/01.asset-register	dir	/data/data/com.termux/files/home/02.ERP-system/19.asset-management/01.asset-register/080.policy	/data/data/com.termux/files/home/02.ERP-system/19.asset-management/01.asset-register/080.policy	exists	directory already exists
/data/data/com.termux/files/home/02.ERP-system/19.asset-management/01.asset-register	index	/data/data/com.termux/files/home/02.ERP-system/19.asset-management/01.asset-register/080.policy/INDEX.md	/data/data/com.termux/files/home/02.ERP-system/19.asset-management/01.asset-register/080.policy/INDEX.md	exists	index already exists
/data/data/com.termux/files/home/02.ERP-system/19.asset-management/01.asset-register	overview	/data/data/com.termux/files/home/02.ERP-system/19.asset-management/01.asset-register/080.policy/OVERVIEW.md	/data/data/com.termux/files/home/02.ERP-system/19.asset-management/01.asset-register/080.policy/OVERVIEW.md	exists	overview already exists
/data/data/com.termux/files/home/02.ERP-system/19.asset-management/01.asset-register	dir	/data/data/com.termux/files/home/02.ERP-system/19.asset-management/01.asset-register/100.security	/data/data/com.termux/files/home/02.ERP-system/19.asset-management/01.asset-register/100.security	exists	directory already exists
/data/data/com.termux/files/home/02.ERP-system/19.asset-management/01.asset-register	index	/data/data/com.termux/files/home/02.ERP-system/19.asset-management/01.asset-register/100.security/INDEX.md	/data/data/com.termux/files/home/02.ERP-system/19.asset-management/01.asset-register/100.security/INDEX.md	exists	index already exists
/data/data/com.termux/files/home/02.ERP-system/19.asset-management/01.asset-register	overview	/data/data/com.termux/files/home/02.ERP-system/19.asset-management/01.asset-register/100.security/OVERVIEW.md	/data/data/com.termux/files/home/02.ERP-system/19.asset-management/01.asset-register/100.security/OVERVIEW.md	exists	overview already exists
/data/data/com.termux/files/home/02.ERP-system/19.asset-management/01.asset-register	dir	/data/data/com.termux/files/home/02.ERP-system/19.asset-management/01.asset-register/110.infrastructure	/data/data/com.termux/files/home/02.ERP-system/19.asset-management/01.asset-register/110.infrastructure	exists	directory already exists
/data/data/com.termux/files/home/02.ERP-system/19.asset-management/01.asset-register	index	/data/data/com.termux/files/home/02.ERP-system/19.asset-management/01.asset-register/110.infrastructure/INDEX.md	/data/data/com.termux/files/home/02.ERP-system/19.asset-management/01.asset-register/110.infrastructure/INDEX.md	exists	index already exists
/data/data/com.termux/files/home/02.ERP-system/19.asset-management/01.asset-register	overview	/data/data/com.termux/files/home/02.ERP-system/19.asset-management/01.asset-register/110.infrastructure/OVERVIEW.md	/data/data/com.termux/files/home/02.ERP-system/19.asset-management/01.asset-register/110.infrastructure/OVERVIEW.md	exists	overview already exists
/data/data/com.termux/files/home/02.ERP-system/19.asset-management/01.asset-register	dir	/data/data/com.termux/files/home/02.ERP-system/19.asset-management/01.asset-register/120.implementation	/data/data/com.termux/files/home/02.ERP-system/19.asset-management/01.asset-register/120.implementation	exists	directory already exists
/data/data/com.termux/files/home/02.ERP-system/19.asset-management/01.asset-register	index	/data/data/com.termux/files/home/02.ERP-system/19.asset-management/01.asset-register/120.implementation/INDEX.md	/data/data/com.termux/files/home/02.ERP-system/19.asset-management/01.asset-register/120.implementation/INDEX.md	exists	index already exists
/data/data/com.termux/files/home/02.ERP-system/19.asset-management/01.asset-register	overview	/data/data/com.termux/files/home/02.ERP-system/19.asset-management/01.asset-register/120.implementation/OVERVIEW.md	/data/data/com.termux/files/home/02.ERP-system/19.asset-management/01.asset-register/120.implementation/OVERVIEW.md	exists	overview already exists
/data/data/com.termux/files/home/02.ERP-system/19.asset-management/01.asset-register	dir	/data/data/com.termux/files/home/02.ERP-system/19.asset-management/01.asset-register/130.development	/data/data/com.termux/files/home/02.ERP-system/19.asset-management/01.asset-register/130.development	exists	directory already exists
/data/data/com.termux/files/home/02.ERP-system/19.asset-management/01.asset-register	index	/data/data/com.termux/files/home/02.ERP-system/19.asset-management/01.asset-register/130.development/INDEX.md	/data/data/com.termux/files/home/02.ERP-system/19.asset-management/01.asset-register/130.development/INDEX.md	exists	index already exists
/data/data/com.termux/files/home/02.ERP-system/19.asset-management/01.asset-register	overview	/data/data/com.termux/files/home/02.ERP-system/19.asset-management/01.asset-register/130.development/OVERVIEW.md	/data/data/com.termux/files/home/02.ERP-system/19.asset-management/01.asset-register/130.development/OVERVIEW.md	exists	overview already exists
/data/data/com.termux/files/home/02.ERP-system/19.asset-management/01.asset-register	dir	/data/data/com.termux/files/home/02.ERP-system/19.asset-management/01.asset-register/900.meta	/data/data/com.termux/files/home/02.ERP-system/19.asset-management/01.asset-register/900.meta	exists	directory already exists
/data/data/com.termux/files/home/02.ERP-system/19.asset-management/01.asset-register	index	/data/data/com.termux/files/home/02.ERP-system/19.asset-management/01.asset-register/900.meta/INDEX.md	/data/data/com.termux/files/home/02.ERP-system/19.asset-management/01.asset-register/900.meta/INDEX.md	exists	index already exists
/data/data/com.termux/files/home/02.ERP-system/19.asset-management/01.asset-register	overview	/data/data/com.termux/files/home/02.ERP-system/19.asset-management/01.asset-register/900.meta/OVERVIEW.md	/data/data/com.termux/files/home/02.ERP-system/19.asset-management/01.asset-register/900.meta/OVERVIEW.md	exists	overview already exists
/data/data/com.termux/files/home/02.ERP-system/19.asset-management/01.asset-register	dir	/data/data/com.termux/files/home/02.ERP-system/19.asset-management/01.asset-register/920.meta	/data/data/com.termux/files/home/02.ERP-system/19.asset-management/01.asset-register/920.meta	exists	directory already exists
/data/data/com.termux/files/home/02.ERP-system/19.asset-management/01.asset-register	index	/data/data/com.termux/files/home/02.ERP-system/19.asset-management/01.asset-register/920.meta/INDEX.md	/data/data/com.termux/files/home/02.ERP-system/19.asset-management/01.asset-register/920.meta/INDEX.md	exists	index already exists
/data/data/com.termux/files/home/02.ERP-system/19.asset-management/01.asset-register	overview	/data/data/com.termux/files/home/02.ERP-system/19.asset-management/01.asset-register/920.meta/OVERVIEW.md	/data/data/com.termux/files/home/02.ERP-system/19.asset-management/01.asset-register/920.meta/OVERVIEW.md	exists	overview already exists
/data/data/com.termux/files/home/02.ERP-system/19.asset-management/02.maintenance-planning	dir	/data/data/com.termux/files/home/02.ERP-system/19.asset-management/02.maintenance-planning/010.constitution	/data/data/com.termux/files/home/02.ERP-system/19.asset-management/02.maintenance-planning/010.constitution	exists	directory already exists
/data/data/com.termux/files/home/02.ERP-system/19.asset-management/02.maintenance-planning	dir	/data/data/com.termux/files/home/02.ERP-system/19.asset-management/02.maintenance-planning/020.architecture	/data/data/com.termux/files/home/02.ERP-system/19.asset-management/02.maintenance-planning/020.architecture	exists	directory already exists
/data/data/com.termux/files/home/02.ERP-system/19.asset-management/02.maintenance-planning	dir	/data/data/com.termux/files/home/02.ERP-system/19.asset-management/02.maintenance-planning/030.model	/data/data/com.termux/files/home/02.ERP-system/19.asset-management/02.maintenance-planning/030.model	exists	directory already exists
/data/data/com.termux/files/home/02.ERP-system/19.asset-management/02.maintenance-planning	dir	/data/data/com.termux/files/home/02.ERP-system/19.asset-management/02.maintenance-planning/050.flow	/data/data/com.termux/files/home/02.ERP-system/19.asset-management/02.maintenance-planning/050.flow	exists	directory already exists
/data/data/com.termux/files/home/02.ERP-system/19.asset-management/02.maintenance-planning	dir	/data/data/com.termux/files/home/02.ERP-system/19.asset-management/02.maintenance-planning/060.integration	/data/data/com.termux/files/home/02.ERP-system/19.asset-management/02.maintenance-planning/060.integration	exists	directory already exists
/data/data/com.termux/files/home/02.ERP-system/19.asset-management/02.maintenance-planning	dir	/data/data/com.termux/files/home/02.ERP-system/19.asset-management/02.maintenance-planning/070.operations	/data/data/com.termux/files/home/02.ERP-system/19.asset-management/02.maintenance-planning/070.operations	exists	directory already exists
/data/data/com.termux/files/home/02.ERP-system/19.asset-management/02.maintenance-planning	dir	/data/data/com.termux/files/home/02.ERP-system/19.asset-management/02.maintenance-planning/080.policy	/data/data/com.termux/files/home/02.ERP-system/19.asset-management/02.maintenance-planning/080.policy	exists	directory already exists
/data/data/com.termux/files/home/02.ERP-system/19.asset-management/02.maintenance-planning	dir	/data/data/com.termux/files/home/02.ERP-system/19.asset-management/02.maintenance-planning/100.security	/data/data/com.termux/files/home/02.ERP-system/19.asset-management/02.maintenance-planning/100.security	exists	directory already exists
/data/data/com.termux/files/home/02.ERP-system/19.asset-management/02.maintenance-planning	dir	/data/data/com.termux/files/home/02.ERP-system/19.asset-management/02.maintenance-planning/110.infrastructure	/data/data/com.termux/files/home/02.ERP-system/19.asset-management/02.maintenance-planning/110.infrastructure	exists	directory already exists
/data/data/com.termux/files/home/02.ERP-system/19.asset-management/02.maintenance-planning	dir	/data/data/com.termux/files/home/02.ERP-system/19.asset-management/02.maintenance-planning/120.implementation	/data/data/com.termux/files/home/02.ERP-system/19.asset-management/02.maintenance-planning/120.implementation	exists	directory already exists
/data/data/com.termux/files/home/02.ERP-system/19.asset-management/02.maintenance-planning	dir	/data/data/com.termux/files/home/02.ERP-system/19.asset-management/02.maintenance-planning/130.development	/data/data/com.termux/files/home/02.ERP-system/19.asset-management/02.maintenance-planning/130.development	exists	directory already exists
/data/data/com.termux/files/home/02.ERP-system/19.asset-management/02.maintenance-planning	dir	/data/data/com.termux/files/home/02.ERP-system/19.asset-management/02.maintenance-planning/900.meta	/data/data/com.termux/files/home/02.ERP-system/19.asset-management/02.maintenance-planning/900.meta	exists	directory already exists
/data/data/com.termux/files/home/02.ERP-system/19.asset-management/02.maintenance-planning	dir	/data/data/com.termux/files/home/02.ERP-system/19.asset-management/02.maintenance-planning/920.meta	/data/data/com.termux/files/home/02.ERP-system/19.asset-management/02.maintenance-planning/920.meta	exists	directory already exists
/data/data/com.termux/files/home/02.ERP-system/19.asset-management/02.maintenance-planning	index	/data/data/com.termux/files/home/02.ERP-system/19.asset-management/02.maintenance-planning/INDEX.md	/data/data/com.termux/files/home/02.ERP-system/19.asset-management/02.maintenance-planning/INDEX.md	exists	index already exists
/data/data/com.termux/files/home/02.ERP-system/19.asset-management/02.maintenance-planning	overview	/data/data/com.termux/files/home/02.ERP-system/19.asset-management/02.maintenance-planning/OVERVIEW.md	/data/data/com.termux/files/home/02.ERP-system/19.asset-management/02.maintenance-planning/OVERVIEW.md	exists	overview already exists
/data/data/com.termux/files/home/02.ERP-system/19.asset-management/02.maintenance-planning	dir	/data/data/com.termux/files/home/02.ERP-system/19.asset-management/02.maintenance-planning/010.constitution	/data/data/com.termux/files/home/02.ERP-system/19.asset-management/02.maintenance-planning/010.constitution	exists	directory already exists
/data/data/com.termux/files/home/02.ERP-system/19.asset-management/02.maintenance-planning	index	/data/data/com.termux/files/home/02.ERP-system/19.asset-management/02.maintenance-planning/010.constitution/INDEX.md	/data/data/com.termux/files/home/02.ERP-system/19.asset-management/02.maintenance-planning/010.constitution/INDEX.md	exists	index already exists
/data/data/com.termux/files/home/02.ERP-system/19.asset-management/02.maintenance-planning	overview	/data/data/com.termux/files/home/02.ERP-system/19.asset-management/02.maintenance-planning/010.constitution/OVERVIEW.md	/data/data/com.termux/files/home/02.ERP-system/19.asset-management/02.maintenance-planning/010.constitution/OVERVIEW.md	exists	overview already exists
/data/data/com.termux/files/home/02.ERP-system/19.asset-management/02.maintenance-planning	dir	/data/data/com.termux/files/home/02.ERP-system/19.asset-management/02.maintenance-planning/020.architecture	/data/data/com.termux/files/home/02.ERP-system/19.asset-management/02.maintenance-planning/020.architecture	exists	directory already exists
/data/data/com.termux/files/home/02.ERP-system/19.asset-management/02.maintenance-planning	index	/data/data/com.termux/files/home/02.ERP-system/19.asset-management/02.maintenance-planning/020.architecture/INDEX.md	/data/data/com.termux/files/home/02.ERP-system/19.asset-management/02.maintenance-planning/020.architecture/INDEX.md	exists	index already exists
/data/data/com.termux/files/home/02.ERP-system/19.asset-management/02.maintenance-planning	overview	/data/data/com.termux/files/home/02.ERP-system/19.asset-management/02.maintenance-planning/020.architecture/OVERVIEW.md	/data/data/com.termux/files/home/02.ERP-system/19.asset-management/02.maintenance-planning/020.architecture/OVERVIEW.md	exists	overview already exists
/data/data/com.termux/files/home/02.ERP-system/19.asset-management/02.maintenance-planning	dir	/data/data/com.termux/files/home/02.ERP-system/19.asset-management/02.maintenance-planning/030.model	/data/data/com.termux/files/home/02.ERP-system/19.asset-management/02.maintenance-planning/030.model	exists	directory already exists
/data/data/com.termux/files/home/02.ERP-system/19.asset-management/02.maintenance-planning	index	/data/data/com.termux/files/home/02.ERP-system/19.asset-management/02.maintenance-planning/030.model/INDEX.md	/data/data/com.termux/files/home/02.ERP-system/19.asset-management/02.maintenance-planning/030.model/INDEX.md	exists	index already exists
/data/data/com.termux/files/home/02.ERP-system/19.asset-management/02.maintenance-planning	overview	/data/data/com.termux/files/home/02.ERP-system/19.asset-management/02.maintenance-planning/030.model/OVERVIEW.md	/data/data/com.termux/files/home/02.ERP-system/19.asset-management/02.maintenance-planning/030.model/OVERVIEW.md	exists	overview already exists
/data/data/com.termux/files/home/02.ERP-system/19.asset-management/02.maintenance-planning	dir	/data/data/com.termux/files/home/02.ERP-system/19.asset-management/02.maintenance-planning/050.flow	/data/data/com.termux/files/home/02.ERP-system/19.asset-management/02.maintenance-planning/050.flow	exists	directory already exists
/data/data/com.termux/files/home/02.ERP-system/19.asset-management/02.maintenance-planning	index	/data/data/com.termux/files/home/02.ERP-system/19.asset-management/02.maintenance-planning/050.flow/INDEX.md	/data/data/com.termux/files/home/02.ERP-system/19.asset-management/02.maintenance-planning/050.flow/INDEX.md	exists	index already exists
/data/data/com.termux/files/home/02.ERP-system/19.asset-management/02.maintenance-planning	overview	/data/data/com.termux/files/home/02.ERP-system/19.asset-management/02.maintenance-planning/050.flow/OVERVIEW.md	/data/data/com.termux/files/home/02.ERP-system/19.asset-management/02.maintenance-planning/050.flow/OVERVIEW.md	exists	overview already exists
/data/data/com.termux/files/home/02.ERP-system/19.asset-management/02.maintenance-planning	dir	/data/data/com.termux/files/home/02.ERP-system/19.asset-management/02.maintenance-planning/060.integration	/data/data/com.termux/files/home/02.ERP-system/19.asset-management/02.maintenance-planning/060.integration	exists	directory already exists
/data/data/com.termux/files/home/02.ERP-system/19.asset-management/02.maintenance-planning	index	/data/data/com.termux/files/home/02.ERP-system/19.asset-management/02.maintenance-planning/060.integration/INDEX.md	/data/data/com.termux/files/home/02.ERP-system/19.asset-management/02.maintenance-planning/060.integration/INDEX.md	exists	index already exists
/data/data/com.termux/files/home/02.ERP-system/19.asset-management/02.maintenance-planning	overview	/data/data/com.termux/files/home/02.ERP-system/19.asset-management/02.maintenance-planning/060.integration/OVERVIEW.md	/data/data/com.termux/files/home/02.ERP-system/19.asset-management/02.maintenance-planning/060.integration/OVERVIEW.md	exists	overview already exists
/data/data/com.termux/files/home/02.ERP-system/19.asset-management/02.maintenance-planning	dir	/data/data/com.termux/files/home/02.ERP-system/19.asset-management/02.maintenance-planning/070.operations	/data/data/com.termux/files/home/02.ERP-system/19.asset-management/02.maintenance-planning/070.operations	exists	directory already exists
/data/data/com.termux/files/home/02.ERP-system/19.asset-management/02.maintenance-planning	index	/data/data/com.termux/files/home/02.ERP-system/19.asset-management/02.maintenance-planning/070.operations/INDEX.md	/data/data/com.termux/files/home/02.ERP-system/19.asset-management/02.maintenance-planning/070.operations/INDEX.md	exists	index already exists
/data/data/com.termux/files/home/02.ERP-system/19.asset-management/02.maintenance-planning	overview	/data/data/com.termux/files/home/02.ERP-system/19.asset-management/02.maintenance-planning/070.operations/OVERVIEW.md	/data/data/com.termux/files/home/02.ERP-system/19.asset-management/02.maintenance-planning/070.operations/OVERVIEW.md	exists	overview already exists
/data/data/com.termux/files/home/02.ERP-system/19.asset-management/02.maintenance-planning	dir	/data/data/com.termux/files/home/02.ERP-system/19.asset-management/02.maintenance-planning/080.policy	/data/data/com.termux/files/home/02.ERP-system/19.asset-management/02.maintenance-planning/080.policy	exists	directory already exists
/data/data/com.termux/files/home/02.ERP-system/19.asset-management/02.maintenance-planning	index	/data/data/com.termux/files/home/02.ERP-system/19.asset-management/02.maintenance-planning/080.policy/INDEX.md	/data/data/com.termux/files/home/02.ERP-system/19.asset-management/02.maintenance-planning/080.policy/INDEX.md	exists	index already exists
/data/data/com.termux/files/home/02.ERP-system/19.asset-management/02.maintenance-planning	overview	/data/data/com.termux/files/home/02.ERP-system/19.asset-management/02.maintenance-planning/080.policy/OVERVIEW.md	/data/data/com.termux/files/home/02.ERP-system/19.asset-management/02.maintenance-planning/080.policy/OVERVIEW.md	exists	overview already exists
/data/data/com.termux/files/home/02.ERP-system/19.asset-management/02.maintenance-planning	dir	/data/data/com.termux/files/home/02.ERP-system/19.asset-management/02.maintenance-planning/100.security	/data/data/com.termux/files/home/02.ERP-system/19.asset-management/02.maintenance-planning/100.security	exists	directory already exists
/data/data/com.termux/files/home/02.ERP-system/19.asset-management/02.maintenance-planning	index	/data/data/com.termux/files/home/02.ERP-system/19.asset-management/02.maintenance-planning/100.security/INDEX.md	/data/data/com.termux/files/home/02.ERP-system/19.asset-management/02.maintenance-planning/100.security/INDEX.md	exists	index already exists
/data/data/com.termux/files/home/02.ERP-system/19.asset-management/02.maintenance-planning	overview	/data/data/com.termux/files/home/02.ERP-system/19.asset-management/02.maintenance-planning/100.security/OVERVIEW.md	/data/data/com.termux/files/home/02.ERP-system/19.asset-management/02.maintenance-planning/100.security/OVERVIEW.md	exists	overview already exists
/data/data/com.termux/files/home/02.ERP-system/19.asset-management/02.maintenance-planning	dir	/data/data/com.termux/files/home/02.ERP-system/19.asset-management/02.maintenance-planning/110.infrastructure	/data/data/com.termux/files/home/02.ERP-system/19.asset-management/02.maintenance-planning/110.infrastructure	exists	directory already exists
/data/data/com.termux/files/home/02.ERP-system/19.asset-management/02.maintenance-planning	index	/data/data/com.termux/files/home/02.ERP-system/19.asset-management/02.maintenance-planning/110.infrastructure/INDEX.md	/data/data/com.termux/files/home/02.ERP-system/19.asset-management/02.maintenance-planning/110.infrastructure/INDEX.md	exists	index already exists
/data/data/com.termux/files/home/02.ERP-system/19.asset-management/02.maintenance-planning	overview	/data/data/com.termux/files/home/02.ERP-system/19.asset-management/02.maintenance-planning/110.infrastructure/OVERVIEW.md	/data/data/com.termux/files/home/02.ERP-system/19.asset-management/02.maintenance-planning/110.infrastructure/OVERVIEW.md	exists	overview already exists
/data/data/com.termux/files/home/02.ERP-system/19.asset-management/02.maintenance-planning	dir	/data/data/com.termux/files/home/02.ERP-system/19.asset-management/02.maintenance-planning/120.implementation	/data/data/com.termux/files/home/02.ERP-system/19.asset-management/02.maintenance-planning/120.implementation	exists	directory already exists
/data/data/com.termux/files/home/02.ERP-system/19.asset-management/02.maintenance-planning	index	/data/data/com.termux/files/home/02.ERP-system/19.asset-management/02.maintenance-planning/120.implementation/INDEX.md	/data/data/com.termux/files/home/02.ERP-system/19.asset-management/02.maintenance-planning/120.implementation/INDEX.md	exists	index already exists
/data/data/com.termux/files/home/02.ERP-system/19.asset-management/02.maintenance-planning	overview	/data/data/com.termux/files/home/02.ERP-system/19.asset-management/02.maintenance-planning/120.implementation/OVERVIEW.md	/data/data/com.termux/files/home/02.ERP-system/19.asset-management/02.maintenance-planning/120.implementation/OVERVIEW.md	exists	overview already exists
/data/data/com.termux/files/home/02.ERP-system/19.asset-management/02.maintenance-planning	dir	/data/data/com.termux/files/home/02.ERP-system/19.asset-management/02.maintenance-planning/130.development	/data/data/com.termux/files/home/02.ERP-system/19.asset-management/02.maintenance-planning/130.development	exists	directory already exists
/data/data/com.termux/files/home/02.ERP-system/19.asset-management/02.maintenance-planning	index	/data/data/com.termux/files/home/02.ERP-system/19.asset-management/02.maintenance-planning/130.development/INDEX.md	/data/data/com.termux/files/home/02.ERP-system/19.asset-management/02.maintenance-planning/130.development/INDEX.md	exists	index already exists
/data/data/com.termux/files/home/02.ERP-system/19.asset-management/02.maintenance-planning	overview	/data/data/com.termux/files/home/02.ERP-system/19.asset-management/02.maintenance-planning/130.development/OVERVIEW.md	/data/data/com.termux/files/home/02.ERP-system/19.asset-management/02.maintenance-planning/130.development/OVERVIEW.md	exists	overview already exists
/data/data/com.termux/files/home/02.ERP-system/19.asset-management/02.maintenance-planning	dir	/data/data/com.termux/files/home/02.ERP-system/19.asset-management/02.maintenance-planning/900.meta	/data/data/com.termux/files/home/02.ERP-system/19.asset-management/02.maintenance-planning/900.meta	exists	directory already exists
/data/data/com.termux/files/home/02.ERP-system/19.asset-management/02.maintenance-planning	index	/data/data/com.termux/files/home/02.ERP-system/19.asset-management/02.maintenance-planning/900.meta/INDEX.md	/data/data/com.termux/files/home/02.ERP-system/19.asset-management/02.maintenance-planning/900.meta/INDEX.md	exists	index already exists
/data/data/com.termux/files/home/02.ERP-system/19.asset-management/02.maintenance-planning	overview	/data/data/com.termux/files/home/02.ERP-system/19.asset-management/02.maintenance-planning/900.meta/OVERVIEW.md	/data/data/com.termux/files/home/02.ERP-system/19.asset-management/02.maintenance-planning/900.meta/OVERVIEW.md	exists	overview already exists
/data/data/com.termux/files/home/02.ERP-system/19.asset-management/02.maintenance-planning	dir	/data/data/com.termux/files/home/02.ERP-system/19.asset-management/02.maintenance-planning/920.meta	/data/data/com.termux/files/home/02.ERP-system/19.asset-management/02.maintenance-planning/920.meta	exists	directory already exists
/data/data/com.termux/files/home/02.ERP-system/19.asset-management/02.maintenance-planning	index	/data/data/com.termux/files/home/02.ERP-system/19.asset-management/02.maintenance-planning/920.meta/INDEX.md	/data/data/com.termux/files/home/02.ERP-system/19.asset-management/02.maintenance-planning/920.meta/INDEX.md	exists	index already exists
/data/data/com.termux/files/home/02.ERP-system/19.asset-management/02.maintenance-planning	overview	/data/data/com.termux/files/home/02.ERP-system/19.asset-management/02.maintenance-planning/920.meta/OVERVIEW.md	/data/data/com.termux/files/home/02.ERP-system/19.asset-management/02.maintenance-planning/920.meta/OVERVIEW.md	exists	overview already exists
/data/data/com.termux/files/home/02.ERP-system/19.asset-management/03.utilization	dir	/data/data/com.termux/files/home/02.ERP-system/19.asset-management/03.utilization/010.constitution	/data/data/com.termux/files/home/02.ERP-system/19.asset-management/03.utilization/010.constitution	exists	directory already exists
/data/data/com.termux/files/home/02.ERP-system/19.asset-management/03.utilization	dir	/data/data/com.termux/files/home/02.ERP-system/19.asset-management/03.utilization/020.architecture	/data/data/com.termux/files/home/02.ERP-system/19.asset-management/03.utilization/020.architecture	exists	directory already exists
/data/data/com.termux/files/home/02.ERP-system/19.asset-management/03.utilization	dir	/data/data/com.termux/files/home/02.ERP-system/19.asset-management/03.utilization/030.model	/data/data/com.termux/files/home/02.ERP-system/19.asset-management/03.utilization/030.model	exists	directory already exists
/data/data/com.termux/files/home/02.ERP-system/19.asset-management/03.utilization	dir	/data/data/com.termux/files/home/02.ERP-system/19.asset-management/03.utilization/050.flow	/data/data/com.termux/files/home/02.ERP-system/19.asset-management/03.utilization/050.flow	exists	directory already exists
/data/data/com.termux/files/home/02.ERP-system/19.asset-management/03.utilization	dir	/data/data/com.termux/files/home/02.ERP-system/19.asset-management/03.utilization/060.integration	/data/data/com.termux/files/home/02.ERP-system/19.asset-management/03.utilization/060.integration	exists	directory already exists
/data/data/com.termux/files/home/02.ERP-system/19.asset-management/03.utilization	dir	/data/data/com.termux/files/home/02.ERP-system/19.asset-management/03.utilization/070.operations	/data/data/com.termux/files/home/02.ERP-system/19.asset-management/03.utilization/070.operations	exists	directory already exists
/data/data/com.termux/files/home/02.ERP-system/19.asset-management/03.utilization	dir	/data/data/com.termux/files/home/02.ERP-system/19.asset-management/03.utilization/080.policy	/data/data/com.termux/files/home/02.ERP-system/19.asset-management/03.utilization/080.policy	exists	directory already exists
/data/data/com.termux/files/home/02.ERP-system/19.asset-management/03.utilization	dir	/data/data/com.termux/files/home/02.ERP-system/19.asset-management/03.utilization/100.security	/data/data/com.termux/files/home/02.ERP-system/19.asset-management/03.utilization/100.security	exists	directory already exists
/data/data/com.termux/files/home/02.ERP-system/19.asset-management/03.utilization	dir	/data/data/com.termux/files/home/02.ERP-system/19.asset-management/03.utilization/110.infrastructure	/data/data/com.termux/files/home/02.ERP-system/19.asset-management/03.utilization/110.infrastructure	exists	directory already exists
/data/data/com.termux/files/home/02.ERP-system/19.asset-management/03.utilization	dir	/data/data/com.termux/files/home/02.ERP-system/19.asset-management/03.utilization/120.implementation	/data/data/com.termux/files/home/02.ERP-system/19.asset-management/03.utilization/120.implementation	exists	directory already exists
/data/data/com.termux/files/home/02.ERP-system/19.asset-management/03.utilization	dir	/data/data/com.termux/files/home/02.ERP-system/19.asset-management/03.utilization/130.development	/data/data/com.termux/files/home/02.ERP-system/19.asset-management/03.utilization/130.development	exists	directory already exists
/data/data/com.termux/files/home/02.ERP-system/19.asset-management/03.utilization	dir	/data/data/com.termux/files/home/02.ERP-system/19.asset-management/03.utilization/900.meta	/data/data/com.termux/files/home/02.ERP-system/19.asset-management/03.utilization/900.meta	exists	directory already exists
/data/data/com.termux/files/home/02.ERP-system/19.asset-management/03.utilization	dir	/data/data/com.termux/files/home/02.ERP-system/19.asset-management/03.utilization/920.meta	/data/data/com.termux/files/home/02.ERP-system/19.asset-management/03.utilization/920.meta	exists	directory already exists
/data/data/com.termux/files/home/02.ERP-system/19.asset-management/03.utilization	index	/data/data/com.termux/files/home/02.ERP-system/19.asset-management/03.utilization/INDEX.md	/data/data/com.termux/files/home/02.ERP-system/19.asset-management/03.utilization/INDEX.md	exists	index already exists
/data/data/com.termux/files/home/02.ERP-system/19.asset-management/03.utilization	overview	/data/data/com.termux/files/home/02.ERP-system/19.asset-management/03.utilization/OVERVIEW.md	/data/data/com.termux/files/home/02.ERP-system/19.asset-management/03.utilization/OVERVIEW.md	exists	overview already exists
/data/data/com.termux/files/home/02.ERP-system/19.asset-management/03.utilization	dir	/data/data/com.termux/files/home/02.ERP-system/19.asset-management/03.utilization/010.constitution	/data/data/com.termux/files/home/02.ERP-system/19.asset-management/03.utilization/010.constitution	exists	directory already exists
/data/data/com.termux/files/home/02.ERP-system/19.asset-management/03.utilization	index	/data/data/com.termux/files/home/02.ERP-system/19.asset-management/03.utilization/010.constitution/INDEX.md	/data/data/com.termux/files/home/02.ERP-system/19.asset-management/03.utilization/010.constitution/INDEX.md	exists	index already exists
/data/data/com.termux/files/home/02.ERP-system/19.asset-management/03.utilization	overview	/data/data/com.termux/files/home/02.ERP-system/19.asset-management/03.utilization/010.constitution/OVERVIEW.md	/data/data/com.termux/files/home/02.ERP-system/19.asset-management/03.utilization/010.constitution/OVERVIEW.md	exists	overview already exists
/data/data/com.termux/files/home/02.ERP-system/19.asset-management/03.utilization	dir	/data/data/com.termux/files/home/02.ERP-system/19.asset-management/03.utilization/020.architecture	/data/data/com.termux/files/home/02.ERP-system/19.asset-management/03.utilization/020.architecture	exists	directory already exists
/data/data/com.termux/files/home/02.ERP-system/19.asset-management/03.utilization	index	/data/data/com.termux/files/home/02.ERP-system/19.asset-management/03.utilization/020.architecture/INDEX.md	/data/data/com.termux/files/home/02.ERP-system/19.asset-management/03.utilization/020.architecture/INDEX.md	exists	index already exists
/data/data/com.termux/files/home/02.ERP-system/19.asset-management/03.utilization	overview	/data/data/com.termux/files/home/02.ERP-system/19.asset-management/03.utilization/020.architecture/OVERVIEW.md	/data/data/com.termux/files/home/02.ERP-system/19.asset-management/03.utilization/020.architecture/OVERVIEW.md	exists	overview already exists
/data/data/com.termux/files/home/02.ERP-system/19.asset-management/03.utilization	dir	/data/data/com.termux/files/home/02.ERP-system/19.asset-management/03.utilization/030.model	/data/data/com.termux/files/home/02.ERP-system/19.asset-management/03.utilization/030.model	exists	directory already exists
/data/data/com.termux/files/home/02.ERP-system/19.asset-management/03.utilization	index	/data/data/com.termux/files/home/02.ERP-system/19.asset-management/03.utilization/030.model/INDEX.md	/data/data/com.termux/files/home/02.ERP-system/19.asset-management/03.utilization/030.model/INDEX.md	exists	index already exists
/data/data/com.termux/files/home/02.ERP-system/19.asset-management/03.utilization	overview	/data/data/com.termux/files/home/02.ERP-system/19.asset-management/03.utilization/030.model/OVERVIEW.md	/data/data/com.termux/files/home/02.ERP-system/19.asset-management/03.utilization/030.model/OVERVIEW.md	exists	overview already exists
/data/data/com.termux/files/home/02.ERP-system/19.asset-management/03.utilization	dir	/data/data/com.termux/files/home/02.ERP-system/19.asset-management/03.utilization/050.flow	/data/data/com.termux/files/home/02.ERP-system/19.asset-management/03.utilization/050.flow	exists	directory already exists
/data/data/com.termux/files/home/02.ERP-system/19.asset-management/03.utilization	index	/data/data/com.termux/files/home/02.ERP-system/19.asset-management/03.utilization/050.flow/INDEX.md	/data/data/com.termux/files/home/02.ERP-system/19.asset-management/03.utilization/050.flow/INDEX.md	exists	index already exists
/data/data/com.termux/files/home/02.ERP-system/19.asset-management/03.utilization	overview	/data/data/com.termux/files/home/02.ERP-system/19.asset-management/03.utilization/050.flow/OVERVIEW.md	/data/data/com.termux/files/home/02.ERP-system/19.asset-management/03.utilization/050.flow/OVERVIEW.md	exists	overview already exists
/data/data/com.termux/files/home/02.ERP-system/19.asset-management/03.utilization	dir	/data/data/com.termux/files/home/02.ERP-system/19.asset-management/03.utilization/060.integration	/data/data/com.termux/files/home/02.ERP-system/19.asset-management/03.utilization/060.integration	exists	directory already exists
/data/data/com.termux/files/home/02.ERP-system/19.asset-management/03.utilization	index	/data/data/com.termux/files/home/02.ERP-system/19.asset-management/03.utilization/060.integration/INDEX.md	/data/data/com.termux/files/home/02.ERP-system/19.asset-management/03.utilization/060.integration/INDEX.md	exists	index already exists
/data/data/com.termux/files/home/02.ERP-system/19.asset-management/03.utilization	overview	/data/data/com.termux/files/home/02.ERP-system/19.asset-management/03.utilization/060.integration/OVERVIEW.md	/data/data/com.termux/files/home/02.ERP-system/19.asset-management/03.utilization/060.integration/OVERVIEW.md	exists	overview already exists
/data/data/com.termux/files/home/02.ERP-system/19.asset-management/03.utilization	dir	/data/data/com.termux/files/home/02.ERP-system/19.asset-management/03.utilization/070.operations	/data/data/com.termux/files/home/02.ERP-system/19.asset-management/03.utilization/070.operations	exists	directory already exists
/data/data/com.termux/files/home/02.ERP-system/19.asset-management/03.utilization	index	/data/data/com.termux/files/home/02.ERP-system/19.asset-management/03.utilization/070.operations/INDEX.md	/data/data/com.termux/files/home/02.ERP-system/19.asset-management/03.utilization/070.operations/INDEX.md	exists	index already exists
/data/data/com.termux/files/home/02.ERP-system/19.asset-management/03.utilization	overview	/data/data/com.termux/files/home/02.ERP-system/19.asset-management/03.utilization/070.operations/OVERVIEW.md	/data/data/com.termux/files/home/02.ERP-system/19.asset-management/03.utilization/070.operations/OVERVIEW.md	exists	overview already exists
/data/data/com.termux/files/home/02.ERP-system/19.asset-management/03.utilization	dir	/data/data/com.termux/files/home/02.ERP-system/19.asset-management/03.utilization/080.policy	/data/data/com.termux/files/home/02.ERP-system/19.asset-management/03.utilization/080.policy	exists	directory already exists
/data/data/com.termux/files/home/02.ERP-system/19.asset-management/03.utilization	index	/data/data/com.termux/files/home/02.ERP-system/19.asset-management/03.utilization/080.policy/INDEX.md	/data/data/com.termux/files/home/02.ERP-system/19.asset-management/03.utilization/080.policy/INDEX.md	exists	index already exists
/data/data/com.termux/files/home/02.ERP-system/19.asset-management/03.utilization	overview	/data/data/com.termux/files/home/02.ERP-system/19.asset-management/03.utilization/080.policy/OVERVIEW.md	/data/data/com.termux/files/home/02.ERP-system/19.asset-management/03.utilization/080.policy/OVERVIEW.md	exists	overview already exists
/data/data/com.termux/files/home/02.ERP-system/19.asset-management/03.utilization	dir	/data/data/com.termux/files/home/02.ERP-system/19.asset-management/03.utilization/100.security	/data/data/com.termux/files/home/02.ERP-system/19.asset-management/03.utilization/100.security	exists	directory already exists
/data/data/com.termux/files/home/02.ERP-system/19.asset-management/03.utilization	index	/data/data/com.termux/files/home/02.ERP-system/19.asset-management/03.utilization/100.security/INDEX.md	/data/data/com.termux/files/home/02.ERP-system/19.asset-management/03.utilization/100.security/INDEX.md	exists	index already exists
/data/data/com.termux/files/home/02.ERP-system/19.asset-management/03.utilization	overview	/data/data/com.termux/files/home/02.ERP-system/19.asset-management/03.utilization/100.security/OVERVIEW.md	/data/data/com.termux/files/home/02.ERP-system/19.asset-management/03.utilization/100.security/OVERVIEW.md	exists	overview already exists
/data/data/com.termux/files/home/02.ERP-system/19.asset-management/03.utilization	dir	/data/data/com.termux/files/home/02.ERP-system/19.asset-management/03.utilization/110.infrastructure	/data/data/com.termux/files/home/02.ERP-system/19.asset-management/03.utilization/110.infrastructure	exists	directory already exists
/data/data/com.termux/files/home/02.ERP-system/19.asset-management/03.utilization	index	/data/data/com.termux/files/home/02.ERP-system/19.asset-management/03.utilization/110.infrastructure/INDEX.md	/data/data/com.termux/files/home/02.ERP-system/19.asset-management/03.utilization/110.infrastructure/INDEX.md	exists	index already exists
/data/data/com.termux/files/home/02.ERP-system/19.asset-management/03.utilization	overview	/data/data/com.termux/files/home/02.ERP-system/19.asset-management/03.utilization/110.infrastructure/OVERVIEW.md	/data/data/com.termux/files/home/02.ERP-system/19.asset-management/03.utilization/110.infrastructure/OVERVIEW.md	exists	overview already exists
/data/data/com.termux/files/home/02.ERP-system/19.asset-management/03.utilization	dir	/data/data/com.termux/files/home/02.ERP-system/19.asset-management/03.utilization/120.implementation	/data/data/com.termux/files/home/02.ERP-system/19.asset-management/03.utilization/120.implementation	exists	directory already exists
/data/data/com.termux/files/home/02.ERP-system/19.asset-management/03.utilization	index	/data/data/com.termux/files/home/02.ERP-system/19.asset-management/03.utilization/120.implementation/INDEX.md	/data/data/com.termux/files/home/02.ERP-system/19.asset-management/03.utilization/120.implementation/INDEX.md	exists	index already exists
/data/data/com.termux/files/home/02.ERP-system/19.asset-management/03.utilization	overview	/data/data/com.termux/files/home/02.ERP-system/19.asset-management/03.utilization/120.implementation/OVERVIEW.md	/data/data/com.termux/files/home/02.ERP-system/19.asset-management/03.utilization/120.implementation/OVERVIEW.md	exists	overview already exists
/data/data/com.termux/files/home/02.ERP-system/19.asset-management/03.utilization	dir	/data/data/com.termux/files/home/02.ERP-system/19.asset-management/03.utilization/130.development	/data/data/com.termux/files/home/02.ERP-system/19.asset-management/03.utilization/130.development	exists	directory already exists
/data/data/com.termux/files/home/02.ERP-system/19.asset-management/03.utilization	index	/data/data/com.termux/files/home/02.ERP-system/19.asset-management/03.utilization/130.development/INDEX.md	/data/data/com.termux/files/home/02.ERP-system/19.asset-management/03.utilization/130.development/INDEX.md	exists	index already exists
/data/data/com.termux/files/home/02.ERP-system/19.asset-management/03.utilization	overview	/data/data/com.termux/files/home/02.ERP-system/19.asset-management/03.utilization/130.development/OVERVIEW.md	/data/data/com.termux/files/home/02.ERP-system/19.asset-management/03.utilization/130.development/OVERVIEW.md	exists	overview already exists
/data/data/com.termux/files/home/02.ERP-system/19.asset-management/03.utilization	dir	/data/data/com.termux/files/home/02.ERP-system/19.asset-management/03.utilization/900.meta	/data/data/com.termux/files/home/02.ERP-system/19.asset-management/03.utilization/900.meta	exists	directory already exists
/data/data/com.termux/files/home/02.ERP-system/19.asset-management/03.utilization	index	/data/data/com.termux/files/home/02.ERP-system/19.asset-management/03.utilization/900.meta/INDEX.md	/data/data/com.termux/files/home/02.ERP-system/19.asset-management/03.utilization/900.meta/INDEX.md	exists	index already exists
/data/data/com.termux/files/home/02.ERP-system/19.asset-management/03.utilization	overview	/data/data/com.termux/files/home/02.ERP-system/19.asset-management/03.utilization/900.meta/OVERVIEW.md	/data/data/com.termux/files/home/02.ERP-system/19.asset-management/03.utilization/900.meta/OVERVIEW.md	exists	overview already exists
/data/data/com.termux/files/home/02.ERP-system/19.asset-management/03.utilization	dir	/data/data/com.termux/files/home/02.ERP-system/19.asset-management/03.utilization/920.meta	/data/data/com.termux/files/home/02.ERP-system/19.asset-management/03.utilization/920.meta	exists	directory already exists
/data/data/com.termux/files/home/02.ERP-system/19.asset-management/03.utilization	index	/data/data/com.termux/files/home/02.ERP-system/19.asset-management/03.utilization/920.meta/INDEX.md	/data/data/com.termux/files/home/02.ERP-system/19.asset-management/03.utilization/920.meta/INDEX.md	exists	index already exists
/data/data/com.termux/files/home/02.ERP-system/19.asset-management/03.utilization	overview	/data/data/com.termux/files/home/02.ERP-system/19.asset-management/03.utilization/920.meta/OVERVIEW.md	/data/data/com.termux/files/home/02.ERP-system/19.asset-management/03.utilization/920.meta/OVERVIEW.md	exists	overview already exists
/data/data/com.termux/files/home/02.ERP-system/30.accounting	archive_payload	/data/data/com.termux/files/home/02.ERP-system/30.accounting/010.constitution/030_ERP_UNNUMBERED_TO_NUMBERED_TRANSITION_LEDGER.md	/data/data/com.termux/files/home/02.ERP-system/99.archive/20260422_224743/module-design-reset/30.accounting/010.constitution/030_ERP_UNNUMBERED_TO_NUMBERED_TRANSITION_LEDGER.md	moved	module payload archived during reset
/data/data/com.termux/files/home/02.ERP-system/30.accounting	archive_payload	/data/data/com.termux/files/home/02.ERP-system/30.accounting/010.constitution/031_ERP_UNNUMBERED_TO_NUMBERED_TRANSITION_LEDGER.tsv	/data/data/com.termux/files/home/02.ERP-system/99.archive/20260422_224743/module-design-reset/30.accounting/010.constitution/031_ERP_UNNUMBERED_TO_NUMBERED_TRANSITION_LEDGER.tsv	moved	module payload archived during reset
/data/data/com.termux/files/home/02.ERP-system/30.accounting	archive_payload	/data/data/com.termux/files/home/02.ERP-system/30.accounting/010.constitution/503_ERP_V3_BOUNDARY_ID_CANONICAL_POLICY.md	/data/data/com.termux/files/home/02.ERP-system/99.archive/20260422_224743/module-design-reset/30.accounting/010.constitution/503_ERP_V3_BOUNDARY_ID_CANONICAL_POLICY.md	moved	module payload archived during reset
/data/data/com.termux/files/home/02.ERP-system/30.accounting	archive_payload	/data/data/com.termux/files/home/02.ERP-system/30.accounting/020.architecture/000_COMMON_DESIGN_INDEX.md	/data/data/com.termux/files/home/02.ERP-system/99.archive/20260422_224743/module-design-reset/30.accounting/020.architecture/000_COMMON_DESIGN_INDEX.md	moved	module payload archived during reset
/data/data/com.termux/files/home/02.ERP-system/30.accounting	archive_payload	/data/data/com.termux/files/home/02.ERP-system/30.accounting/020.architecture/000_COMMON_DESIGN_OVERVIEW.md	/data/data/com.termux/files/home/02.ERP-system/99.archive/20260422_224743/module-design-reset/30.accounting/020.architecture/000_COMMON_DESIGN_OVERVIEW.md	moved	module payload archived during reset
/data/data/com.termux/files/home/02.ERP-system/30.accounting	archive_payload	/data/data/com.termux/files/home/02.ERP-system/30.accounting/020.architecture/001_COMMON_DESIGN_SET_INTEGRATION_NOTE.md	/data/data/com.termux/files/home/02.ERP-system/99.archive/20260422_224743/module-design-reset/30.accounting/020.architecture/001_COMMON_DESIGN_SET_INTEGRATION_NOTE.md	moved	module payload archived during reset
/data/data/com.termux/files/home/02.ERP-system/30.accounting	archive_payload	/data/data/com.termux/files/home/02.ERP-system/30.accounting/020.architecture/002_COMMON_DESIGN_SET_NAVIGATION_RULE.md	/data/data/com.termux/files/home/02.ERP-system/99.archive/20260422_224743/module-design-reset/30.accounting/020.architecture/002_COMMON_DESIGN_SET_NAVIGATION_RULE.md	moved	module payload archived during reset
/data/data/com.termux/files/home/02.ERP-system/30.accounting	archive_payload	/data/data/com.termux/files/home/02.ERP-system/30.accounting/020.architecture/1215_ERP_ACCOUNTING_WHOLE_DESIGN_STATUS.md	/data/data/com.termux/files/home/02.ERP-system/99.archive/20260422_224743/module-design-reset/30.accounting/020.architecture/1215_ERP_ACCOUNTING_WHOLE_DESIGN_STATUS.md	moved	module payload archived during reset
/data/data/com.termux/files/home/02.ERP-system/30.accounting	archive_payload	/data/data/com.termux/files/home/02.ERP-system/30.accounting/020.architecture/1221_ERP_SALES_INVENTORY_ACCOUNTING_LINKAGE_RULE.md	/data/data/com.termux/files/home/02.ERP-system/99.archive/20260422_224743/module-design-reset/30.accounting/020.architecture/1221_ERP_SALES_INVENTORY_ACCOUNTING_LINKAGE_RULE.md	moved	module payload archived during reset
/data/data/com.termux/files/home/02.ERP-system/30.accounting	archive_payload	/data/data/com.termux/files/home/02.ERP-system/30.accounting/020.architecture/124_ERP_DEEP_REVIEW_SET_INDEX.md	/data/data/com.termux/files/home/02.ERP-system/99.archive/20260422_224743/module-design-reset/30.accounting/020.architecture/124_ERP_DEEP_REVIEW_SET_INDEX.md	moved	module payload archived during reset
/data/data/com.termux/files/home/02.ERP-system/30.accounting	archive_payload	/data/data/com.termux/files/home/02.ERP-system/30.accounting/020.architecture/125_ERP_DEEP_REVIEW_SET_OVERVIEW.md	/data/data/com.termux/files/home/02.ERP-system/99.archive/20260422_224743/module-design-reset/30.accounting/020.architecture/125_ERP_DEEP_REVIEW_SET_OVERVIEW.md	moved	module payload archived during reset
/data/data/com.termux/files/home/02.ERP-system/30.accounting	archive_payload	/data/data/com.termux/files/home/02.ERP-system/30.accounting/020.architecture/126_ERP_RECONCILIATION_ROADMAP.md	/data/data/com.termux/files/home/02.ERP-system/99.archive/20260422_224743/module-design-reset/30.accounting/020.architecture/126_ERP_RECONCILIATION_ROADMAP.md	moved	module payload archived during reset
/data/data/com.termux/files/home/02.ERP-system/30.accounting	archive_payload	/data/data/com.termux/files/home/02.ERP-system/30.accounting/020.architecture/127_ERP_RECONCILIATION_CURRENT_STATE.md	/data/data/com.termux/files/home/02.ERP-system/99.archive/20260422_224743/module-design-reset/30.accounting/020.architecture/127_ERP_RECONCILIATION_CURRENT_STATE.md	moved	module payload archived during reset
/data/data/com.termux/files/home/02.ERP-system/30.accounting	archive_payload	/data/data/com.termux/files/home/02.ERP-system/30.accounting/020.architecture/128_ERP_RECONCILIATION_NEXT_ACTIONS.md	/data/data/com.termux/files/home/02.ERP-system/99.archive/20260422_224743/module-design-reset/30.accounting/020.architecture/128_ERP_RECONCILIATION_NEXT_ACTIONS.md	moved	module payload archived during reset
/data/data/com.termux/files/home/02.ERP-system/30.accounting	archive_payload	/data/data/com.termux/files/home/02.ERP-system/30.accounting/020.architecture/129_ERP_RECONCILIATION_DECISION_LOG_SUMMARY.md	/data/data/com.termux/files/home/02.ERP-system/99.archive/20260422_224743/module-design-reset/30.accounting/020.architecture/129_ERP_RECONCILIATION_DECISION_LOG_SUMMARY.md	moved	module payload archived during reset
/data/data/com.termux/files/home/02.ERP-system/30.accounting	archive_payload	/data/data/com.termux/files/home/02.ERP-system/30.accounting/020.architecture/130_DESIGN_MASTER_INDEX_RECONCILIATION_PATCH.md	/data/data/com.termux/files/home/02.ERP-system/99.archive/20260422_224743/module-design-reset/30.accounting/020.architecture/130_DESIGN_MASTER_INDEX_RECONCILIATION_PATCH.md	moved	module payload archived during reset
/data/data/com.termux/files/home/02.ERP-system/30.accounting	archive_payload	/data/data/com.termux/files/home/02.ERP-system/30.accounting/020.architecture/131_ERP_SYSTEM_MASTER_INDEX_RECONCILIATION_PATCH.md	/data/data/com.termux/files/home/02.ERP-system/99.archive/20260422_224743/module-design-reset/30.accounting/020.architecture/131_ERP_SYSTEM_MASTER_INDEX_RECONCILIATION_PATCH.md	moved	module payload archived during reset
/data/data/com.termux/files/home/02.ERP-system/30.accounting	archive_payload	/data/data/com.termux/files/home/02.ERP-system/30.accounting/020.architecture/132_ERP_RECONCILIATION_ROOT_NAVIGATION_RULE.md	/data/data/com.termux/files/home/02.ERP-system/99.archive/20260422_224743/module-design-reset/30.accounting/020.architecture/132_ERP_RECONCILIATION_ROOT_NAVIGATION_RULE.md	moved	module payload archived during reset
/data/data/com.termux/files/home/02.ERP-system/30.accounting	archive_payload	/data/data/com.termux/files/home/02.ERP-system/30.accounting/020.architecture/133_ERP_DESIGN_BIBLE_RECONCILIATION_PATCH.md	/data/data/com.termux/files/home/02.ERP-system/99.archive/20260422_224743/module-design-reset/30.accounting/020.architecture/133_ERP_DESIGN_BIBLE_RECONCILIATION_PATCH.md	moved	module payload archived during reset
/data/data/com.termux/files/home/02.ERP-system/30.accounting	archive_payload	/data/data/com.termux/files/home/02.ERP-system/30.accounting/020.architecture/134_ERP_RUNTIME_WRITE_PATH_EVIDENCE_CAPTURE_RULE.md	/data/data/com.termux/files/home/02.ERP-system/99.archive/20260422_224743/module-design-reset/30.accounting/020.architecture/134_ERP_RUNTIME_WRITE_PATH_EVIDENCE_CAPTURE_RULE.md	moved	module payload archived during reset
/data/data/com.termux/files/home/02.ERP-system/30.accounting	archive_payload	/data/data/com.termux/files/home/02.ERP-system/30.accounting/020.architecture/135_ERP_RUNTIME_WRITE_PATH_EVIDENCE_LOG_TEMPLATE.md	/data/data/com.termux/files/home/02.ERP-system/99.archive/20260422_224743/module-design-reset/30.accounting/020.architecture/135_ERP_RUNTIME_WRITE_PATH_EVIDENCE_LOG_TEMPLATE.md	moved	module payload archived during reset
/data/data/com.termux/files/home/02.ERP-system/30.accounting	archive_payload	/data/data/com.termux/files/home/02.ERP-system/30.accounting/020.architecture/136_ERP_RUNTIME_WRITE_PATH_TARGET_MATRIX.md	/data/data/com.termux/files/home/02.ERP-system/99.archive/20260422_224743/module-design-reset/30.accounting/020.architecture/136_ERP_RUNTIME_WRITE_PATH_TARGET_MATRIX.md	moved	module payload archived during reset
/data/data/com.termux/files/home/02.ERP-system/30.accounting	archive_payload	/data/data/com.termux/files/home/02.ERP-system/30.accounting/020.architecture/137_ERP_RUNTIME_WRITE_PATH_FIRST_CAPTURE_PLAN.md	/data/data/com.termux/files/home/02.ERP-system/99.archive/20260422_224743/module-design-reset/30.accounting/020.architecture/137_ERP_RUNTIME_WRITE_PATH_FIRST_CAPTURE_PLAN.md	moved	module payload archived during reset
/data/data/com.termux/files/home/02.ERP-system/30.accounting	archive_payload	/data/data/com.termux/files/home/02.ERP-system/30.accounting/020.architecture/138_ERP_HEADER_WRITE_EVIDENCE_CAPTURE_RULE.md	/data/data/com.termux/files/home/02.ERP-system/99.archive/20260422_224743/module-design-reset/30.accounting/020.architecture/138_ERP_HEADER_WRITE_EVIDENCE_CAPTURE_RULE.md	moved	module payload archived during reset
/data/data/com.termux/files/home/02.ERP-system/30.accounting	archive_payload	/data/data/com.termux/files/home/02.ERP-system/30.accounting/020.architecture/139_ERP_HEADER_WRITE_EVIDENCE_LOG_TEMPLATE.md	/data/data/com.termux/files/home/02.ERP-system/99.archive/20260422_224743/module-design-reset/30.accounting/020.architecture/139_ERP_HEADER_WRITE_EVIDENCE_LOG_TEMPLATE.md	moved	module payload archived during reset
/data/data/com.termux/files/home/02.ERP-system/30.accounting	archive_payload	/data/data/com.termux/files/home/02.ERP-system/30.accounting/020.architecture/140_ERP_HEADER_WRITE_TARGET_MATRIX.md	/data/data/com.termux/files/home/02.ERP-system/99.archive/20260422_224743/module-design-reset/30.accounting/020.architecture/140_ERP_HEADER_WRITE_TARGET_MATRIX.md	moved	module payload archived during reset
/data/data/com.termux/files/home/02.ERP-system/30.accounting	archive_payload	/data/data/com.termux/files/home/02.ERP-system/30.accounting/020.architecture/141_ERP_HEADER_WRITE_FIRST_CAPTURE_PLAN.md	/data/data/com.termux/files/home/02.ERP-system/99.archive/20260422_224743/module-design-reset/30.accounting/020.architecture/141_ERP_HEADER_WRITE_FIRST_CAPTURE_PLAN.md	moved	module payload archived during reset
/data/data/com.termux/files/home/02.ERP-system/30.accounting	archive_payload	/data/data/com.termux/files/home/02.ERP-system/30.accounting/020.architecture/142_ERP_SETTLEMENT_EVIDENCE_CAPTURE_RULE.md	/data/data/com.termux/files/home/02.ERP-system/99.archive/20260422_224743/module-design-reset/30.accounting/020.architecture/142_ERP_SETTLEMENT_EVIDENCE_CAPTURE_RULE.md	moved	module payload archived during reset
/data/data/com.termux/files/home/02.ERP-system/30.accounting	archive_payload	/data/data/com.termux/files/home/02.ERP-system/30.accounting/020.architecture/143_ERP_AR_AP_EVIDENCE_CAPTURE_RULE.md	/data/data/com.termux/files/home/02.ERP-system/99.archive/20260422_224743/module-design-reset/30.accounting/020.architecture/143_ERP_AR_AP_EVIDENCE_CAPTURE_RULE.md	moved	module payload archived during reset
/data/data/com.termux/files/home/02.ERP-system/30.accounting	archive_payload	/data/data/com.termux/files/home/02.ERP-system/30.accounting/020.architecture/144_ERP_SETTLEMENT_AND_AR_AP_EVIDENCE_LOG_TEMPLATE.md	/data/data/com.termux/files/home/02.ERP-system/99.archive/20260422_224743/module-design-reset/30.accounting/020.architecture/144_ERP_SETTLEMENT_AND_AR_AP_EVIDENCE_LOG_TEMPLATE.md	moved	module payload archived during reset
/data/data/com.termux/files/home/02.ERP-system/30.accounting	archive_payload	/data/data/com.termux/files/home/02.ERP-system/30.accounting/020.architecture/145_ERP_SETTLEMENT_AND_AR_AP_FIRST_CAPTURE_PLAN.md	/data/data/com.termux/files/home/02.ERP-system/99.archive/20260422_224743/module-design-reset/30.accounting/020.architecture/145_ERP_SETTLEMENT_AND_AR_AP_FIRST_CAPTURE_PLAN.md	moved	module payload archived during reset
/data/data/com.termux/files/home/02.ERP-system/30.accounting	archive_payload	/data/data/com.termux/files/home/02.ERP-system/30.accounting/020.architecture/146_ERP_APPROVAL_REQUEST_SUBFAMILY_EVIDENCE_CAPTURE_RULE.md	/data/data/com.termux/files/home/02.ERP-system/99.archive/20260422_224743/module-design-reset/30.accounting/020.architecture/146_ERP_APPROVAL_REQUEST_SUBFAMILY_EVIDENCE_CAPTURE_RULE.md	moved	module payload archived during reset
/data/data/com.termux/files/home/02.ERP-system/30.accounting	archive_payload	/data/data/com.termux/files/home/02.ERP-system/30.accounting/020.architecture/147_ERP_APPROVAL_REQUEST_SUBFAMILY_EVIDENCE_LOG_TEMPLATE.md	/data/data/com.termux/files/home/02.ERP-system/99.archive/20260422_224743/module-design-reset/30.accounting/020.architecture/147_ERP_APPROVAL_REQUEST_SUBFAMILY_EVIDENCE_LOG_TEMPLATE.md	moved	module payload archived during reset
/data/data/com.termux/files/home/02.ERP-system/30.accounting	archive_payload	/data/data/com.termux/files/home/02.ERP-system/30.accounting/020.architecture/148_ERP_APPROVAL_REQUEST_SUBFAMILY_TARGET_MATRIX.md	/data/data/com.termux/files/home/02.ERP-system/99.archive/20260422_224743/module-design-reset/30.accounting/020.architecture/148_ERP_APPROVAL_REQUEST_SUBFAMILY_TARGET_MATRIX.md	moved	module payload archived during reset
/data/data/com.termux/files/home/02.ERP-system/30.accounting	archive_payload	/data/data/com.termux/files/home/02.ERP-system/30.accounting/020.architecture/149_ERP_APPROVAL_REQUEST_SUBFAMILY_FIRST_CAPTURE_PLAN.md	/data/data/com.termux/files/home/02.ERP-system/99.archive/20260422_224743/module-design-reset/30.accounting/020.architecture/149_ERP_APPROVAL_REQUEST_SUBFAMILY_FIRST_CAPTURE_PLAN.md	moved	module payload archived during reset
/data/data/com.termux/files/home/02.ERP-system/30.accounting	archive_payload	/data/data/com.termux/files/home/02.ERP-system/30.accounting/020.architecture/150_ERP_EVIDENCE_CAPTURE_SET_INDEX.md	/data/data/com.termux/files/home/02.ERP-system/99.archive/20260422_224743/module-design-reset/30.accounting/020.architecture/150_ERP_EVIDENCE_CAPTURE_SET_INDEX.md	moved	module payload archived during reset
/data/data/com.termux/files/home/02.ERP-system/30.accounting	archive_payload	/data/data/com.termux/files/home/02.ERP-system/30.accounting/020.architecture/151_ERP_EVIDENCE_CAPTURE_SET_OVERVIEW.md	/data/data/com.termux/files/home/02.ERP-system/99.archive/20260422_224743/module-design-reset/30.accounting/020.architecture/151_ERP_EVIDENCE_CAPTURE_SET_OVERVIEW.md	moved	module payload archived during reset
/data/data/com.termux/files/home/02.ERP-system/30.accounting	archive_payload	/data/data/com.termux/files/home/02.ERP-system/30.accounting/020.architecture/152_DESIGN_MASTER_INDEX_EVIDENCE_CAPTURE_PATCH.md	/data/data/com.termux/files/home/02.ERP-system/99.archive/20260422_224743/module-design-reset/30.accounting/020.architecture/152_DESIGN_MASTER_INDEX_EVIDENCE_CAPTURE_PATCH.md	moved	module payload archived during reset
/data/data/com.termux/files/home/02.ERP-system/30.accounting	archive_payload	/data/data/com.termux/files/home/02.ERP-system/30.accounting/020.architecture/153_ERP_SYSTEM_MASTER_INDEX_EVIDENCE_CAPTURE_PATCH.md	/data/data/com.termux/files/home/02.ERP-system/99.archive/20260422_224743/module-design-reset/30.accounting/020.architecture/153_ERP_SYSTEM_MASTER_INDEX_EVIDENCE_CAPTURE_PATCH.md	moved	module payload archived during reset
/data/data/com.termux/files/home/02.ERP-system/30.accounting	archive_payload	/data/data/com.termux/files/home/02.ERP-system/30.accounting/020.architecture/154_ERP_EVIDENCE_CAPTURE_ROOT_NAVIGATION_RULE.md	/data/data/com.termux/files/home/02.ERP-system/99.archive/20260422_224743/module-design-reset/30.accounting/020.architecture/154_ERP_EVIDENCE_CAPTURE_ROOT_NAVIGATION_RULE.md	moved	module payload archived during reset
/data/data/com.termux/files/home/02.ERP-system/30.accounting	archive_payload	/data/data/com.termux/files/home/02.ERP-system/30.accounting/020.architecture/155_ERP_RUNTIME_EVIDENCE_ACTUAL_RESULTS.md	/data/data/com.termux/files/home/02.ERP-system/99.archive/20260422_224743/module-design-reset/30.accounting/020.architecture/155_ERP_RUNTIME_EVIDENCE_ACTUAL_RESULTS.md	moved	module payload archived during reset
/data/data/com.termux/files/home/02.ERP-system/30.accounting	archive_payload	/data/data/com.termux/files/home/02.ERP-system/30.accounting/020.architecture/156_ERP_HEADER_EVIDENCE_ACTUAL_RESULTS.md	/data/data/com.termux/files/home/02.ERP-system/99.archive/20260422_224743/module-design-reset/30.accounting/020.architecture/156_ERP_HEADER_EVIDENCE_ACTUAL_RESULTS.md	moved	module payload archived during reset
/data/data/com.termux/files/home/02.ERP-system/30.accounting	archive_payload	/data/data/com.termux/files/home/02.ERP-system/30.accounting/020.architecture/157_ERP_RUNTIME_AND_HEADER_EVIDENCE_INTERPRETATION.md	/data/data/com.termux/files/home/02.ERP-system/99.archive/20260422_224743/module-design-reset/30.accounting/020.architecture/157_ERP_RUNTIME_AND_HEADER_EVIDENCE_INTERPRETATION.md	moved	module payload archived during reset
/data/data/com.termux/files/home/02.ERP-system/30.accounting	archive_payload	/data/data/com.termux/files/home/02.ERP-system/30.accounting/020.architecture/158_ERP_PROVISIONAL_AUTHORITY_DECISIONS_HARDENED.md	/data/data/com.termux/files/home/02.ERP-system/99.archive/20260422_224743/module-design-reset/30.accounting/020.architecture/158_ERP_PROVISIONAL_AUTHORITY_DECISIONS_HARDENED.md	moved	module payload archived during reset
/data/data/com.termux/files/home/02.ERP-system/30.accounting	archive_payload	/data/data/com.termux/files/home/02.ERP-system/30.accounting/020.architecture/159_ERP_EVIDENCE_CAPTURE_FIRST_PASS_SUMMARY.md	/data/data/com.termux/files/home/02.ERP-system/99.archive/20260422_224743/module-design-reset/30.accounting/020.architecture/159_ERP_EVIDENCE_CAPTURE_FIRST_PASS_SUMMARY.md	moved	module payload archived during reset
/data/data/com.termux/files/home/02.ERP-system/30.accounting	archive_payload	/data/data/com.termux/files/home/02.ERP-system/30.accounting/020.architecture/160_ERP_PUBLIC_HEADER_STRUCTURE_EVIDENCE_RESULTS.md	/data/data/com.termux/files/home/02.ERP-system/99.archive/20260422_224743/module-design-reset/30.accounting/020.architecture/160_ERP_PUBLIC_HEADER_STRUCTURE_EVIDENCE_RESULTS.md	moved	module payload archived during reset
/data/data/com.termux/files/home/02.ERP-system/30.accounting	archive_payload	/data/data/com.termux/files/home/02.ERP-system/30.accounting/020.architecture/161_ERP_PUBLIC_HEADER_MIRROR_JUDGMENT.md	/data/data/com.termux/files/home/02.ERP-system/99.archive/20260422_224743/module-design-reset/30.accounting/020.architecture/161_ERP_PUBLIC_HEADER_MIRROR_JUDGMENT.md	moved	module payload archived during reset
/data/data/com.termux/files/home/02.ERP-system/30.accounting	archive_payload	/data/data/com.termux/files/home/02.ERP-system/30.accounting/020.architecture/162_ERP_PUBLIC_HEADER_ACTIVE_WRITE_RISK_REVIEW.md	/data/data/com.termux/files/home/02.ERP-system/99.archive/20260422_224743/module-design-reset/30.accounting/020.architecture/162_ERP_PUBLIC_HEADER_ACTIVE_WRITE_RISK_REVIEW.md	moved	module payload archived during reset
/data/data/com.termux/files/home/02.ERP-system/30.accounting	archive_payload	/data/data/com.termux/files/home/02.ERP-system/30.accounting/020.architecture/163_ERP_PUBLIC_HEADER_FINAL_FIRST_PASS_SUMMARY.md	/data/data/com.termux/files/home/02.ERP-system/99.archive/20260422_224743/module-design-reset/30.accounting/020.architecture/163_ERP_PUBLIC_HEADER_FINAL_FIRST_PASS_SUMMARY.md	moved	module payload archived during reset
/data/data/com.termux/files/home/02.ERP-system/30.accounting	archive_payload	/data/data/com.termux/files/home/02.ERP-system/30.accounting/020.architecture/164_ERP_SETTLEMENT_EVIDENCE_ACTUAL_RESULTS.md	/data/data/com.termux/files/home/02.ERP-system/99.archive/20260422_224743/module-design-reset/30.accounting/020.architecture/164_ERP_SETTLEMENT_EVIDENCE_ACTUAL_RESULTS.md	moved	module payload archived during reset
/data/data/com.termux/files/home/02.ERP-system/30.accounting	archive_payload	/data/data/com.termux/files/home/02.ERP-system/30.accounting/020.architecture/165_ERP_AR_AP_EVIDENCE_ACTUAL_RESULTS.md	/data/data/com.termux/files/home/02.ERP-system/99.archive/20260422_224743/module-design-reset/30.accounting/020.architecture/165_ERP_AR_AP_EVIDENCE_ACTUAL_RESULTS.md	moved	module payload archived during reset
/data/data/com.termux/files/home/02.ERP-system/30.accounting	archive_payload	/data/data/com.termux/files/home/02.ERP-system/30.accounting/020.architecture/166_ERP_SETTLEMENT_AND_AR_AP_EVIDENCE_INTERPRETATION.md	/data/data/com.termux/files/home/02.ERP-system/99.archive/20260422_224743/module-design-reset/30.accounting/020.architecture/166_ERP_SETTLEMENT_AND_AR_AP_EVIDENCE_INTERPRETATION.md	moved	module payload archived during reset
/data/data/com.termux/files/home/02.ERP-system/30.accounting	archive_payload	/data/data/com.termux/files/home/02.ERP-system/30.accounting/020.architecture/167_ERP_SETTLEMENT_AND_AR_AP_FIRST_PASS_SUMMARY.md	/data/data/com.termux/files/home/02.ERP-system/99.archive/20260422_224743/module-design-reset/30.accounting/020.architecture/167_ERP_SETTLEMENT_AND_AR_AP_FIRST_PASS_SUMMARY.md	moved	module payload archived during reset
/data/data/com.termux/files/home/02.ERP-system/30.accounting	archive_payload	/data/data/com.termux/files/home/02.ERP-system/30.accounting/020.architecture/168_ERP_APPROVAL_REQUEST_SUBFAMILY_EVIDENCE_ACTUAL_RESULTS.md	/data/data/com.termux/files/home/02.ERP-system/99.archive/20260422_224743/module-design-reset/30.accounting/020.architecture/168_ERP_APPROVAL_REQUEST_SUBFAMILY_EVIDENCE_ACTUAL_RESULTS.md	moved	module payload archived during reset
/data/data/com.termux/files/home/02.ERP-system/30.accounting	archive_payload	/data/data/com.termux/files/home/02.ERP-system/30.accounting/020.architecture/169_ERP_APPROVAL_REQUEST_SUBFAMILY_EVIDENCE_INTERPRETATION.md	/data/data/com.termux/files/home/02.ERP-system/99.archive/20260422_224743/module-design-reset/30.accounting/020.architecture/169_ERP_APPROVAL_REQUEST_SUBFAMILY_EVIDENCE_INTERPRETATION.md	moved	module payload archived during reset
/data/data/com.termux/files/home/02.ERP-system/30.accounting	archive_payload	/data/data/com.termux/files/home/02.ERP-system/30.accounting/020.architecture/170_ERP_APPROVAL_REQUEST_TRUE_AUTHORITY_CANDIDATE_REVIEW.md	/data/data/com.termux/files/home/02.ERP-system/99.archive/20260422_224743/module-design-reset/30.accounting/020.architecture/170_ERP_APPROVAL_REQUEST_TRUE_AUTHORITY_CANDIDATE_REVIEW.md	moved	module payload archived during reset
/data/data/com.termux/files/home/02.ERP-system/30.accounting	archive_payload	/data/data/com.termux/files/home/02.ERP-system/30.accounting/020.architecture/171_ERP_APPROVAL_REQUEST_FIRST_PASS_SUMMARY.md	/data/data/com.termux/files/home/02.ERP-system/99.archive/20260422_224743/module-design-reset/30.accounting/020.architecture/171_ERP_APPROVAL_REQUEST_FIRST_PASS_SUMMARY.md	moved	module payload archived during reset
/data/data/com.termux/files/home/02.ERP-system/30.accounting	archive_payload	/data/data/com.termux/files/home/02.ERP-system/30.accounting/020.architecture/172_ERP_AUTHORITY_REGISTRY_DRAFT_OVERVIEW.md	/data/data/com.termux/files/home/02.ERP-system/99.archive/20260422_224743/module-design-reset/30.accounting/020.architecture/172_ERP_AUTHORITY_REGISTRY_DRAFT_OVERVIEW.md	moved	module payload archived during reset
/data/data/com.termux/files/home/02.ERP-system/30.accounting	archive_payload	/data/data/com.termux/files/home/02.ERP-system/30.accounting/020.architecture/173_ERP_AUTHORITY_REGISTRY_DRAFT_RUNTIME.md	/data/data/com.termux/files/home/02.ERP-system/99.archive/20260422_224743/module-design-reset/30.accounting/020.architecture/173_ERP_AUTHORITY_REGISTRY_DRAFT_RUNTIME.md	moved	module payload archived during reset
/data/data/com.termux/files/home/02.ERP-system/30.accounting	archive_payload	/data/data/com.termux/files/home/02.ERP-system/30.accounting/020.architecture/174_ERP_AUTHORITY_REGISTRY_DRAFT_HEADERS.md	/data/data/com.termux/files/home/02.ERP-system/99.archive/20260422_224743/module-design-reset/30.accounting/020.architecture/174_ERP_AUTHORITY_REGISTRY_DRAFT_HEADERS.md	moved	module payload archived during reset
/data/data/com.termux/files/home/02.ERP-system/30.accounting	archive_payload	/data/data/com.termux/files/home/02.ERP-system/30.accounting/020.architecture/175_ERP_AUTHORITY_REGISTRY_DRAFT_SETTLEMENT_AR_AP_APPROVAL.md	/data/data/com.termux/files/home/02.ERP-system/99.archive/20260422_224743/module-design-reset/30.accounting/020.architecture/175_ERP_AUTHORITY_REGISTRY_DRAFT_SETTLEMENT_AR_AP_APPROVAL.md	moved	module payload archived during reset
/data/data/com.termux/files/home/02.ERP-system/30.accounting	archive_payload	/data/data/com.termux/files/home/02.ERP-system/30.accounting/020.architecture/176_ERP_AUTHORITY_REGISTRY_DRAFT_SUMMARY.md	/data/data/com.termux/files/home/02.ERP-system/99.archive/20260422_224743/module-design-reset/30.accounting/020.architecture/176_ERP_AUTHORITY_REGISTRY_DRAFT_SUMMARY.md	moved	module payload archived during reset
/data/data/com.termux/files/home/02.ERP-system/30.accounting	archive_payload	/data/data/com.termux/files/home/02.ERP-system/30.accounting/020.architecture/177_ERP_AUTHORITY_REGISTRY_NAVIGATION_NOTE.md	/data/data/com.termux/files/home/02.ERP-system/99.archive/20260422_224743/module-design-reset/30.accounting/020.architecture/177_ERP_AUTHORITY_REGISTRY_NAVIGATION_NOTE.md	moved	module payload archived during reset
/data/data/com.termux/files/home/02.ERP-system/30.accounting	archive_payload	/data/data/com.termux/files/home/02.ERP-system/30.accounting/020.architecture/178_ERP_AUTHORITY_REGISTRY_ROOT_PATCH.md	/data/data/com.termux/files/home/02.ERP-system/99.archive/20260422_224743/module-design-reset/30.accounting/020.architecture/178_ERP_AUTHORITY_REGISTRY_ROOT_PATCH.md	moved	module payload archived during reset
/data/data/com.termux/files/home/02.ERP-system/30.accounting	archive_payload	/data/data/com.termux/files/home/02.ERP-system/30.accounting/020.architecture/179_DESIGN_MASTER_INDEX_AUTHORITY_REGISTRY_PATCH.md	/data/data/com.termux/files/home/02.ERP-system/99.archive/20260422_224743/module-design-reset/30.accounting/020.architecture/179_DESIGN_MASTER_INDEX_AUTHORITY_REGISTRY_PATCH.md	moved	module payload archived during reset
/data/data/com.termux/files/home/02.ERP-system/30.accounting	archive_payload	/data/data/com.termux/files/home/02.ERP-system/30.accounting/020.architecture/180_ERP_SYSTEM_MASTER_INDEX_AUTHORITY_REGISTRY_PATCH.md	/data/data/com.termux/files/home/02.ERP-system/99.archive/20260422_224743/module-design-reset/30.accounting/020.architecture/180_ERP_SYSTEM_MASTER_INDEX_AUTHORITY_REGISTRY_PATCH.md	moved	module payload archived during reset
/data/data/com.termux/files/home/02.ERP-system/30.accounting	archive_payload	/data/data/com.termux/files/home/02.ERP-system/30.accounting/020.architecture/181_ERP_AUTHORITY_REGISTRY_ROOT_NAVIGATION_RULE.md	/data/data/com.termux/files/home/02.ERP-system/99.archive/20260422_224743/module-design-reset/30.accounting/020.architecture/181_ERP_AUTHORITY_REGISTRY_ROOT_NAVIGATION_RULE.md	moved	module payload archived during reset
/data/data/com.termux/files/home/02.ERP-system/30.accounting	archive_payload	/data/data/com.termux/files/home/02.ERP-system/30.accounting/020.architecture/182_ERP_FROZEN_AUTHORITY_CRITERIA.md	/data/data/com.termux/files/home/02.ERP-system/99.archive/20260422_224743/module-design-reset/30.accounting/020.architecture/182_ERP_FROZEN_AUTHORITY_CRITERIA.md	moved	module payload archived during reset
/data/data/com.termux/files/home/02.ERP-system/30.accounting	archive_payload	/data/data/com.termux/files/home/02.ERP-system/30.accounting/020.architecture/183_ERP_AUTHORITY_MATURITY_MODEL.md	/data/data/com.termux/files/home/02.ERP-system/99.archive/20260422_224743/module-design-reset/30.accounting/020.architecture/183_ERP_AUTHORITY_MATURITY_MODEL.md	moved	module payload archived during reset
/data/data/com.termux/files/home/02.ERP-system/30.accounting	archive_payload	/data/data/com.termux/files/home/02.ERP-system/30.accounting/020.architecture/184_ERP_AUTHORITY_REGISTRY_FREEZE_CHECKLIST.md	/data/data/com.termux/files/home/02.ERP-system/99.archive/20260422_224743/module-design-reset/30.accounting/020.architecture/184_ERP_AUTHORITY_REGISTRY_FREEZE_CHECKLIST.md	moved	module payload archived during reset
/data/data/com.termux/files/home/02.ERP-system/30.accounting	archive_payload	/data/data/com.termux/files/home/02.ERP-system/30.accounting/020.architecture/185_ERP_FROZEN_AUTHORITY_CANDIDATE_GATE.md	/data/data/com.termux/files/home/02.ERP-system/99.archive/20260422_224743/module-design-reset/30.accounting/020.architecture/185_ERP_FROZEN_AUTHORITY_CANDIDATE_GATE.md	moved	module payload archived during reset
/data/data/com.termux/files/home/02.ERP-system/30.accounting	archive_payload	/data/data/com.termux/files/home/02.ERP-system/30.accounting/020.architecture/186_ERP_AUTHORITY_REGISTRY_MATURITY_ASSIGNMENT_RUNTIME.md	/data/data/com.termux/files/home/02.ERP-system/99.archive/20260422_224743/module-design-reset/30.accounting/020.architecture/186_ERP_AUTHORITY_REGISTRY_MATURITY_ASSIGNMENT_RUNTIME.md	moved	module payload archived during reset
/data/data/com.termux/files/home/02.ERP-system/30.accounting	archive_payload	/data/data/com.termux/files/home/02.ERP-system/30.accounting/020.architecture/187_ERP_AUTHORITY_REGISTRY_MATURITY_ASSIGNMENT_HEADERS.md	/data/data/com.termux/files/home/02.ERP-system/99.archive/20260422_224743/module-design-reset/30.accounting/020.architecture/187_ERP_AUTHORITY_REGISTRY_MATURITY_ASSIGNMENT_HEADERS.md	moved	module payload archived during reset
/data/data/com.termux/files/home/02.ERP-system/30.accounting	archive_payload	/data/data/com.termux/files/home/02.ERP-system/30.accounting/020.architecture/188_ERP_AUTHORITY_REGISTRY_MATURITY_ASSIGNMENT_SETTLEMENT_AR_AP_APPROVAL.md	/data/data/com.termux/files/home/02.ERP-system/99.archive/20260422_224743/module-design-reset/30.accounting/020.architecture/188_ERP_AUTHORITY_REGISTRY_MATURITY_ASSIGNMENT_SETTLEMENT_AR_AP_APPROVAL.md	moved	module payload archived during reset
/data/data/com.termux/files/home/02.ERP-system/30.accounting	archive_payload	/data/data/com.termux/files/home/02.ERP-system/30.accounting/020.architecture/189_ERP_FROZEN_AUTHORITY_CANDIDATE_SHORTLIST.md	/data/data/com.termux/files/home/02.ERP-system/99.archive/20260422_224743/module-design-reset/30.accounting/020.architecture/189_ERP_FROZEN_AUTHORITY_CANDIDATE_SHORTLIST.md	moved	module payload archived during reset
/data/data/com.termux/files/home/02.ERP-system/30.accounting	archive_payload	/data/data/com.termux/files/home/02.ERP-system/30.accounting/020.architecture/190_ERP_NON_FROZEN_AUTHORITY_REVIEW_QUEUE.md	/data/data/com.termux/files/home/02.ERP-system/99.archive/20260422_224743/module-design-reset/30.accounting/020.architecture/190_ERP_NON_FROZEN_AUTHORITY_REVIEW_QUEUE.md	moved	module payload archived during reset
/data/data/com.termux/files/home/02.ERP-system/30.accounting	archive_payload	/data/data/com.termux/files/home/02.ERP-system/30.accounting/020.architecture/191_ERP_AUTHORITY_UNRESOLVED_QUESTIONS.md	/data/data/com.termux/files/home/02.ERP-system/99.archive/20260422_224743/module-design-reset/30.accounting/020.architecture/191_ERP_AUTHORITY_UNRESOLVED_QUESTIONS.md	moved	module payload archived during reset
/data/data/com.termux/files/home/02.ERP-system/30.accounting	archive_payload	/data/data/com.termux/files/home/02.ERP-system/30.accounting/020.architecture/192_ERP_AUTHORITY_NEXT_VERIFICATION_QUEUE.md	/data/data/com.termux/files/home/02.ERP-system/99.archive/20260422_224743/module-design-reset/30.accounting/020.architecture/192_ERP_AUTHORITY_NEXT_VERIFICATION_QUEUE.md	moved	module payload archived during reset
/data/data/com.termux/files/home/02.ERP-system/30.accounting	archive_payload	/data/data/com.termux/files/home/02.ERP-system/30.accounting/020.architecture/193_ERP_AUTHORITY_REGISTRY_MATURITY_SUMMARY.md	/data/data/com.termux/files/home/02.ERP-system/99.archive/20260422_224743/module-design-reset/30.accounting/020.architecture/193_ERP_AUTHORITY_REGISTRY_MATURITY_SUMMARY.md	moved	module payload archived during reset
/data/data/com.termux/files/home/02.ERP-system/30.accounting	archive_payload	/data/data/com.termux/files/home/02.ERP-system/30.accounting/020.architecture/194_ERP_FROZEN_CANDIDATE_NAVIGATION_NOTE.md	/data/data/com.termux/files/home/02.ERP-system/99.archive/20260422_224743/module-design-reset/30.accounting/020.architecture/194_ERP_FROZEN_CANDIDATE_NAVIGATION_NOTE.md	moved	module payload archived during reset
/data/data/com.termux/files/home/02.ERP-system/30.accounting	archive_payload	/data/data/com.termux/files/home/02.ERP-system/30.accounting/020.architecture/195_ERP_FROZEN_CANDIDATE_ROOT_PATCH.md	/data/data/com.termux/files/home/02.ERP-system/99.archive/20260422_224743/module-design-reset/30.accounting/020.architecture/195_ERP_FROZEN_CANDIDATE_ROOT_PATCH.md	moved	module payload archived during reset
/data/data/com.termux/files/home/02.ERP-system/30.accounting	archive_payload	/data/data/com.termux/files/home/02.ERP-system/30.accounting/020.architecture/196_DESIGN_MASTER_INDEX_FROZEN_CANDIDATE_PATCH.md	/data/data/com.termux/files/home/02.ERP-system/99.archive/20260422_224743/module-design-reset/30.accounting/020.architecture/196_DESIGN_MASTER_INDEX_FROZEN_CANDIDATE_PATCH.md	moved	module payload archived during reset
/data/data/com.termux/files/home/02.ERP-system/30.accounting	archive_payload	/data/data/com.termux/files/home/02.ERP-system/30.accounting/020.architecture/197_ERP_SYSTEM_MASTER_INDEX_FROZEN_CANDIDATE_PATCH.md	/data/data/com.termux/files/home/02.ERP-system/99.archive/20260422_224743/module-design-reset/30.accounting/020.architecture/197_ERP_SYSTEM_MASTER_INDEX_FROZEN_CANDIDATE_PATCH.md	moved	module payload archived during reset
/data/data/com.termux/files/home/02.ERP-system/30.accounting	archive_payload	/data/data/com.termux/files/home/02.ERP-system/30.accounting/020.architecture/198_ERP_FROZEN_CANDIDATE_ROOT_NAVIGATION_RULE.md	/data/data/com.termux/files/home/02.ERP-system/99.archive/20260422_224743/module-design-reset/30.accounting/020.architecture/198_ERP_FROZEN_CANDIDATE_ROOT_NAVIGATION_RULE.md	moved	module payload archived during reset
/data/data/com.termux/files/home/02.ERP-system/30.accounting	archive_payload	/data/data/com.termux/files/home/02.ERP-system/30.accounting/020.architecture/199_ERP_AUTHORITY_PROMOTION_CURRENT_STATE.md	/data/data/com.termux/files/home/02.ERP-system/99.archive/20260422_224743/module-design-reset/30.accounting/020.architecture/199_ERP_AUTHORITY_PROMOTION_CURRENT_STATE.md	moved	module payload archived during reset
/data/data/com.termux/files/home/02.ERP-system/30.accounting	archive_payload	/data/data/com.termux/files/home/02.ERP-system/30.accounting/020.architecture/200_ERP_AUTHORITY_PROMOTION_ROADMAP.md	/data/data/com.termux/files/home/02.ERP-system/99.archive/20260422_224743/module-design-reset/30.accounting/020.architecture/200_ERP_AUTHORITY_PROMOTION_ROADMAP.md	moved	module payload archived during reset
/data/data/com.termux/files/home/02.ERP-system/30.accounting	archive_payload	/data/data/com.termux/files/home/02.ERP-system/30.accounting/020.architecture/201_ERP_AUTHORITY_PROMOTION_NEXT_ACTIONS.md	/data/data/com.termux/files/home/02.ERP-system/99.archive/20260422_224743/module-design-reset/30.accounting/020.architecture/201_ERP_AUTHORITY_PROMOTION_NEXT_ACTIONS.md	moved	module payload archived during reset
/data/data/com.termux/files/home/02.ERP-system/30.accounting	archive_payload	/data/data/com.termux/files/home/02.ERP-system/30.accounting/020.architecture/202_ERP_AUTHORITY_PROMOTION_DECISION_LOG.md	/data/data/com.termux/files/home/02.ERP-system/99.archive/20260422_224743/module-design-reset/30.accounting/020.architecture/202_ERP_AUTHORITY_PROMOTION_DECISION_LOG.md	moved	module payload archived during reset
/data/data/com.termux/files/home/02.ERP-system/30.accounting	archive_payload	/data/data/com.termux/files/home/02.ERP-system/30.accounting/020.architecture/203_ERP_AUTHORITY_PROMOTION_NAVIGATION_NOTE.md	/data/data/com.termux/files/home/02.ERP-system/99.archive/20260422_224743/module-design-reset/30.accounting/020.architecture/203_ERP_AUTHORITY_PROMOTION_NAVIGATION_NOTE.md	moved	module payload archived during reset
/data/data/com.termux/files/home/02.ERP-system/30.accounting	archive_payload	/data/data/com.termux/files/home/02.ERP-system/30.accounting/020.architecture/204_ERP_AUTHORITY_PROMOTION_ROOT_PATCH.md	/data/data/com.termux/files/home/02.ERP-system/99.archive/20260422_224743/module-design-reset/30.accounting/020.architecture/204_ERP_AUTHORITY_PROMOTION_ROOT_PATCH.md	moved	module payload archived during reset
/data/data/com.termux/files/home/02.ERP-system/30.accounting	archive_payload	/data/data/com.termux/files/home/02.ERP-system/30.accounting/020.architecture/205_DESIGN_MASTER_INDEX_AUTHORITY_PROMOTION_PATCH.md	/data/data/com.termux/files/home/02.ERP-system/99.archive/20260422_224743/module-design-reset/30.accounting/020.architecture/205_DESIGN_MASTER_INDEX_AUTHORITY_PROMOTION_PATCH.md	moved	module payload archived during reset
/data/data/com.termux/files/home/02.ERP-system/30.accounting	archive_payload	/data/data/com.termux/files/home/02.ERP-system/30.accounting/020.architecture/206_ERP_SYSTEM_MASTER_INDEX_AUTHORITY_PROMOTION_PATCH.md	/data/data/com.termux/files/home/02.ERP-system/99.archive/20260422_224743/module-design-reset/30.accounting/020.architecture/206_ERP_SYSTEM_MASTER_INDEX_AUTHORITY_PROMOTION_PATCH.md	moved	module payload archived during reset
/data/data/com.termux/files/home/02.ERP-system/30.accounting	archive_payload	/data/data/com.termux/files/home/02.ERP-system/30.accounting/020.architecture/207_ERP_AUTHORITY_PROMOTION_ROOT_NAVIGATION_RULE.md	/data/data/com.termux/files/home/02.ERP-system/99.archive/20260422_224743/module-design-reset/30.accounting/020.architecture/207_ERP_AUTHORITY_PROMOTION_ROOT_NAVIGATION_RULE.md	moved	module payload archived during reset
/data/data/com.termux/files/home/02.ERP-system/30.accounting	archive_payload	/data/data/com.termux/files/home/02.ERP-system/30.accounting/020.architecture/208_ERP_FROZEN_AUTHORITY_REGISTRY_CANDIDATE_OVERVIEW.md	/data/data/com.termux/files/home/02.ERP-system/99.archive/20260422_224743/module-design-reset/30.accounting/020.architecture/208_ERP_FROZEN_AUTHORITY_REGISTRY_CANDIDATE_OVERVIEW.md	moved	module payload archived during reset
/data/data/com.termux/files/home/02.ERP-system/30.accounting	archive_payload	/data/data/com.termux/files/home/02.ERP-system/30.accounting/020.architecture/209_ERP_FROZEN_AUTHORITY_REGISTRY_CANDIDATE_RUNTIME_SUPPORT_AND_HISTORY.md	/data/data/com.termux/files/home/02.ERP-system/99.archive/20260422_224743/module-design-reset/30.accounting/020.architecture/209_ERP_FROZEN_AUTHORITY_REGISTRY_CANDIDATE_RUNTIME_SUPPORT_AND_HISTORY.md	moved	module payload archived during reset
/data/data/com.termux/files/home/02.ERP-system/30.accounting	archive_payload	/data/data/com.termux/files/home/02.ERP-system/30.accounting/020.architecture/210_ERP_FROZEN_AUTHORITY_REGISTRY_CANDIDATE_HEADERS_AND_PROJECTIONS.md	/data/data/com.termux/files/home/02.ERP-system/99.archive/20260422_224743/module-design-reset/30.accounting/020.architecture/210_ERP_FROZEN_AUTHORITY_REGISTRY_CANDIDATE_HEADERS_AND_PROJECTIONS.md	moved	module payload archived during reset
/data/data/com.termux/files/home/02.ERP-system/30.accounting	archive_payload	/data/data/com.termux/files/home/02.ERP-system/30.accounting/020.architecture/212_ERP_FROZEN_AUTHORITY_REGISTRY_CANDIDATE_SUMMARY.md	/data/data/com.termux/files/home/02.ERP-system/99.archive/20260422_224743/module-design-reset/30.accounting/020.architecture/212_ERP_FROZEN_AUTHORITY_REGISTRY_CANDIDATE_SUMMARY.md	moved	module payload archived during reset
/data/data/com.termux/files/home/02.ERP-system/30.accounting	archive_payload	/data/data/com.termux/files/home/02.ERP-system/30.accounting/020.architecture/213_ERP_PRE_FREEZE_LAYER_NAVIGATION_NOTE.md	/data/data/com.termux/files/home/02.ERP-system/99.archive/20260422_224743/module-design-reset/30.accounting/020.architecture/213_ERP_PRE_FREEZE_LAYER_NAVIGATION_NOTE.md	moved	module payload archived during reset
/data/data/com.termux/files/home/02.ERP-system/30.accounting	archive_payload	/data/data/com.termux/files/home/02.ERP-system/30.accounting/020.architecture/214_ERP_PRE_FREEZE_LAYER_ROOT_PATCH.md	/data/data/com.termux/files/home/02.ERP-system/99.archive/20260422_224743/module-design-reset/30.accounting/020.architecture/214_ERP_PRE_FREEZE_LAYER_ROOT_PATCH.md	moved	module payload archived during reset
/data/data/com.termux/files/home/02.ERP-system/30.accounting	archive_payload	/data/data/com.termux/files/home/02.ERP-system/30.accounting/020.architecture/215_DESIGN_MASTER_INDEX_PRE_FREEZE_PATCH.md	/data/data/com.termux/files/home/02.ERP-system/99.archive/20260422_224743/module-design-reset/30.accounting/020.architecture/215_DESIGN_MASTER_INDEX_PRE_FREEZE_PATCH.md	moved	module payload archived during reset
/data/data/com.termux/files/home/02.ERP-system/30.accounting	archive_payload	/data/data/com.termux/files/home/02.ERP-system/30.accounting/020.architecture/216_ERP_SYSTEM_MASTER_INDEX_PRE_FREEZE_PATCH.md	/data/data/com.termux/files/home/02.ERP-system/99.archive/20260422_224743/module-design-reset/30.accounting/020.architecture/216_ERP_SYSTEM_MASTER_INDEX_PRE_FREEZE_PATCH.md	moved	module payload archived during reset
/data/data/com.termux/files/home/02.ERP-system/30.accounting	archive_payload	/data/data/com.termux/files/home/02.ERP-system/30.accounting/020.architecture/217_ERP_PRE_FREEZE_ROOT_NAVIGATION_RULE.md	/data/data/com.termux/files/home/02.ERP-system/99.archive/20260422_224743/module-design-reset/30.accounting/020.architecture/217_ERP_PRE_FREEZE_ROOT_NAVIGATION_RULE.md	moved	module payload archived during reset
/data/data/com.termux/files/home/02.ERP-system/30.accounting	archive_payload	/data/data/com.termux/files/home/02.ERP-system/30.accounting/020.architecture/218_ERP_FREEZE_READY_VERIFICATION_SET_OVERVIEW.md	/data/data/com.termux/files/home/02.ERP-system/99.archive/20260422_224743/module-design-reset/30.accounting/020.architecture/218_ERP_FREEZE_READY_VERIFICATION_SET_OVERVIEW.md	moved	module payload archived during reset
/data/data/com.termux/files/home/02.ERP-system/30.accounting	archive_payload	/data/data/com.termux/files/home/02.ERP-system/30.accounting/020.architecture/219_ERP_RUNTIME_FINAL_VERIFICATION_PLAN.md	/data/data/com.termux/files/home/02.ERP-system/99.archive/20260422_224743/module-design-reset/30.accounting/020.architecture/219_ERP_RUNTIME_FINAL_VERIFICATION_PLAN.md	moved	module payload archived during reset
/data/data/com.termux/files/home/02.ERP-system/30.accounting	archive_payload	/data/data/com.termux/files/home/02.ERP-system/30.accounting/020.architecture/220_ERP_SETTLEMENT_AND_AR_AP_FINAL_VERIFICATION_PLAN.md	/data/data/com.termux/files/home/02.ERP-system/99.archive/20260422_224743/module-design-reset/30.accounting/020.architecture/220_ERP_SETTLEMENT_AND_AR_AP_FINAL_VERIFICATION_PLAN.md	moved	module payload archived during reset
/data/data/com.termux/files/home/02.ERP-system/30.accounting	archive_payload	/data/data/com.termux/files/home/02.ERP-system/30.accounting/020.architecture/221_ERP_APPROVAL_FINAL_VERIFICATION_PLAN.md	/data/data/com.termux/files/home/02.ERP-system/99.archive/20260422_224743/module-design-reset/30.accounting/020.architecture/221_ERP_APPROVAL_FINAL_VERIFICATION_PLAN.md	moved	module payload archived during reset
/data/data/com.termux/files/home/02.ERP-system/30.accounting	archive_payload	/data/data/com.termux/files/home/02.ERP-system/30.accounting/020.architecture/222_ERP_FREEZE_READY_CANDIDATE_AND_HOLD_SPLIT.md	/data/data/com.termux/files/home/02.ERP-system/99.archive/20260422_224743/module-design-reset/30.accounting/020.architecture/222_ERP_FREEZE_READY_CANDIDATE_AND_HOLD_SPLIT.md	moved	module payload archived during reset
/data/data/com.termux/files/home/02.ERP-system/30.accounting	archive_payload	/data/data/com.termux/files/home/02.ERP-system/30.accounting/020.architecture/223_ERP_FROZEN_AUTHORITY_REGISTRY_V1_TEMPLATE.md	/data/data/com.termux/files/home/02.ERP-system/99.archive/20260422_224743/module-design-reset/30.accounting/020.architecture/223_ERP_FROZEN_AUTHORITY_REGISTRY_V1_TEMPLATE.md	moved	module payload archived during reset
/data/data/com.termux/files/home/02.ERP-system/30.accounting	archive_payload	/data/data/com.termux/files/home/02.ERP-system/30.accounting/020.architecture/224_ERP_FROZEN_AUTHORITY_REGISTRY_V1_PREPARATION_SUMMARY.md	/data/data/com.termux/files/home/02.ERP-system/99.archive/20260422_224743/module-design-reset/30.accounting/020.architecture/224_ERP_FROZEN_AUTHORITY_REGISTRY_V1_PREPARATION_SUMMARY.md	moved	module payload archived during reset
/data/data/com.termux/files/home/02.ERP-system/30.accounting	archive_payload	/data/data/com.termux/files/home/02.ERP-system/30.accounting/020.architecture/225_ERP_FREEZE_READY_NAVIGATION_NOTE.md	/data/data/com.termux/files/home/02.ERP-system/99.archive/20260422_224743/module-design-reset/30.accounting/020.architecture/225_ERP_FREEZE_READY_NAVIGATION_NOTE.md	moved	module payload archived during reset
/data/data/com.termux/files/home/02.ERP-system/30.accounting	archive_payload	/data/data/com.termux/files/home/02.ERP-system/30.accounting/020.architecture/226_ERP_FREEZE_READY_ROOT_PATCH.md	/data/data/com.termux/files/home/02.ERP-system/99.archive/20260422_224743/module-design-reset/30.accounting/020.architecture/226_ERP_FREEZE_READY_ROOT_PATCH.md	moved	module payload archived during reset
/data/data/com.termux/files/home/02.ERP-system/30.accounting	archive_payload	/data/data/com.termux/files/home/02.ERP-system/30.accounting/020.architecture/227_DESIGN_MASTER_INDEX_FREEZE_READY_PATCH.md	/data/data/com.termux/files/home/02.ERP-system/99.archive/20260422_224743/module-design-reset/30.accounting/020.architecture/227_DESIGN_MASTER_INDEX_FREEZE_READY_PATCH.md	moved	module payload archived during reset
/data/data/com.termux/files/home/02.ERP-system/30.accounting	archive_payload	/data/data/com.termux/files/home/02.ERP-system/30.accounting/020.architecture/228_ERP_SYSTEM_MASTER_INDEX_FREEZE_READY_PATCH.md	/data/data/com.termux/files/home/02.ERP-system/99.archive/20260422_224743/module-design-reset/30.accounting/020.architecture/228_ERP_SYSTEM_MASTER_INDEX_FREEZE_READY_PATCH.md	moved	module payload archived during reset
/data/data/com.termux/files/home/02.ERP-system/30.accounting	archive_payload	/data/data/com.termux/files/home/02.ERP-system/30.accounting/020.architecture/229_ERP_FREEZE_READY_ROOT_NAVIGATION_RULE.md	/data/data/com.termux/files/home/02.ERP-system/99.archive/20260422_224743/module-design-reset/30.accounting/020.architecture/229_ERP_FREEZE_READY_ROOT_NAVIGATION_RULE.md	moved	module payload archived during reset
/data/data/com.termux/files/home/02.ERP-system/30.accounting	archive_payload	/data/data/com.termux/files/home/02.ERP-system/30.accounting/020.architecture/230_ERP_FROZEN_AUTHORITY_REGISTRY_V1_OVERVIEW.md	/data/data/com.termux/files/home/02.ERP-system/99.archive/20260422_224743/module-design-reset/30.accounting/020.architecture/230_ERP_FROZEN_AUTHORITY_REGISTRY_V1_OVERVIEW.md	moved	module payload archived during reset
/data/data/com.termux/files/home/02.ERP-system/30.accounting	archive_payload	/data/data/com.termux/files/home/02.ERP-system/30.accounting/020.architecture/231_ERP_FROZEN_AUTHORITY_REGISTRY_V1_RUNTIME_SUPPORT_AND_HISTORY.md	/data/data/com.termux/files/home/02.ERP-system/99.archive/20260422_224743/module-design-reset/30.accounting/020.architecture/231_ERP_FROZEN_AUTHORITY_REGISTRY_V1_RUNTIME_SUPPORT_AND_HISTORY.md	moved	module payload archived during reset
/data/data/com.termux/files/home/02.ERP-system/30.accounting	archive_payload	/data/data/com.termux/files/home/02.ERP-system/30.accounting/020.architecture/232_ERP_FROZEN_AUTHORITY_REGISTRY_V1_HEADERS_AND_PROJECTIONS.md	/data/data/com.termux/files/home/02.ERP-system/99.archive/20260422_224743/module-design-reset/30.accounting/020.architecture/232_ERP_FROZEN_AUTHORITY_REGISTRY_V1_HEADERS_AND_PROJECTIONS.md	moved	module payload archived during reset
/data/data/com.termux/files/home/02.ERP-system/30.accounting	archive_payload	/data/data/com.termux/files/home/02.ERP-system/30.accounting/020.architecture/234_ERP_FROZEN_AUTHORITY_REGISTRY_V1_DEFERRED_ENTRIES.md	/data/data/com.termux/files/home/02.ERP-system/99.archive/20260422_224743/module-design-reset/30.accounting/020.architecture/234_ERP_FROZEN_AUTHORITY_REGISTRY_V1_DEFERRED_ENTRIES.md	moved	module payload archived during reset
/data/data/com.termux/files/home/02.ERP-system/30.accounting	archive_payload	/data/data/com.termux/files/home/02.ERP-system/30.accounting/020.architecture/235_ERP_FROZEN_AUTHORITY_REGISTRY_V1_SUMMARY.md	/data/data/com.termux/files/home/02.ERP-system/99.archive/20260422_224743/module-design-reset/30.accounting/020.architecture/235_ERP_FROZEN_AUTHORITY_REGISTRY_V1_SUMMARY.md	moved	module payload archived during reset
/data/data/com.termux/files/home/02.ERP-system/30.accounting	archive_payload	/data/data/com.termux/files/home/02.ERP-system/30.accounting/020.architecture/236_ERP_FROZEN_AUTHORITY_REGISTRY_V1_NAVIGATION_NOTE.md	/data/data/com.termux/files/home/02.ERP-system/99.archive/20260422_224743/module-design-reset/30.accounting/020.architecture/236_ERP_FROZEN_AUTHORITY_REGISTRY_V1_NAVIGATION_NOTE.md	moved	module payload archived during reset
/data/data/com.termux/files/home/02.ERP-system/30.accounting	archive_payload	/data/data/com.termux/files/home/02.ERP-system/30.accounting/020.architecture/237_ERP_FROZEN_AUTHORITY_REGISTRY_V1_ROOT_PATCH.md	/data/data/com.termux/files/home/02.ERP-system/99.archive/20260422_224743/module-design-reset/30.accounting/020.architecture/237_ERP_FROZEN_AUTHORITY_REGISTRY_V1_ROOT_PATCH.md	moved	module payload archived during reset
/data/data/com.termux/files/home/02.ERP-system/30.accounting	archive_payload	/data/data/com.termux/files/home/02.ERP-system/30.accounting/020.architecture/238_DESIGN_MASTER_INDEX_FROZEN_REGISTRY_V1_PATCH.md	/data/data/com.termux/files/home/02.ERP-system/99.archive/20260422_224743/module-design-reset/30.accounting/020.architecture/238_DESIGN_MASTER_INDEX_FROZEN_REGISTRY_V1_PATCH.md	moved	module payload archived during reset
/data/data/com.termux/files/home/02.ERP-system/30.accounting	archive_payload	/data/data/com.termux/files/home/02.ERP-system/30.accounting/020.architecture/239_ERP_SYSTEM_MASTER_INDEX_FROZEN_REGISTRY_V1_PATCH.md	/data/data/com.termux/files/home/02.ERP-system/99.archive/20260422_224743/module-design-reset/30.accounting/020.architecture/239_ERP_SYSTEM_MASTER_INDEX_FROZEN_REGISTRY_V1_PATCH.md	moved	module payload archived during reset
/data/data/com.termux/files/home/02.ERP-system/30.accounting	archive_payload	/data/data/com.termux/files/home/02.ERP-system/30.accounting/020.architecture/240_ERP_FROZEN_REGISTRY_V1_ROOT_NAVIGATION_RULE.md	/data/data/com.termux/files/home/02.ERP-system/99.archive/20260422_224743/module-design-reset/30.accounting/020.architecture/240_ERP_FROZEN_REGISTRY_V1_ROOT_NAVIGATION_RULE.md	moved	module payload archived during reset
/data/data/com.termux/files/home/02.ERP-system/30.accounting	archive_payload	/data/data/com.termux/files/home/02.ERP-system/30.accounting/020.architecture/241_ERP_FROZEN_V1_DEFERRED_NEXT_CYCLE_NOTE.md	/data/data/com.termux/files/home/02.ERP-system/99.archive/20260422_224743/module-design-reset/30.accounting/020.architecture/241_ERP_FROZEN_V1_DEFERRED_NEXT_CYCLE_NOTE.md	moved	module payload archived during reset
/data/data/com.termux/files/home/02.ERP-system/30.accounting	archive_payload	/data/data/com.termux/files/home/02.ERP-system/30.accounting/020.architecture/242_ERP_FROZEN_V2_PREPARATION_ROADMAP.md	/data/data/com.termux/files/home/02.ERP-system/99.archive/20260422_224743/module-design-reset/30.accounting/020.architecture/242_ERP_FROZEN_V2_PREPARATION_ROADMAP.md	moved	module payload archived during reset
/data/data/com.termux/files/home/02.ERP-system/30.accounting	archive_payload	/data/data/com.termux/files/home/02.ERP-system/30.accounting/020.architecture/243_ERP_DEFERRED_AUTHORITY_REVIEW_ORDER.md	/data/data/com.termux/files/home/02.ERP-system/99.archive/20260422_224743/module-design-reset/30.accounting/020.architecture/243_ERP_DEFERRED_AUTHORITY_REVIEW_ORDER.md	moved	module payload archived during reset
/data/data/com.termux/files/home/02.ERP-system/30.accounting	archive_payload	/data/data/com.termux/files/home/02.ERP-system/30.accounting/020.architecture/244_ERP_DEFERRED_AUTHORITY_EVIDENCE_BACKLOG.md	/data/data/com.termux/files/home/02.ERP-system/99.archive/20260422_224743/module-design-reset/30.accounting/020.architecture/244_ERP_DEFERRED_AUTHORITY_EVIDENCE_BACKLOG.md	moved	module payload archived during reset
/data/data/com.termux/files/home/02.ERP-system/30.accounting	archive_payload	/data/data/com.termux/files/home/02.ERP-system/30.accounting/020.architecture/245_ERP_FROZEN_V2_ENTRY_CONDITIONS.md	/data/data/com.termux/files/home/02.ERP-system/99.archive/20260422_224743/module-design-reset/30.accounting/020.architecture/245_ERP_FROZEN_V2_ENTRY_CONDITIONS.md	moved	module payload archived during reset
/data/data/com.termux/files/home/02.ERP-system/30.accounting	archive_payload	/data/data/com.termux/files/home/02.ERP-system/30.accounting/020.architecture/246_ERP_POST_V1_PROMOTION_SUMMARY.md	/data/data/com.termux/files/home/02.ERP-system/99.archive/20260422_224743/module-design-reset/30.accounting/020.architecture/246_ERP_POST_V1_PROMOTION_SUMMARY.md	moved	module payload archived during reset
/data/data/com.termux/files/home/02.ERP-system/30.accounting	archive_payload	/data/data/com.termux/files/home/02.ERP-system/30.accounting/020.architecture/247_ERP_FROZEN_V2_NAVIGATION_NOTE.md	/data/data/com.termux/files/home/02.ERP-system/99.archive/20260422_224743/module-design-reset/30.accounting/020.architecture/247_ERP_FROZEN_V2_NAVIGATION_NOTE.md	moved	module payload archived during reset
/data/data/com.termux/files/home/02.ERP-system/30.accounting	archive_payload	/data/data/com.termux/files/home/02.ERP-system/30.accounting/020.architecture/248_ERP_FROZEN_V2_ROOT_PATCH.md	/data/data/com.termux/files/home/02.ERP-system/99.archive/20260422_224743/module-design-reset/30.accounting/020.architecture/248_ERP_FROZEN_V2_ROOT_PATCH.md	moved	module payload archived during reset
/data/data/com.termux/files/home/02.ERP-system/30.accounting	archive_payload	/data/data/com.termux/files/home/02.ERP-system/30.accounting/020.architecture/249_DESIGN_MASTER_INDEX_FROZEN_V2_PATCH.md	/data/data/com.termux/files/home/02.ERP-system/99.archive/20260422_224743/module-design-reset/30.accounting/020.architecture/249_DESIGN_MASTER_INDEX_FROZEN_V2_PATCH.md	moved	module payload archived during reset
/data/data/com.termux/files/home/02.ERP-system/30.accounting	archive_payload	/data/data/com.termux/files/home/02.ERP-system/30.accounting/020.architecture/249_ERP_DESIGN_COVERAGE_CURRENT_STATE.md	/data/data/com.termux/files/home/02.ERP-system/99.archive/20260422_224743/module-design-reset/30.accounting/020.architecture/249_ERP_DESIGN_COVERAGE_CURRENT_STATE.md	moved	module payload archived during reset
/data/data/com.termux/files/home/02.ERP-system/30.accounting	archive_payload	/data/data/com.termux/files/home/02.ERP-system/30.accounting/020.architecture/250_ERP_BUSINESS_DESIGN_ROADMAP.md	/data/data/com.termux/files/home/02.ERP-system/99.archive/20260422_224743/module-design-reset/30.accounting/020.architecture/250_ERP_BUSINESS_DESIGN_ROADMAP.md	moved	module payload archived during reset
/data/data/com.termux/files/home/02.ERP-system/30.accounting	archive_payload	/data/data/com.termux/files/home/02.ERP-system/30.accounting/020.architecture/250_ERP_SYSTEM_MASTER_INDEX_FROZEN_V2_PATCH.md	/data/data/com.termux/files/home/02.ERP-system/99.archive/20260422_224743/module-design-reset/30.accounting/020.architecture/250_ERP_SYSTEM_MASTER_INDEX_FROZEN_V2_PATCH.md	moved	module payload archived during reset
/data/data/com.termux/files/home/02.ERP-system/30.accounting	archive_payload	/data/data/com.termux/files/home/02.ERP-system/30.accounting/020.architecture/251_ERP_AUDIT_DESIGN_ROADMAP.md	/data/data/com.termux/files/home/02.ERP-system/99.archive/20260422_224743/module-design-reset/30.accounting/020.architecture/251_ERP_AUDIT_DESIGN_ROADMAP.md	moved	module payload archived during reset
/data/data/com.termux/files/home/02.ERP-system/30.accounting	archive_payload	/data/data/com.termux/files/home/02.ERP-system/30.accounting/020.architecture/251_ERP_FROZEN_V2_ROOT_NAVIGATION_RULE.md	/data/data/com.termux/files/home/02.ERP-system/99.archive/20260422_224743/module-design-reset/30.accounting/020.architecture/251_ERP_FROZEN_V2_ROOT_NAVIGATION_RULE.md	moved	module payload archived during reset
/data/data/com.termux/files/home/02.ERP-system/30.accounting	archive_payload	/data/data/com.termux/files/home/02.ERP-system/30.accounting/020.architecture/252_ERP_MANAGEMENT_DESIGN_ROADMAP.md	/data/data/com.termux/files/home/02.ERP-system/99.archive/20260422_224743/module-design-reset/30.accounting/020.architecture/252_ERP_MANAGEMENT_DESIGN_ROADMAP.md	moved	module payload archived during reset
/data/data/com.termux/files/home/02.ERP-system/30.accounting	archive_payload	/data/data/com.termux/files/home/02.ERP-system/30.accounting/020.architecture/252_ERP_V2_OBJECT_EXISTENCE_RESET_RESULTS.md	/data/data/com.termux/files/home/02.ERP-system/99.archive/20260422_224743/module-design-reset/30.accounting/020.architecture/252_ERP_V2_OBJECT_EXISTENCE_RESET_RESULTS.md	moved	module payload archived during reset
/data/data/com.termux/files/home/02.ERP-system/30.accounting	archive_payload	/data/data/com.termux/files/home/02.ERP-system/30.accounting/020.architecture/253_ERP_ANALYTICS_DESIGN_ROADMAP.md	/data/data/com.termux/files/home/02.ERP-system/99.archive/20260422_224743/module-design-reset/30.accounting/020.architecture/253_ERP_ANALYTICS_DESIGN_ROADMAP.md	moved	module payload archived during reset
/data/data/com.termux/files/home/02.ERP-system/30.accounting	archive_payload	/data/data/com.termux/files/home/02.ERP-system/30.accounting/020.architecture/253_ERP_V2_RUNTIME_REDISCOVERY_PLAN.md	/data/data/com.termux/files/home/02.ERP-system/99.archive/20260422_224743/module-design-reset/30.accounting/020.architecture/253_ERP_V2_RUNTIME_REDISCOVERY_PLAN.md	moved	module payload archived during reset
/data/data/com.termux/files/home/02.ERP-system/30.accounting	archive_payload	/data/data/com.termux/files/home/02.ERP-system/30.accounting/020.architecture/254_ERP_UNCOVERED_DOMAIN_PRIORITY_QUEUE.md	/data/data/com.termux/files/home/02.ERP-system/99.archive/20260422_224743/module-design-reset/30.accounting/020.architecture/254_ERP_UNCOVERED_DOMAIN_PRIORITY_QUEUE.md	moved	module payload archived during reset
/data/data/com.termux/files/home/02.ERP-system/30.accounting	archive_payload	/data/data/com.termux/files/home/02.ERP-system/30.accounting/020.architecture/254_ERP_V2_SETTLEMENT_ARAP_REDISCOVERY_PLAN.md	/data/data/com.termux/files/home/02.ERP-system/99.archive/20260422_224743/module-design-reset/30.accounting/020.architecture/254_ERP_V2_SETTLEMENT_ARAP_REDISCOVERY_PLAN.md	moved	module payload archived during reset
/data/data/com.termux/files/home/02.ERP-system/30.accounting	archive_payload	/data/data/com.termux/files/home/02.ERP-system/30.accounting/020.architecture/255_ERP_V2_APPROVAL_REDISCOVERY_PLAN.md	/data/data/com.termux/files/home/02.ERP-system/99.archive/20260422_224743/module-design-reset/30.accounting/020.architecture/255_ERP_V2_APPROVAL_REDISCOVERY_PLAN.md	moved	module payload archived during reset
/data/data/com.termux/files/home/02.ERP-system/30.accounting	archive_payload	/data/data/com.termux/files/home/02.ERP-system/30.accounting/020.architecture/256_ERP_V2_RESET_AND_REDISCOVERY_SUMMARY.md	/data/data/com.termux/files/home/02.ERP-system/99.archive/20260422_224743/module-design-reset/30.accounting/020.architecture/256_ERP_V2_RESET_AND_REDISCOVERY_SUMMARY.md	moved	module payload archived during reset
/data/data/com.termux/files/home/02.ERP-system/30.accounting	archive_payload	/data/data/com.termux/files/home/02.ERP-system/30.accounting/020.architecture/257_ERP_V2_RUNTIME_ACTUAL_RESULTS.md	/data/data/com.termux/files/home/02.ERP-system/99.archive/20260422_224743/module-design-reset/30.accounting/020.architecture/257_ERP_V2_RUNTIME_ACTUAL_RESULTS.md	moved	module payload archived during reset
/data/data/com.termux/files/home/02.ERP-system/30.accounting	archive_payload	/data/data/com.termux/files/home/02.ERP-system/30.accounting/020.architecture/258_ERP_V2_SETTLEMENT_ACTUAL_RESULTS.md	/data/data/com.termux/files/home/02.ERP-system/99.archive/20260422_224743/module-design-reset/30.accounting/020.architecture/258_ERP_V2_SETTLEMENT_ACTUAL_RESULTS.md	moved	module payload archived during reset
/data/data/com.termux/files/home/02.ERP-system/30.accounting	archive_payload	/data/data/com.termux/files/home/02.ERP-system/30.accounting/020.architecture/259_ERP_V2_APPROVAL_ACTUAL_RESULTS.md	/data/data/com.termux/files/home/02.ERP-system/99.archive/20260422_224743/module-design-reset/30.accounting/020.architecture/259_ERP_V2_APPROVAL_ACTUAL_RESULTS.md	moved	module payload archived during reset
/data/data/com.termux/files/home/02.ERP-system/30.accounting	archive_payload	/data/data/com.termux/files/home/02.ERP-system/30.accounting/020.architecture/260_ERP_V2_ARAP_NAME_GAP_RESULTS.md	/data/data/com.termux/files/home/02.ERP-system/99.archive/20260422_224743/module-design-reset/30.accounting/020.architecture/260_ERP_V2_ARAP_NAME_GAP_RESULTS.md	moved	module payload archived during reset
/data/data/com.termux/files/home/02.ERP-system/30.accounting	archive_payload	/data/data/com.termux/files/home/02.ERP-system/30.accounting/020.architecture/261_ERP_V2_ACTUAL_RESULTS_INTERPRETATION.md	/data/data/com.termux/files/home/02.ERP-system/99.archive/20260422_224743/module-design-reset/30.accounting/020.architecture/261_ERP_V2_ACTUAL_RESULTS_INTERPRETATION.md	moved	module payload archived during reset
/data/data/com.termux/files/home/02.ERP-system/30.accounting	archive_payload	/data/data/com.termux/files/home/02.ERP-system/30.accounting/020.architecture/262_ERP_V2_NEXT_ACTIONS_AFTER_ACTUAL_RESULTS.md	/data/data/com.termux/files/home/02.ERP-system/99.archive/20260422_224743/module-design-reset/30.accounting/020.architecture/262_ERP_V2_NEXT_ACTIONS_AFTER_ACTUAL_RESULTS.md	moved	module payload archived during reset
/data/data/com.termux/files/home/02.ERP-system/30.accounting	archive_payload	/data/data/com.termux/files/home/02.ERP-system/30.accounting/020.architecture/263_ERP_V2_CANDIDATE_SHORTLIST.md	/data/data/com.termux/files/home/02.ERP-system/99.archive/20260422_224743/module-design-reset/30.accounting/020.architecture/263_ERP_V2_CANDIDATE_SHORTLIST.md	moved	module payload archived during reset
/data/data/com.termux/files/home/02.ERP-system/30.accounting	archive_payload	/data/data/com.termux/files/home/02.ERP-system/30.accounting/020.architecture/264_ERP_V2_DEFERRED_QUEUE_REVISED.md	/data/data/com.termux/files/home/02.ERP-system/99.archive/20260422_224743/module-design-reset/30.accounting/020.architecture/264_ERP_V2_DEFERRED_QUEUE_REVISED.md	moved	module payload archived during reset
/data/data/com.termux/files/home/02.ERP-system/30.accounting	archive_payload	/data/data/com.termux/files/home/02.ERP-system/30.accounting/020.architecture/265_ERP_V2_APPROVAL_AUTHORITY_REVISION_NOTE.md	/data/data/com.termux/files/home/02.ERP-system/99.archive/20260422_224743/module-design-reset/30.accounting/020.architecture/265_ERP_V2_APPROVAL_AUTHORITY_REVISION_NOTE.md	moved	module payload archived during reset
/data/data/com.termux/files/home/02.ERP-system/30.accounting	archive_payload	/data/data/com.termux/files/home/02.ERP-system/30.accounting/020.architecture/266_ERP_V2_RUNTIME_AND_SETTLEMENT_PROMOTION_NOTE.md	/data/data/com.termux/files/home/02.ERP-system/99.archive/20260422_224743/module-design-reset/30.accounting/020.architecture/266_ERP_V2_RUNTIME_AND_SETTLEMENT_PROMOTION_NOTE.md	moved	module payload archived during reset
/data/data/com.termux/files/home/02.ERP-system/30.accounting	archive_payload	/data/data/com.termux/files/home/02.ERP-system/30.accounting/020.architecture/267_ERP_V2_ARAP_REDISCOVERY_QUEUE.md	/data/data/com.termux/files/home/02.ERP-system/99.archive/20260422_224743/module-design-reset/30.accounting/020.architecture/267_ERP_V2_ARAP_REDISCOVERY_QUEUE.md	moved	module payload archived during reset
/data/data/com.termux/files/home/02.ERP-system/30.accounting	archive_payload	/data/data/com.termux/files/home/02.ERP-system/30.accounting/020.architecture/268_ERP_V2_REVISED_PRIORITY_ORDER.md	/data/data/com.termux/files/home/02.ERP-system/99.archive/20260422_224743/module-design-reset/30.accounting/020.architecture/268_ERP_V2_REVISED_PRIORITY_ORDER.md	moved	module payload archived during reset
/data/data/com.termux/files/home/02.ERP-system/30.accounting	archive_payload	/data/data/com.termux/files/home/02.ERP-system/30.accounting/020.architecture/269_ERP_V2_ARAP_REDISCOVERY_ACTUAL_RESULTS.md	/data/data/com.termux/files/home/02.ERP-system/99.archive/20260422_224743/module-design-reset/30.accounting/020.architecture/269_ERP_V2_ARAP_REDISCOVERY_ACTUAL_RESULTS.md	moved	module payload archived during reset
/data/data/com.termux/files/home/02.ERP-system/30.accounting	archive_payload	/data/data/com.termux/files/home/02.ERP-system/30.accounting/020.architecture/270_ERP_V2_ARAP_CANDIDATE_REFRAMING_NOTE.md	/data/data/com.termux/files/home/02.ERP-system/99.archive/20260422_224743/module-design-reset/30.accounting/020.architecture/270_ERP_V2_ARAP_CANDIDATE_REFRAMING_NOTE.md	moved	module payload archived during reset
/data/data/com.termux/files/home/02.ERP-system/30.accounting	archive_payload	/data/data/com.termux/files/home/02.ERP-system/30.accounting/020.architecture/271_ERP_V2_ARAP_RECEIVABLE_SIDE_WORKING_CANDIDATES.md	/data/data/com.termux/files/home/02.ERP-system/99.archive/20260422_224743/module-design-reset/30.accounting/020.architecture/271_ERP_V2_ARAP_RECEIVABLE_SIDE_WORKING_CANDIDATES.md	moved	module payload archived during reset
/data/data/com.termux/files/home/02.ERP-system/30.accounting	archive_payload	/data/data/com.termux/files/home/02.ERP-system/30.accounting/020.architecture/272_ERP_V2_ARAP_PAYABLE_SIDE_WORKING_CANDIDATES.md	/data/data/com.termux/files/home/02.ERP-system/99.archive/20260422_224743/module-design-reset/30.accounting/020.architecture/272_ERP_V2_ARAP_PAYABLE_SIDE_WORKING_CANDIDATES.md	moved	module payload archived during reset
/data/data/com.termux/files/home/02.ERP-system/30.accounting	archive_payload	/data/data/com.termux/files/home/02.ERP-system/30.accounting/020.architecture/273_ERP_V2_ARAP_NEXT_DISCOVERY_QUEUE.md	/data/data/com.termux/files/home/02.ERP-system/99.archive/20260422_224743/module-design-reset/30.accounting/020.architecture/273_ERP_V2_ARAP_NEXT_DISCOVERY_QUEUE.md	moved	module payload archived during reset
/data/data/com.termux/files/home/02.ERP-system/30.accounting	archive_payload	/data/data/com.termux/files/home/02.ERP-system/30.accounting/020.architecture/274_ERP_V2_ARAP_REDISCOVERY_SUMMARY.md	/data/data/com.termux/files/home/02.ERP-system/99.archive/20260422_224743/module-design-reset/30.accounting/020.architecture/274_ERP_V2_ARAP_REDISCOVERY_SUMMARY.md	moved	module payload archived during reset
/data/data/com.termux/files/home/02.ERP-system/30.accounting	archive_payload	/data/data/com.termux/files/home/02.ERP-system/30.accounting/020.architecture/275_ERP_V2_ARAP_CANDIDATE_HIERARCHY_ACTUAL_RESULTS.md	/data/data/com.termux/files/home/02.ERP-system/99.archive/20260422_224743/module-design-reset/30.accounting/020.architecture/275_ERP_V2_ARAP_CANDIDATE_HIERARCHY_ACTUAL_RESULTS.md	moved	module payload archived during reset
/data/data/com.termux/files/home/02.ERP-system/30.accounting	archive_payload	/data/data/com.termux/files/home/02.ERP-system/30.accounting/020.architecture/276_ERP_V2_AR_SIDE_WORKING_JUDGMENT.md	/data/data/com.termux/files/home/02.ERP-system/99.archive/20260422_224743/module-design-reset/30.accounting/020.architecture/276_ERP_V2_AR_SIDE_WORKING_JUDGMENT.md	moved	module payload archived during reset
/data/data/com.termux/files/home/02.ERP-system/30.accounting	archive_payload	/data/data/com.termux/files/home/02.ERP-system/30.accounting/020.architecture/277_ERP_V2_AP_SIDE_WORKING_JUDGMENT.md	/data/data/com.termux/files/home/02.ERP-system/99.archive/20260422_224743/module-design-reset/30.accounting/020.architecture/277_ERP_V2_AP_SIDE_WORKING_JUDGMENT.md	moved	module payload archived during reset
/data/data/com.termux/files/home/02.ERP-system/30.accounting	archive_payload	/data/data/com.termux/files/home/02.ERP-system/30.accounting/020.architecture/278_ERP_V2_ARAP_REVISED_FREEZE_DIRECTION.md	/data/data/com.termux/files/home/02.ERP-system/99.archive/20260422_224743/module-design-reset/30.accounting/020.architecture/278_ERP_V2_ARAP_REVISED_FREEZE_DIRECTION.md	moved	module payload archived during reset
/data/data/com.termux/files/home/02.ERP-system/30.accounting	archive_payload	/data/data/com.termux/files/home/02.ERP-system/30.accounting/020.architecture/279_ERP_V2_NEXT_ACTIONS_AFTER_ARAP_HIERARCHY.md	/data/data/com.termux/files/home/02.ERP-system/99.archive/20260422_224743/module-design-reset/30.accounting/020.architecture/279_ERP_V2_NEXT_ACTIONS_AFTER_ARAP_HIERARCHY.md	moved	module payload archived during reset
/data/data/com.termux/files/home/02.ERP-system/30.accounting	archive_payload	/data/data/com.termux/files/home/02.ERP-system/30.accounting/020.architecture/280_ERP_V2_ARAP_ROLE_COMPARISON_ACTUAL_RESULTS.md	/data/data/com.termux/files/home/02.ERP-system/99.archive/20260422_224743/module-design-reset/30.accounting/020.architecture/280_ERP_V2_ARAP_ROLE_COMPARISON_ACTUAL_RESULTS.md	moved	module payload archived during reset
/data/data/com.termux/files/home/02.ERP-system/30.accounting	archive_payload	/data/data/com.termux/files/home/02.ERP-system/30.accounting/020.architecture/281_ERP_V2_AR_SIDE_ROLE_JUDGMENT_REVISED.md	/data/data/com.termux/files/home/02.ERP-system/99.archive/20260422_224743/module-design-reset/30.accounting/020.architecture/281_ERP_V2_AR_SIDE_ROLE_JUDGMENT_REVISED.md	moved	module payload archived during reset
/data/data/com.termux/files/home/02.ERP-system/30.accounting	archive_payload	/data/data/com.termux/files/home/02.ERP-system/30.accounting/020.architecture/282_ERP_V2_AP_SIDE_ROLE_JUDGMENT_REVISED.md	/data/data/com.termux/files/home/02.ERP-system/99.archive/20260422_224743/module-design-reset/30.accounting/020.architecture/282_ERP_V2_AP_SIDE_ROLE_JUDGMENT_REVISED.md	moved	module payload archived during reset
/data/data/com.termux/files/home/02.ERP-system/30.accounting	archive_payload	/data/data/com.termux/files/home/02.ERP-system/30.accounting/020.architecture/283_ERP_V2_ARAP_PROMOTION_DIRECTION_REVISED.md	/data/data/com.termux/files/home/02.ERP-system/99.archive/20260422_224743/module-design-reset/30.accounting/020.architecture/283_ERP_V2_ARAP_PROMOTION_DIRECTION_REVISED.md	moved	module payload archived during reset
/data/data/com.termux/files/home/02.ERP-system/30.accounting	archive_payload	/data/data/com.termux/files/home/02.ERP-system/30.accounting/020.architecture/284_ERP_V2_SHORTLIST_AND_DEFERRED_UPDATE_NOTE.md	/data/data/com.termux/files/home/02.ERP-system/99.archive/20260422_224743/module-design-reset/30.accounting/020.architecture/284_ERP_V2_SHORTLIST_AND_DEFERRED_UPDATE_NOTE.md	moved	module payload archived during reset
/data/data/com.termux/files/home/02.ERP-system/30.accounting	archive_payload	/data/data/com.termux/files/home/02.ERP-system/30.accounting/020.architecture/285_ERP_V2_NEXT_ACTIONS_AFTER_ARAP_ROLE_COMPARE.md	/data/data/com.termux/files/home/02.ERP-system/99.archive/20260422_224743/module-design-reset/30.accounting/020.architecture/285_ERP_V2_NEXT_ACTIONS_AFTER_ARAP_ROLE_COMPARE.md	moved	module payload archived during reset
/data/data/com.termux/files/home/02.ERP-system/30.accounting	archive_payload	/data/data/com.termux/files/home/02.ERP-system/30.accounting/020.architecture/286_ERP_V2_CANDIDATE_SHORTLIST_REVISED_AFTER_ARAP.md	/data/data/com.termux/files/home/02.ERP-system/99.archive/20260422_224743/module-design-reset/30.accounting/020.architecture/286_ERP_V2_CANDIDATE_SHORTLIST_REVISED_AFTER_ARAP.md	moved	module payload archived during reset
/data/data/com.termux/files/home/02.ERP-system/30.accounting	archive_payload	/data/data/com.termux/files/home/02.ERP-system/30.accounting/020.architecture/287_ERP_V2_DEFERRED_QUEUE_REVISED_AFTER_ARAP.md	/data/data/com.termux/files/home/02.ERP-system/99.archive/20260422_224743/module-design-reset/30.accounting/020.architecture/287_ERP_V2_DEFERRED_QUEUE_REVISED_AFTER_ARAP.md	moved	module payload archived during reset
/data/data/com.termux/files/home/02.ERP-system/30.accounting	archive_payload	/data/data/com.termux/files/home/02.ERP-system/30.accounting/020.architecture/288_ERP_V2_PROJECTION_ONLY_SURFACES_NOTE.md	/data/data/com.termux/files/home/02.ERP-system/99.archive/20260422_224743/module-design-reset/30.accounting/020.architecture/288_ERP_V2_PROJECTION_ONLY_SURFACES_NOTE.md	moved	module payload archived during reset
/data/data/com.termux/files/home/02.ERP-system/30.accounting	archive_payload	/data/data/com.termux/files/home/02.ERP-system/30.accounting/020.architecture/289_ERP_V2_AR_AP_SCOPE_DECISION_QUEUE.md	/data/data/com.termux/files/home/02.ERP-system/99.archive/20260422_224743/module-design-reset/30.accounting/020.architecture/289_ERP_V2_AR_AP_SCOPE_DECISION_QUEUE.md	moved	module payload archived during reset
/data/data/com.termux/files/home/02.ERP-system/30.accounting	archive_payload	/data/data/com.termux/files/home/02.ERP-system/30.accounting/020.architecture/290_ERP_V2_PRIORITY_ORDER_AFTER_ARAP.md	/data/data/com.termux/files/home/02.ERP-system/99.archive/20260422_224743/module-design-reset/30.accounting/020.architecture/290_ERP_V2_PRIORITY_ORDER_AFTER_ARAP.md	moved	module payload archived during reset
/data/data/com.termux/files/home/02.ERP-system/30.accounting	archive_payload	/data/data/com.termux/files/home/02.ERP-system/30.accounting/020.architecture/296_ERP_V2_CANDIDATE_SHORTLIST_FINALIZED_PASS.md	/data/data/com.termux/files/home/02.ERP-system/99.archive/20260422_224743/module-design-reset/30.accounting/020.architecture/296_ERP_V2_CANDIDATE_SHORTLIST_FINALIZED_PASS.md	moved	module payload archived during reset
/data/data/com.termux/files/home/02.ERP-system/30.accounting	archive_payload	/data/data/com.termux/files/home/02.ERP-system/30.accounting/020.architecture/297_ERP_V2_DEFERRED_QUEUE_FINALIZED_PASS.md	/data/data/com.termux/files/home/02.ERP-system/99.archive/20260422_224743/module-design-reset/30.accounting/020.architecture/297_ERP_V2_DEFERRED_QUEUE_FINALIZED_PASS.md	moved	module payload archived during reset
/data/data/com.termux/files/home/02.ERP-system/30.accounting	archive_payload	/data/data/com.termux/files/home/02.ERP-system/30.accounting/020.architecture/298_ERP_V2_APPROVAL_LAYERED_DECISION_NOTE.md	/data/data/com.termux/files/home/02.ERP-system/99.archive/20260422_224743/module-design-reset/30.accounting/020.architecture/298_ERP_V2_APPROVAL_LAYERED_DECISION_NOTE.md	moved	module payload archived during reset
/data/data/com.termux/files/home/02.ERP-system/30.accounting	archive_payload	/data/data/com.termux/files/home/02.ERP-system/30.accounting/020.architecture/299_ERP_V2_SURFACE_FREEZE_REVIEW_QUEUE.md	/data/data/com.termux/files/home/02.ERP-system/99.archive/20260422_224743/module-design-reset/30.accounting/020.architecture/299_ERP_V2_SURFACE_FREEZE_REVIEW_QUEUE.md	moved	module payload archived during reset
/data/data/com.termux/files/home/02.ERP-system/30.accounting	archive_payload	/data/data/com.termux/files/home/02.ERP-system/30.accounting/020.architecture/502_ERP_V3_BOUNDARY_DEEPER_PASS_CURRENT_STATE.md	/data/data/com.termux/files/home/02.ERP-system/99.archive/20260422_224743/module-design-reset/30.accounting/020.architecture/502_ERP_V3_BOUNDARY_DEEPER_PASS_CURRENT_STATE.md	moved	module payload archived during reset
/data/data/com.termux/files/home/02.ERP-system/30.accounting	archive_payload	/data/data/com.termux/files/home/02.ERP-system/30.accounting/020.architecture/504_ERP_V3_BUSINESS_TO_AUDIT_LINKED_OBJECT_MATRIX.md	/data/data/com.termux/files/home/02.ERP-system/99.archive/20260422_224743/module-design-reset/30.accounting/020.architecture/504_ERP_V3_BUSINESS_TO_AUDIT_LINKED_OBJECT_MATRIX.md	moved	module payload archived during reset
/data/data/com.termux/files/home/02.ERP-system/30.accounting	archive_payload	/data/data/com.termux/files/home/02.ERP-system/30.accounting/020.architecture/505_ERP_V3_MANAGEMENT_TO_AUDIT_LINKED_OBJECT_MATRIX.md	/data/data/com.termux/files/home/02.ERP-system/99.archive/20260422_224743/module-design-reset/30.accounting/020.architecture/505_ERP_V3_MANAGEMENT_TO_AUDIT_LINKED_OBJECT_MATRIX.md	moved	module payload archived during reset
/data/data/com.termux/files/home/02.ERP-system/30.accounting	archive_payload	/data/data/com.termux/files/home/02.ERP-system/30.accounting/020.architecture/506_ERP_V3_RULE_CONTROL_TRUTH_VS_AUDIT_TRUTH_DEEPER.md	/data/data/com.termux/files/home/02.ERP-system/99.archive/20260422_224743/module-design-reset/30.accounting/020.architecture/506_ERP_V3_RULE_CONTROL_TRUTH_VS_AUDIT_TRUTH_DEEPER.md	moved	module payload archived during reset
/data/data/com.termux/files/home/02.ERP-system/30.accounting	archive_payload	/data/data/com.termux/files/home/02.ERP-system/30.accounting/020.architecture/507_ERP_V3_HANDOFF_AND_RECONCILIATION_BOUNDARY_RULES.md	/data/data/com.termux/files/home/02.ERP-system/99.archive/20260422_224743/module-design-reset/30.accounting/020.architecture/507_ERP_V3_HANDOFF_AND_RECONCILIATION_BOUNDARY_RULES.md	moved	module payload archived during reset
/data/data/com.termux/files/home/02.ERP-system/30.accounting	archive_payload	/data/data/com.termux/files/home/02.ERP-system/30.accounting/020.architecture/508_ERP_V3_BOUNDARY_DEEPER_PASS_SUMMARY.md	/data/data/com.termux/files/home/02.ERP-system/99.archive/20260422_224743/module-design-reset/30.accounting/020.architecture/508_ERP_V3_BOUNDARY_DEEPER_PASS_SUMMARY.md	moved	module payload archived during reset
/data/data/com.termux/files/home/02.ERP-system/30.accounting	archive_payload	/data/data/com.termux/files/home/02.ERP-system/30.accounting/020.architecture/509_ERP_V3_BOUNDARY_DEEPER_PASS_ROOT_PATCH.md	/data/data/com.termux/files/home/02.ERP-system/99.archive/20260422_224743/module-design-reset/30.accounting/020.architecture/509_ERP_V3_BOUNDARY_DEEPER_PASS_ROOT_PATCH.md	moved	module payload archived during reset
/data/data/com.termux/files/home/02.ERP-system/30.accounting	archive_payload	/data/data/com.termux/files/home/02.ERP-system/30.accounting/020.architecture/510_DESIGN_MASTER_INDEX_V3_BOUNDARY_DEEPER_PASS_PATCH.md	/data/data/com.termux/files/home/02.ERP-system/99.archive/20260422_224743/module-design-reset/30.accounting/020.architecture/510_DESIGN_MASTER_INDEX_V3_BOUNDARY_DEEPER_PASS_PATCH.md	moved	module payload archived during reset
/data/data/com.termux/files/home/02.ERP-system/30.accounting	archive_payload	/data/data/com.termux/files/home/02.ERP-system/30.accounting/020.architecture/511_ERP_SYSTEM_MASTER_INDEX_V3_BOUNDARY_DEEPER_PASS_PATCH.md	/data/data/com.termux/files/home/02.ERP-system/99.archive/20260422_224743/module-design-reset/30.accounting/020.architecture/511_ERP_SYSTEM_MASTER_INDEX_V3_BOUNDARY_DEEPER_PASS_PATCH.md	moved	module payload archived during reset
/data/data/com.termux/files/home/02.ERP-system/30.accounting	archive_payload	/data/data/com.termux/files/home/02.ERP-system/30.accounting/020.architecture/512_ERP_V3_BOUNDARY_DEEPER_PASS_ROOT_NAVIGATION_RULE.md	/data/data/com.termux/files/home/02.ERP-system/99.archive/20260422_224743/module-design-reset/30.accounting/020.architecture/512_ERP_V3_BOUNDARY_DEEPER_PASS_ROOT_NAVIGATION_RULE.md	moved	module payload archived during reset
/data/data/com.termux/files/home/02.ERP-system/30.accounting	archive_payload	/data/data/com.termux/files/home/02.ERP-system/30.accounting/020.architecture/DESIGN_MASTER_INDEX.md	/data/data/com.termux/files/home/02.ERP-system/99.archive/20260422_224743/module-design-reset/30.accounting/020.architecture/DESIGN_MASTER_INDEX.md	moved	module payload archived during reset
/data/data/com.termux/files/home/02.ERP-system/30.accounting	archive_payload	/data/data/com.termux/files/home/02.ERP-system/30.accounting/020.architecture/ERP_DESIGN_BIBLE_FULL.md	/data/data/com.termux/files/home/02.ERP-system/99.archive/20260422_224743/module-design-reset/30.accounting/020.architecture/ERP_DESIGN_BIBLE_FULL.md	moved	module payload archived during reset
/data/data/com.termux/files/home/02.ERP-system/30.accounting	archive_payload	/data/data/com.termux/files/home/02.ERP-system/30.accounting/020.architecture/ERP_SYSTEM_MASTER_INDEX.md	/data/data/com.termux/files/home/02.ERP-system/99.archive/20260422_224743/module-design-reset/30.accounting/020.architecture/ERP_SYSTEM_MASTER_INDEX.md	moved	module payload archived during reset
/data/data/com.termux/files/home/02.ERP-system/30.accounting	archive_payload	/data/data/com.termux/files/home/02.ERP-system/30.accounting/020.architecture/INDEX__20260422_192233.md	/data/data/com.termux/files/home/02.ERP-system/99.archive/20260422_224743/module-design-reset/30.accounting/020.architecture/INDEX__20260422_192233.md	moved	module payload archived during reset
/data/data/com.termux/files/home/02.ERP-system/30.accounting	archive_payload	/data/data/com.termux/files/home/02.ERP-system/30.accounting/020.architecture/OVERVIEW__20260422_192233.md	/data/data/com.termux/files/home/02.ERP-system/99.archive/20260422_224743/module-design-reset/30.accounting/020.architecture/OVERVIEW__20260422_192233.md	moved	module payload archived during reset
/data/data/com.termux/files/home/02.ERP-system/30.accounting	archive_payload	/data/data/com.termux/files/home/02.ERP-system/30.accounting/080.policy/020_ERP_FOLDER_BOUNDARY_AND_TRANSITION_RULE.md	/data/data/com.termux/files/home/02.ERP-system/99.archive/20260422_224743/module-design-reset/30.accounting/080.policy/020_ERP_FOLDER_BOUNDARY_AND_TRANSITION_RULE.md	moved	module payload archived during reset
/data/data/com.termux/files/home/02.ERP-system/30.accounting	archive_payload	/data/data/com.termux/files/home/02.ERP-system/30.accounting/100.security/211_ERP_FROZEN_AUTHORITY_REGISTRY_CANDIDATE_ACCOUNTING_CORE.md	/data/data/com.termux/files/home/02.ERP-system/99.archive/20260422_224743/module-design-reset/30.accounting/100.security/211_ERP_FROZEN_AUTHORITY_REGISTRY_CANDIDATE_ACCOUNTING_CORE.md	moved	module payload archived during reset
/data/data/com.termux/files/home/02.ERP-system/30.accounting	archive_payload	/data/data/com.termux/files/home/02.ERP-system/30.accounting/100.security/233_ERP_FROZEN_AUTHORITY_REGISTRY_V1_ACCOUNTING_CORE.md	/data/data/com.termux/files/home/02.ERP-system/99.archive/20260422_224743/module-design-reset/30.accounting/100.security/233_ERP_FROZEN_AUTHORITY_REGISTRY_V1_ACCOUNTING_CORE.md	moved	module payload archived during reset
/data/data/com.termux/files/home/02.ERP-system/30.accounting	archive_payload	/data/data/com.termux/files/home/02.ERP-system/30.accounting/120.implementation/032_ERP_UNNUMBERED_TO_NUMBERED_TRANSITION_SUMMARY.txt	/data/data/com.termux/files/home/02.ERP-system/99.archive/20260422_224743/module-design-reset/30.accounting/120.implementation/032_ERP_UNNUMBERED_TO_NUMBERED_TRANSITION_SUMMARY.txt	moved	module payload archived during reset
/data/data/com.termux/files/home/02.ERP-system/30.accounting	dir	/data/data/com.termux/files/home/02.ERP-system/30.accounting/010.constitution	/data/data/com.termux/files/home/02.ERP-system/30.accounting/010.constitution	exists	directory already exists
/data/data/com.termux/files/home/02.ERP-system/30.accounting	dir	/data/data/com.termux/files/home/02.ERP-system/30.accounting/020.architecture	/data/data/com.termux/files/home/02.ERP-system/30.accounting/020.architecture	exists	directory already exists
/data/data/com.termux/files/home/02.ERP-system/30.accounting	dir	/data/data/com.termux/files/home/02.ERP-system/30.accounting/030.model	/data/data/com.termux/files/home/02.ERP-system/30.accounting/030.model	exists	directory already exists
/data/data/com.termux/files/home/02.ERP-system/30.accounting	dir	/data/data/com.termux/files/home/02.ERP-system/30.accounting/050.flow	/data/data/com.termux/files/home/02.ERP-system/30.accounting/050.flow	exists	directory already exists
/data/data/com.termux/files/home/02.ERP-system/30.accounting	dir	/data/data/com.termux/files/home/02.ERP-system/30.accounting/060.integration	/data/data/com.termux/files/home/02.ERP-system/30.accounting/060.integration	exists	directory already exists
/data/data/com.termux/files/home/02.ERP-system/30.accounting	dir	/data/data/com.termux/files/home/02.ERP-system/30.accounting/070.operations	/data/data/com.termux/files/home/02.ERP-system/30.accounting/070.operations	exists	directory already exists
/data/data/com.termux/files/home/02.ERP-system/30.accounting	dir	/data/data/com.termux/files/home/02.ERP-system/30.accounting/080.policy	/data/data/com.termux/files/home/02.ERP-system/30.accounting/080.policy	exists	directory already exists
/data/data/com.termux/files/home/02.ERP-system/30.accounting	dir	/data/data/com.termux/files/home/02.ERP-system/30.accounting/100.security	/data/data/com.termux/files/home/02.ERP-system/30.accounting/100.security	exists	directory already exists
/data/data/com.termux/files/home/02.ERP-system/30.accounting	dir	/data/data/com.termux/files/home/02.ERP-system/30.accounting/110.infrastructure	/data/data/com.termux/files/home/02.ERP-system/30.accounting/110.infrastructure	exists	directory already exists
/data/data/com.termux/files/home/02.ERP-system/30.accounting	dir	/data/data/com.termux/files/home/02.ERP-system/30.accounting/120.implementation	/data/data/com.termux/files/home/02.ERP-system/30.accounting/120.implementation	exists	directory already exists
/data/data/com.termux/files/home/02.ERP-system/30.accounting	dir	/data/data/com.termux/files/home/02.ERP-system/30.accounting/130.development	/data/data/com.termux/files/home/02.ERP-system/30.accounting/130.development	exists	directory already exists
/data/data/com.termux/files/home/02.ERP-system/30.accounting	dir	/data/data/com.termux/files/home/02.ERP-system/30.accounting/900.meta	/data/data/com.termux/files/home/02.ERP-system/30.accounting/900.meta	exists	directory already exists
/data/data/com.termux/files/home/02.ERP-system/30.accounting	dir	/data/data/com.termux/files/home/02.ERP-system/30.accounting/920.meta	/data/data/com.termux/files/home/02.ERP-system/30.accounting/920.meta	exists	directory already exists
/data/data/com.termux/files/home/02.ERP-system/30.accounting	index	/data/data/com.termux/files/home/02.ERP-system/30.accounting/INDEX.md	/data/data/com.termux/files/home/02.ERP-system/30.accounting/INDEX.md	exists	index already exists
/data/data/com.termux/files/home/02.ERP-system/30.accounting	overview	/data/data/com.termux/files/home/02.ERP-system/30.accounting/OVERVIEW.md	/data/data/com.termux/files/home/02.ERP-system/30.accounting/OVERVIEW.md	exists	overview already exists
/data/data/com.termux/files/home/02.ERP-system/30.accounting	dir	/data/data/com.termux/files/home/02.ERP-system/30.accounting/010.constitution	/data/data/com.termux/files/home/02.ERP-system/30.accounting/010.constitution	exists	directory already exists
/data/data/com.termux/files/home/02.ERP-system/30.accounting	index	/data/data/com.termux/files/home/02.ERP-system/30.accounting/010.constitution/INDEX.md	/data/data/com.termux/files/home/02.ERP-system/30.accounting/010.constitution/INDEX.md	exists	index already exists
/data/data/com.termux/files/home/02.ERP-system/30.accounting	overview	/data/data/com.termux/files/home/02.ERP-system/30.accounting/010.constitution/OVERVIEW.md	/data/data/com.termux/files/home/02.ERP-system/30.accounting/010.constitution/OVERVIEW.md	exists	overview already exists
/data/data/com.termux/files/home/02.ERP-system/30.accounting	dir	/data/data/com.termux/files/home/02.ERP-system/30.accounting/020.architecture	/data/data/com.termux/files/home/02.ERP-system/30.accounting/020.architecture	exists	directory already exists
/data/data/com.termux/files/home/02.ERP-system/30.accounting	index	/data/data/com.termux/files/home/02.ERP-system/30.accounting/020.architecture/INDEX.md	/data/data/com.termux/files/home/02.ERP-system/30.accounting/020.architecture/INDEX.md	exists	index already exists
/data/data/com.termux/files/home/02.ERP-system/30.accounting	overview	/data/data/com.termux/files/home/02.ERP-system/30.accounting/020.architecture/OVERVIEW.md	/data/data/com.termux/files/home/02.ERP-system/30.accounting/020.architecture/OVERVIEW.md	exists	overview already exists
/data/data/com.termux/files/home/02.ERP-system/30.accounting	dir	/data/data/com.termux/files/home/02.ERP-system/30.accounting/030.model	/data/data/com.termux/files/home/02.ERP-system/30.accounting/030.model	exists	directory already exists
/data/data/com.termux/files/home/02.ERP-system/30.accounting	index	/data/data/com.termux/files/home/02.ERP-system/30.accounting/030.model/INDEX.md	/data/data/com.termux/files/home/02.ERP-system/30.accounting/030.model/INDEX.md	exists	index already exists
/data/data/com.termux/files/home/02.ERP-system/30.accounting	overview	/data/data/com.termux/files/home/02.ERP-system/30.accounting/030.model/OVERVIEW.md	/data/data/com.termux/files/home/02.ERP-system/30.accounting/030.model/OVERVIEW.md	exists	overview already exists
/data/data/com.termux/files/home/02.ERP-system/30.accounting	dir	/data/data/com.termux/files/home/02.ERP-system/30.accounting/050.flow	/data/data/com.termux/files/home/02.ERP-system/30.accounting/050.flow	exists	directory already exists
/data/data/com.termux/files/home/02.ERP-system/30.accounting	index	/data/data/com.termux/files/home/02.ERP-system/30.accounting/050.flow/INDEX.md	/data/data/com.termux/files/home/02.ERP-system/30.accounting/050.flow/INDEX.md	exists	index already exists
/data/data/com.termux/files/home/02.ERP-system/30.accounting	overview	/data/data/com.termux/files/home/02.ERP-system/30.accounting/050.flow/OVERVIEW.md	/data/data/com.termux/files/home/02.ERP-system/30.accounting/050.flow/OVERVIEW.md	exists	overview already exists
/data/data/com.termux/files/home/02.ERP-system/30.accounting	dir	/data/data/com.termux/files/home/02.ERP-system/30.accounting/060.integration	/data/data/com.termux/files/home/02.ERP-system/30.accounting/060.integration	exists	directory already exists
/data/data/com.termux/files/home/02.ERP-system/30.accounting	index	/data/data/com.termux/files/home/02.ERP-system/30.accounting/060.integration/INDEX.md	/data/data/com.termux/files/home/02.ERP-system/30.accounting/060.integration/INDEX.md	exists	index already exists
/data/data/com.termux/files/home/02.ERP-system/30.accounting	overview	/data/data/com.termux/files/home/02.ERP-system/30.accounting/060.integration/OVERVIEW.md	/data/data/com.termux/files/home/02.ERP-system/30.accounting/060.integration/OVERVIEW.md	exists	overview already exists
/data/data/com.termux/files/home/02.ERP-system/30.accounting	dir	/data/data/com.termux/files/home/02.ERP-system/30.accounting/070.operations	/data/data/com.termux/files/home/02.ERP-system/30.accounting/070.operations	exists	directory already exists
/data/data/com.termux/files/home/02.ERP-system/30.accounting	index	/data/data/com.termux/files/home/02.ERP-system/30.accounting/070.operations/INDEX.md	/data/data/com.termux/files/home/02.ERP-system/30.accounting/070.operations/INDEX.md	exists	index already exists
/data/data/com.termux/files/home/02.ERP-system/30.accounting	overview	/data/data/com.termux/files/home/02.ERP-system/30.accounting/070.operations/OVERVIEW.md	/data/data/com.termux/files/home/02.ERP-system/30.accounting/070.operations/OVERVIEW.md	exists	overview already exists
/data/data/com.termux/files/home/02.ERP-system/30.accounting	dir	/data/data/com.termux/files/home/02.ERP-system/30.accounting/080.policy	/data/data/com.termux/files/home/02.ERP-system/30.accounting/080.policy	exists	directory already exists
/data/data/com.termux/files/home/02.ERP-system/30.accounting	index	/data/data/com.termux/files/home/02.ERP-system/30.accounting/080.policy/INDEX.md	/data/data/com.termux/files/home/02.ERP-system/30.accounting/080.policy/INDEX.md	exists	index already exists
/data/data/com.termux/files/home/02.ERP-system/30.accounting	overview	/data/data/com.termux/files/home/02.ERP-system/30.accounting/080.policy/OVERVIEW.md	/data/data/com.termux/files/home/02.ERP-system/30.accounting/080.policy/OVERVIEW.md	exists	overview already exists
/data/data/com.termux/files/home/02.ERP-system/30.accounting	dir	/data/data/com.termux/files/home/02.ERP-system/30.accounting/100.security	/data/data/com.termux/files/home/02.ERP-system/30.accounting/100.security	exists	directory already exists
/data/data/com.termux/files/home/02.ERP-system/30.accounting	index	/data/data/com.termux/files/home/02.ERP-system/30.accounting/100.security/INDEX.md	/data/data/com.termux/files/home/02.ERP-system/30.accounting/100.security/INDEX.md	exists	index already exists
/data/data/com.termux/files/home/02.ERP-system/30.accounting	overview	/data/data/com.termux/files/home/02.ERP-system/30.accounting/100.security/OVERVIEW.md	/data/data/com.termux/files/home/02.ERP-system/30.accounting/100.security/OVERVIEW.md	exists	overview already exists
/data/data/com.termux/files/home/02.ERP-system/30.accounting	dir	/data/data/com.termux/files/home/02.ERP-system/30.accounting/110.infrastructure	/data/data/com.termux/files/home/02.ERP-system/30.accounting/110.infrastructure	exists	directory already exists
/data/data/com.termux/files/home/02.ERP-system/30.accounting	index	/data/data/com.termux/files/home/02.ERP-system/30.accounting/110.infrastructure/INDEX.md	/data/data/com.termux/files/home/02.ERP-system/30.accounting/110.infrastructure/INDEX.md	exists	index already exists
/data/data/com.termux/files/home/02.ERP-system/30.accounting	overview	/data/data/com.termux/files/home/02.ERP-system/30.accounting/110.infrastructure/OVERVIEW.md	/data/data/com.termux/files/home/02.ERP-system/30.accounting/110.infrastructure/OVERVIEW.md	exists	overview already exists
/data/data/com.termux/files/home/02.ERP-system/30.accounting	dir	/data/data/com.termux/files/home/02.ERP-system/30.accounting/120.implementation	/data/data/com.termux/files/home/02.ERP-system/30.accounting/120.implementation	exists	directory already exists
/data/data/com.termux/files/home/02.ERP-system/30.accounting	index	/data/data/com.termux/files/home/02.ERP-system/30.accounting/120.implementation/INDEX.md	/data/data/com.termux/files/home/02.ERP-system/30.accounting/120.implementation/INDEX.md	exists	index already exists
/data/data/com.termux/files/home/02.ERP-system/30.accounting	overview	/data/data/com.termux/files/home/02.ERP-system/30.accounting/120.implementation/OVERVIEW.md	/data/data/com.termux/files/home/02.ERP-system/30.accounting/120.implementation/OVERVIEW.md	exists	overview already exists
/data/data/com.termux/files/home/02.ERP-system/30.accounting	dir	/data/data/com.termux/files/home/02.ERP-system/30.accounting/130.development	/data/data/com.termux/files/home/02.ERP-system/30.accounting/130.development	exists	directory already exists
/data/data/com.termux/files/home/02.ERP-system/30.accounting	index	/data/data/com.termux/files/home/02.ERP-system/30.accounting/130.development/INDEX.md	/data/data/com.termux/files/home/02.ERP-system/30.accounting/130.development/INDEX.md	exists	index already exists
/data/data/com.termux/files/home/02.ERP-system/30.accounting	overview	/data/data/com.termux/files/home/02.ERP-system/30.accounting/130.development/OVERVIEW.md	/data/data/com.termux/files/home/02.ERP-system/30.accounting/130.development/OVERVIEW.md	exists	overview already exists
/data/data/com.termux/files/home/02.ERP-system/30.accounting	dir	/data/data/com.termux/files/home/02.ERP-system/30.accounting/900.meta	/data/data/com.termux/files/home/02.ERP-system/30.accounting/900.meta	exists	directory already exists
/data/data/com.termux/files/home/02.ERP-system/30.accounting	index	/data/data/com.termux/files/home/02.ERP-system/30.accounting/900.meta/INDEX.md	/data/data/com.termux/files/home/02.ERP-system/30.accounting/900.meta/INDEX.md	exists	index already exists
/data/data/com.termux/files/home/02.ERP-system/30.accounting	overview	/data/data/com.termux/files/home/02.ERP-system/30.accounting/900.meta/OVERVIEW.md	/data/data/com.termux/files/home/02.ERP-system/30.accounting/900.meta/OVERVIEW.md	exists	overview already exists
/data/data/com.termux/files/home/02.ERP-system/30.accounting	dir	/data/data/com.termux/files/home/02.ERP-system/30.accounting/920.meta	/data/data/com.termux/files/home/02.ERP-system/30.accounting/920.meta	exists	directory already exists
/data/data/com.termux/files/home/02.ERP-system/30.accounting	index	/data/data/com.termux/files/home/02.ERP-system/30.accounting/920.meta/INDEX.md	/data/data/com.termux/files/home/02.ERP-system/30.accounting/920.meta/INDEX.md	exists	index already exists
/data/data/com.termux/files/home/02.ERP-system/30.accounting	overview	/data/data/com.termux/files/home/02.ERP-system/30.accounting/920.meta/OVERVIEW.md	/data/data/com.termux/files/home/02.ERP-system/30.accounting/920.meta/OVERVIEW.md	exists	overview already exists
/data/data/com.termux/files/home/02.ERP-system/31.management-accounting	dir	/data/data/com.termux/files/home/02.ERP-system/31.management-accounting/010.constitution	/data/data/com.termux/files/home/02.ERP-system/31.management-accounting/010.constitution	exists	directory already exists
/data/data/com.termux/files/home/02.ERP-system/31.management-accounting	dir	/data/data/com.termux/files/home/02.ERP-system/31.management-accounting/020.architecture	/data/data/com.termux/files/home/02.ERP-system/31.management-accounting/020.architecture	exists	directory already exists
/data/data/com.termux/files/home/02.ERP-system/31.management-accounting	dir	/data/data/com.termux/files/home/02.ERP-system/31.management-accounting/030.model	/data/data/com.termux/files/home/02.ERP-system/31.management-accounting/030.model	exists	directory already exists
/data/data/com.termux/files/home/02.ERP-system/31.management-accounting	dir	/data/data/com.termux/files/home/02.ERP-system/31.management-accounting/050.flow	/data/data/com.termux/files/home/02.ERP-system/31.management-accounting/050.flow	exists	directory already exists
/data/data/com.termux/files/home/02.ERP-system/31.management-accounting	dir	/data/data/com.termux/files/home/02.ERP-system/31.management-accounting/060.integration	/data/data/com.termux/files/home/02.ERP-system/31.management-accounting/060.integration	exists	directory already exists
/data/data/com.termux/files/home/02.ERP-system/31.management-accounting	dir	/data/data/com.termux/files/home/02.ERP-system/31.management-accounting/070.operations	/data/data/com.termux/files/home/02.ERP-system/31.management-accounting/070.operations	exists	directory already exists
/data/data/com.termux/files/home/02.ERP-system/31.management-accounting	dir	/data/data/com.termux/files/home/02.ERP-system/31.management-accounting/080.policy	/data/data/com.termux/files/home/02.ERP-system/31.management-accounting/080.policy	exists	directory already exists
/data/data/com.termux/files/home/02.ERP-system/31.management-accounting	dir	/data/data/com.termux/files/home/02.ERP-system/31.management-accounting/100.security	/data/data/com.termux/files/home/02.ERP-system/31.management-accounting/100.security	exists	directory already exists
/data/data/com.termux/files/home/02.ERP-system/31.management-accounting	dir	/data/data/com.termux/files/home/02.ERP-system/31.management-accounting/110.infrastructure	/data/data/com.termux/files/home/02.ERP-system/31.management-accounting/110.infrastructure	exists	directory already exists
/data/data/com.termux/files/home/02.ERP-system/31.management-accounting	dir	/data/data/com.termux/files/home/02.ERP-system/31.management-accounting/120.implementation	/data/data/com.termux/files/home/02.ERP-system/31.management-accounting/120.implementation	exists	directory already exists
/data/data/com.termux/files/home/02.ERP-system/31.management-accounting	dir	/data/data/com.termux/files/home/02.ERP-system/31.management-accounting/130.development	/data/data/com.termux/files/home/02.ERP-system/31.management-accounting/130.development	exists	directory already exists
/data/data/com.termux/files/home/02.ERP-system/31.management-accounting	dir	/data/data/com.termux/files/home/02.ERP-system/31.management-accounting/900.meta	/data/data/com.termux/files/home/02.ERP-system/31.management-accounting/900.meta	exists	directory already exists
/data/data/com.termux/files/home/02.ERP-system/31.management-accounting	dir	/data/data/com.termux/files/home/02.ERP-system/31.management-accounting/920.meta	/data/data/com.termux/files/home/02.ERP-system/31.management-accounting/920.meta	exists	directory already exists
/data/data/com.termux/files/home/02.ERP-system/31.management-accounting	index	/data/data/com.termux/files/home/02.ERP-system/31.management-accounting/INDEX.md	/data/data/com.termux/files/home/02.ERP-system/31.management-accounting/INDEX.md	exists	index already exists
/data/data/com.termux/files/home/02.ERP-system/31.management-accounting	overview	/data/data/com.termux/files/home/02.ERP-system/31.management-accounting/OVERVIEW.md	/data/data/com.termux/files/home/02.ERP-system/31.management-accounting/OVERVIEW.md	exists	overview already exists
/data/data/com.termux/files/home/02.ERP-system/31.management-accounting	dir	/data/data/com.termux/files/home/02.ERP-system/31.management-accounting/010.constitution	/data/data/com.termux/files/home/02.ERP-system/31.management-accounting/010.constitution	exists	directory already exists
/data/data/com.termux/files/home/02.ERP-system/31.management-accounting	index	/data/data/com.termux/files/home/02.ERP-system/31.management-accounting/010.constitution/INDEX.md	/data/data/com.termux/files/home/02.ERP-system/31.management-accounting/010.constitution/INDEX.md	exists	index already exists
/data/data/com.termux/files/home/02.ERP-system/31.management-accounting	overview	/data/data/com.termux/files/home/02.ERP-system/31.management-accounting/010.constitution/OVERVIEW.md	/data/data/com.termux/files/home/02.ERP-system/31.management-accounting/010.constitution/OVERVIEW.md	exists	overview already exists
/data/data/com.termux/files/home/02.ERP-system/31.management-accounting	dir	/data/data/com.termux/files/home/02.ERP-system/31.management-accounting/020.architecture	/data/data/com.termux/files/home/02.ERP-system/31.management-accounting/020.architecture	exists	directory already exists
/data/data/com.termux/files/home/02.ERP-system/31.management-accounting	index	/data/data/com.termux/files/home/02.ERP-system/31.management-accounting/020.architecture/INDEX.md	/data/data/com.termux/files/home/02.ERP-system/31.management-accounting/020.architecture/INDEX.md	exists	index already exists
/data/data/com.termux/files/home/02.ERP-system/31.management-accounting	overview	/data/data/com.termux/files/home/02.ERP-system/31.management-accounting/020.architecture/OVERVIEW.md	/data/data/com.termux/files/home/02.ERP-system/31.management-accounting/020.architecture/OVERVIEW.md	exists	overview already exists
/data/data/com.termux/files/home/02.ERP-system/31.management-accounting	dir	/data/data/com.termux/files/home/02.ERP-system/31.management-accounting/030.model	/data/data/com.termux/files/home/02.ERP-system/31.management-accounting/030.model	exists	directory already exists
/data/data/com.termux/files/home/02.ERP-system/31.management-accounting	index	/data/data/com.termux/files/home/02.ERP-system/31.management-accounting/030.model/INDEX.md	/data/data/com.termux/files/home/02.ERP-system/31.management-accounting/030.model/INDEX.md	exists	index already exists
/data/data/com.termux/files/home/02.ERP-system/31.management-accounting	overview	/data/data/com.termux/files/home/02.ERP-system/31.management-accounting/030.model/OVERVIEW.md	/data/data/com.termux/files/home/02.ERP-system/31.management-accounting/030.model/OVERVIEW.md	exists	overview already exists
/data/data/com.termux/files/home/02.ERP-system/31.management-accounting	dir	/data/data/com.termux/files/home/02.ERP-system/31.management-accounting/050.flow	/data/data/com.termux/files/home/02.ERP-system/31.management-accounting/050.flow	exists	directory already exists
/data/data/com.termux/files/home/02.ERP-system/31.management-accounting	index	/data/data/com.termux/files/home/02.ERP-system/31.management-accounting/050.flow/INDEX.md	/data/data/com.termux/files/home/02.ERP-system/31.management-accounting/050.flow/INDEX.md	exists	index already exists
/data/data/com.termux/files/home/02.ERP-system/31.management-accounting	overview	/data/data/com.termux/files/home/02.ERP-system/31.management-accounting/050.flow/OVERVIEW.md	/data/data/com.termux/files/home/02.ERP-system/31.management-accounting/050.flow/OVERVIEW.md	exists	overview already exists
/data/data/com.termux/files/home/02.ERP-system/31.management-accounting	dir	/data/data/com.termux/files/home/02.ERP-system/31.management-accounting/060.integration	/data/data/com.termux/files/home/02.ERP-system/31.management-accounting/060.integration	exists	directory already exists
/data/data/com.termux/files/home/02.ERP-system/31.management-accounting	index	/data/data/com.termux/files/home/02.ERP-system/31.management-accounting/060.integration/INDEX.md	/data/data/com.termux/files/home/02.ERP-system/31.management-accounting/060.integration/INDEX.md	exists	index already exists
/data/data/com.termux/files/home/02.ERP-system/31.management-accounting	overview	/data/data/com.termux/files/home/02.ERP-system/31.management-accounting/060.integration/OVERVIEW.md	/data/data/com.termux/files/home/02.ERP-system/31.management-accounting/060.integration/OVERVIEW.md	exists	overview already exists
/data/data/com.termux/files/home/02.ERP-system/31.management-accounting	dir	/data/data/com.termux/files/home/02.ERP-system/31.management-accounting/070.operations	/data/data/com.termux/files/home/02.ERP-system/31.management-accounting/070.operations	exists	directory already exists
/data/data/com.termux/files/home/02.ERP-system/31.management-accounting	index	/data/data/com.termux/files/home/02.ERP-system/31.management-accounting/070.operations/INDEX.md	/data/data/com.termux/files/home/02.ERP-system/31.management-accounting/070.operations/INDEX.md	exists	index already exists
/data/data/com.termux/files/home/02.ERP-system/31.management-accounting	overview	/data/data/com.termux/files/home/02.ERP-system/31.management-accounting/070.operations/OVERVIEW.md	/data/data/com.termux/files/home/02.ERP-system/31.management-accounting/070.operations/OVERVIEW.md	exists	overview already exists
/data/data/com.termux/files/home/02.ERP-system/31.management-accounting	dir	/data/data/com.termux/files/home/02.ERP-system/31.management-accounting/080.policy	/data/data/com.termux/files/home/02.ERP-system/31.management-accounting/080.policy	exists	directory already exists
/data/data/com.termux/files/home/02.ERP-system/31.management-accounting	index	/data/data/com.termux/files/home/02.ERP-system/31.management-accounting/080.policy/INDEX.md	/data/data/com.termux/files/home/02.ERP-system/31.management-accounting/080.policy/INDEX.md	exists	index already exists
/data/data/com.termux/files/home/02.ERP-system/31.management-accounting	overview	/data/data/com.termux/files/home/02.ERP-system/31.management-accounting/080.policy/OVERVIEW.md	/data/data/com.termux/files/home/02.ERP-system/31.management-accounting/080.policy/OVERVIEW.md	exists	overview already exists
/data/data/com.termux/files/home/02.ERP-system/31.management-accounting	dir	/data/data/com.termux/files/home/02.ERP-system/31.management-accounting/100.security	/data/data/com.termux/files/home/02.ERP-system/31.management-accounting/100.security	exists	directory already exists
/data/data/com.termux/files/home/02.ERP-system/31.management-accounting	index	/data/data/com.termux/files/home/02.ERP-system/31.management-accounting/100.security/INDEX.md	/data/data/com.termux/files/home/02.ERP-system/31.management-accounting/100.security/INDEX.md	exists	index already exists
/data/data/com.termux/files/home/02.ERP-system/31.management-accounting	overview	/data/data/com.termux/files/home/02.ERP-system/31.management-accounting/100.security/OVERVIEW.md	/data/data/com.termux/files/home/02.ERP-system/31.management-accounting/100.security/OVERVIEW.md	exists	overview already exists
/data/data/com.termux/files/home/02.ERP-system/31.management-accounting	dir	/data/data/com.termux/files/home/02.ERP-system/31.management-accounting/110.infrastructure	/data/data/com.termux/files/home/02.ERP-system/31.management-accounting/110.infrastructure	exists	directory already exists
/data/data/com.termux/files/home/02.ERP-system/31.management-accounting	index	/data/data/com.termux/files/home/02.ERP-system/31.management-accounting/110.infrastructure/INDEX.md	/data/data/com.termux/files/home/02.ERP-system/31.management-accounting/110.infrastructure/INDEX.md	exists	index already exists
/data/data/com.termux/files/home/02.ERP-system/31.management-accounting	overview	/data/data/com.termux/files/home/02.ERP-system/31.management-accounting/110.infrastructure/OVERVIEW.md	/data/data/com.termux/files/home/02.ERP-system/31.management-accounting/110.infrastructure/OVERVIEW.md	exists	overview already exists
/data/data/com.termux/files/home/02.ERP-system/31.management-accounting	dir	/data/data/com.termux/files/home/02.ERP-system/31.management-accounting/120.implementation	/data/data/com.termux/files/home/02.ERP-system/31.management-accounting/120.implementation	exists	directory already exists
/data/data/com.termux/files/home/02.ERP-system/31.management-accounting	index	/data/data/com.termux/files/home/02.ERP-system/31.management-accounting/120.implementation/INDEX.md	/data/data/com.termux/files/home/02.ERP-system/31.management-accounting/120.implementation/INDEX.md	exists	index already exists
/data/data/com.termux/files/home/02.ERP-system/31.management-accounting	overview	/data/data/com.termux/files/home/02.ERP-system/31.management-accounting/120.implementation/OVERVIEW.md	/data/data/com.termux/files/home/02.ERP-system/31.management-accounting/120.implementation/OVERVIEW.md	exists	overview already exists
/data/data/com.termux/files/home/02.ERP-system/31.management-accounting	dir	/data/data/com.termux/files/home/02.ERP-system/31.management-accounting/130.development	/data/data/com.termux/files/home/02.ERP-system/31.management-accounting/130.development	exists	directory already exists
/data/data/com.termux/files/home/02.ERP-system/31.management-accounting	index	/data/data/com.termux/files/home/02.ERP-system/31.management-accounting/130.development/INDEX.md	/data/data/com.termux/files/home/02.ERP-system/31.management-accounting/130.development/INDEX.md	exists	index already exists
/data/data/com.termux/files/home/02.ERP-system/31.management-accounting	overview	/data/data/com.termux/files/home/02.ERP-system/31.management-accounting/130.development/OVERVIEW.md	/data/data/com.termux/files/home/02.ERP-system/31.management-accounting/130.development/OVERVIEW.md	exists	overview already exists
/data/data/com.termux/files/home/02.ERP-system/31.management-accounting	dir	/data/data/com.termux/files/home/02.ERP-system/31.management-accounting/900.meta	/data/data/com.termux/files/home/02.ERP-system/31.management-accounting/900.meta	exists	directory already exists
/data/data/com.termux/files/home/02.ERP-system/31.management-accounting	index	/data/data/com.termux/files/home/02.ERP-system/31.management-accounting/900.meta/INDEX.md	/data/data/com.termux/files/home/02.ERP-system/31.management-accounting/900.meta/INDEX.md	exists	index already exists
/data/data/com.termux/files/home/02.ERP-system/31.management-accounting	overview	/data/data/com.termux/files/home/02.ERP-system/31.management-accounting/900.meta/OVERVIEW.md	/data/data/com.termux/files/home/02.ERP-system/31.management-accounting/900.meta/OVERVIEW.md	exists	overview already exists
/data/data/com.termux/files/home/02.ERP-system/31.management-accounting	dir	/data/data/com.termux/files/home/02.ERP-system/31.management-accounting/920.meta	/data/data/com.termux/files/home/02.ERP-system/31.management-accounting/920.meta	exists	directory already exists
/data/data/com.termux/files/home/02.ERP-system/31.management-accounting	index	/data/data/com.termux/files/home/02.ERP-system/31.management-accounting/920.meta/INDEX.md	/data/data/com.termux/files/home/02.ERP-system/31.management-accounting/920.meta/INDEX.md	exists	index already exists
/data/data/com.termux/files/home/02.ERP-system/31.management-accounting	overview	/data/data/com.termux/files/home/02.ERP-system/31.management-accounting/920.meta/OVERVIEW.md	/data/data/com.termux/files/home/02.ERP-system/31.management-accounting/920.meta/OVERVIEW.md	exists	overview already exists
/data/data/com.termux/files/home/02.ERP-system/32.project-accounting	dir	/data/data/com.termux/files/home/02.ERP-system/32.project-accounting/010.constitution	/data/data/com.termux/files/home/02.ERP-system/32.project-accounting/010.constitution	exists	directory already exists
/data/data/com.termux/files/home/02.ERP-system/32.project-accounting	dir	/data/data/com.termux/files/home/02.ERP-system/32.project-accounting/020.architecture	/data/data/com.termux/files/home/02.ERP-system/32.project-accounting/020.architecture	exists	directory already exists
/data/data/com.termux/files/home/02.ERP-system/32.project-accounting	dir	/data/data/com.termux/files/home/02.ERP-system/32.project-accounting/030.model	/data/data/com.termux/files/home/02.ERP-system/32.project-accounting/030.model	exists	directory already exists
/data/data/com.termux/files/home/02.ERP-system/32.project-accounting	dir	/data/data/com.termux/files/home/02.ERP-system/32.project-accounting/050.flow	/data/data/com.termux/files/home/02.ERP-system/32.project-accounting/050.flow	exists	directory already exists
/data/data/com.termux/files/home/02.ERP-system/32.project-accounting	dir	/data/data/com.termux/files/home/02.ERP-system/32.project-accounting/060.integration	/data/data/com.termux/files/home/02.ERP-system/32.project-accounting/060.integration	exists	directory already exists
/data/data/com.termux/files/home/02.ERP-system/32.project-accounting	dir	/data/data/com.termux/files/home/02.ERP-system/32.project-accounting/070.operations	/data/data/com.termux/files/home/02.ERP-system/32.project-accounting/070.operations	exists	directory already exists
/data/data/com.termux/files/home/02.ERP-system/32.project-accounting	dir	/data/data/com.termux/files/home/02.ERP-system/32.project-accounting/080.policy	/data/data/com.termux/files/home/02.ERP-system/32.project-accounting/080.policy	exists	directory already exists
/data/data/com.termux/files/home/02.ERP-system/32.project-accounting	dir	/data/data/com.termux/files/home/02.ERP-system/32.project-accounting/100.security	/data/data/com.termux/files/home/02.ERP-system/32.project-accounting/100.security	exists	directory already exists
/data/data/com.termux/files/home/02.ERP-system/32.project-accounting	dir	/data/data/com.termux/files/home/02.ERP-system/32.project-accounting/110.infrastructure	/data/data/com.termux/files/home/02.ERP-system/32.project-accounting/110.infrastructure	exists	directory already exists
/data/data/com.termux/files/home/02.ERP-system/32.project-accounting	dir	/data/data/com.termux/files/home/02.ERP-system/32.project-accounting/120.implementation	/data/data/com.termux/files/home/02.ERP-system/32.project-accounting/120.implementation	exists	directory already exists
/data/data/com.termux/files/home/02.ERP-system/32.project-accounting	dir	/data/data/com.termux/files/home/02.ERP-system/32.project-accounting/130.development	/data/data/com.termux/files/home/02.ERP-system/32.project-accounting/130.development	exists	directory already exists
/data/data/com.termux/files/home/02.ERP-system/32.project-accounting	dir	/data/data/com.termux/files/home/02.ERP-system/32.project-accounting/900.meta	/data/data/com.termux/files/home/02.ERP-system/32.project-accounting/900.meta	exists	directory already exists
/data/data/com.termux/files/home/02.ERP-system/32.project-accounting	dir	/data/data/com.termux/files/home/02.ERP-system/32.project-accounting/920.meta	/data/data/com.termux/files/home/02.ERP-system/32.project-accounting/920.meta	exists	directory already exists
/data/data/com.termux/files/home/02.ERP-system/32.project-accounting	index	/data/data/com.termux/files/home/02.ERP-system/32.project-accounting/INDEX.md	/data/data/com.termux/files/home/02.ERP-system/32.project-accounting/INDEX.md	exists	index already exists
/data/data/com.termux/files/home/02.ERP-system/32.project-accounting	overview	/data/data/com.termux/files/home/02.ERP-system/32.project-accounting/OVERVIEW.md	/data/data/com.termux/files/home/02.ERP-system/32.project-accounting/OVERVIEW.md	exists	overview already exists
/data/data/com.termux/files/home/02.ERP-system/32.project-accounting	dir	/data/data/com.termux/files/home/02.ERP-system/32.project-accounting/010.constitution	/data/data/com.termux/files/home/02.ERP-system/32.project-accounting/010.constitution	exists	directory already exists
/data/data/com.termux/files/home/02.ERP-system/32.project-accounting	index	/data/data/com.termux/files/home/02.ERP-system/32.project-accounting/010.constitution/INDEX.md	/data/data/com.termux/files/home/02.ERP-system/32.project-accounting/010.constitution/INDEX.md	exists	index already exists
/data/data/com.termux/files/home/02.ERP-system/32.project-accounting	overview	/data/data/com.termux/files/home/02.ERP-system/32.project-accounting/010.constitution/OVERVIEW.md	/data/data/com.termux/files/home/02.ERP-system/32.project-accounting/010.constitution/OVERVIEW.md	exists	overview already exists
/data/data/com.termux/files/home/02.ERP-system/32.project-accounting	dir	/data/data/com.termux/files/home/02.ERP-system/32.project-accounting/020.architecture	/data/data/com.termux/files/home/02.ERP-system/32.project-accounting/020.architecture	exists	directory already exists
/data/data/com.termux/files/home/02.ERP-system/32.project-accounting	index	/data/data/com.termux/files/home/02.ERP-system/32.project-accounting/020.architecture/INDEX.md	/data/data/com.termux/files/home/02.ERP-system/32.project-accounting/020.architecture/INDEX.md	exists	index already exists
/data/data/com.termux/files/home/02.ERP-system/32.project-accounting	overview	/data/data/com.termux/files/home/02.ERP-system/32.project-accounting/020.architecture/OVERVIEW.md	/data/data/com.termux/files/home/02.ERP-system/32.project-accounting/020.architecture/OVERVIEW.md	exists	overview already exists
/data/data/com.termux/files/home/02.ERP-system/32.project-accounting	dir	/data/data/com.termux/files/home/02.ERP-system/32.project-accounting/030.model	/data/data/com.termux/files/home/02.ERP-system/32.project-accounting/030.model	exists	directory already exists
/data/data/com.termux/files/home/02.ERP-system/32.project-accounting	index	/data/data/com.termux/files/home/02.ERP-system/32.project-accounting/030.model/INDEX.md	/data/data/com.termux/files/home/02.ERP-system/32.project-accounting/030.model/INDEX.md	exists	index already exists
/data/data/com.termux/files/home/02.ERP-system/32.project-accounting	overview	/data/data/com.termux/files/home/02.ERP-system/32.project-accounting/030.model/OVERVIEW.md	/data/data/com.termux/files/home/02.ERP-system/32.project-accounting/030.model/OVERVIEW.md	exists	overview already exists
/data/data/com.termux/files/home/02.ERP-system/32.project-accounting	dir	/data/data/com.termux/files/home/02.ERP-system/32.project-accounting/050.flow	/data/data/com.termux/files/home/02.ERP-system/32.project-accounting/050.flow	exists	directory already exists
/data/data/com.termux/files/home/02.ERP-system/32.project-accounting	index	/data/data/com.termux/files/home/02.ERP-system/32.project-accounting/050.flow/INDEX.md	/data/data/com.termux/files/home/02.ERP-system/32.project-accounting/050.flow/INDEX.md	exists	index already exists
/data/data/com.termux/files/home/02.ERP-system/32.project-accounting	overview	/data/data/com.termux/files/home/02.ERP-system/32.project-accounting/050.flow/OVERVIEW.md	/data/data/com.termux/files/home/02.ERP-system/32.project-accounting/050.flow/OVERVIEW.md	exists	overview already exists
/data/data/com.termux/files/home/02.ERP-system/32.project-accounting	dir	/data/data/com.termux/files/home/02.ERP-system/32.project-accounting/060.integration	/data/data/com.termux/files/home/02.ERP-system/32.project-accounting/060.integration	exists	directory already exists
/data/data/com.termux/files/home/02.ERP-system/32.project-accounting	index	/data/data/com.termux/files/home/02.ERP-system/32.project-accounting/060.integration/INDEX.md	/data/data/com.termux/files/home/02.ERP-system/32.project-accounting/060.integration/INDEX.md	exists	index already exists
/data/data/com.termux/files/home/02.ERP-system/32.project-accounting	overview	/data/data/com.termux/files/home/02.ERP-system/32.project-accounting/060.integration/OVERVIEW.md	/data/data/com.termux/files/home/02.ERP-system/32.project-accounting/060.integration/OVERVIEW.md	exists	overview already exists
/data/data/com.termux/files/home/02.ERP-system/32.project-accounting	dir	/data/data/com.termux/files/home/02.ERP-system/32.project-accounting/070.operations	/data/data/com.termux/files/home/02.ERP-system/32.project-accounting/070.operations	exists	directory already exists
/data/data/com.termux/files/home/02.ERP-system/32.project-accounting	index	/data/data/com.termux/files/home/02.ERP-system/32.project-accounting/070.operations/INDEX.md	/data/data/com.termux/files/home/02.ERP-system/32.project-accounting/070.operations/INDEX.md	exists	index already exists
/data/data/com.termux/files/home/02.ERP-system/32.project-accounting	overview	/data/data/com.termux/files/home/02.ERP-system/32.project-accounting/070.operations/OVERVIEW.md	/data/data/com.termux/files/home/02.ERP-system/32.project-accounting/070.operations/OVERVIEW.md	exists	overview already exists
/data/data/com.termux/files/home/02.ERP-system/32.project-accounting	dir	/data/data/com.termux/files/home/02.ERP-system/32.project-accounting/080.policy	/data/data/com.termux/files/home/02.ERP-system/32.project-accounting/080.policy	exists	directory already exists
/data/data/com.termux/files/home/02.ERP-system/32.project-accounting	index	/data/data/com.termux/files/home/02.ERP-system/32.project-accounting/080.policy/INDEX.md	/data/data/com.termux/files/home/02.ERP-system/32.project-accounting/080.policy/INDEX.md	exists	index already exists
/data/data/com.termux/files/home/02.ERP-system/32.project-accounting	overview	/data/data/com.termux/files/home/02.ERP-system/32.project-accounting/080.policy/OVERVIEW.md	/data/data/com.termux/files/home/02.ERP-system/32.project-accounting/080.policy/OVERVIEW.md	exists	overview already exists
/data/data/com.termux/files/home/02.ERP-system/32.project-accounting	dir	/data/data/com.termux/files/home/02.ERP-system/32.project-accounting/100.security	/data/data/com.termux/files/home/02.ERP-system/32.project-accounting/100.security	exists	directory already exists
/data/data/com.termux/files/home/02.ERP-system/32.project-accounting	index	/data/data/com.termux/files/home/02.ERP-system/32.project-accounting/100.security/INDEX.md	/data/data/com.termux/files/home/02.ERP-system/32.project-accounting/100.security/INDEX.md	exists	index already exists
/data/data/com.termux/files/home/02.ERP-system/32.project-accounting	overview	/data/data/com.termux/files/home/02.ERP-system/32.project-accounting/100.security/OVERVIEW.md	/data/data/com.termux/files/home/02.ERP-system/32.project-accounting/100.security/OVERVIEW.md	exists	overview already exists
/data/data/com.termux/files/home/02.ERP-system/32.project-accounting	dir	/data/data/com.termux/files/home/02.ERP-system/32.project-accounting/110.infrastructure	/data/data/com.termux/files/home/02.ERP-system/32.project-accounting/110.infrastructure	exists	directory already exists
/data/data/com.termux/files/home/02.ERP-system/32.project-accounting	index	/data/data/com.termux/files/home/02.ERP-system/32.project-accounting/110.infrastructure/INDEX.md	/data/data/com.termux/files/home/02.ERP-system/32.project-accounting/110.infrastructure/INDEX.md	exists	index already exists
/data/data/com.termux/files/home/02.ERP-system/32.project-accounting	overview	/data/data/com.termux/files/home/02.ERP-system/32.project-accounting/110.infrastructure/OVERVIEW.md	/data/data/com.termux/files/home/02.ERP-system/32.project-accounting/110.infrastructure/OVERVIEW.md	exists	overview already exists
/data/data/com.termux/files/home/02.ERP-system/32.project-accounting	dir	/data/data/com.termux/files/home/02.ERP-system/32.project-accounting/120.implementation	/data/data/com.termux/files/home/02.ERP-system/32.project-accounting/120.implementation	exists	directory already exists
/data/data/com.termux/files/home/02.ERP-system/32.project-accounting	index	/data/data/com.termux/files/home/02.ERP-system/32.project-accounting/120.implementation/INDEX.md	/data/data/com.termux/files/home/02.ERP-system/32.project-accounting/120.implementation/INDEX.md	exists	index already exists
/data/data/com.termux/files/home/02.ERP-system/32.project-accounting	overview	/data/data/com.termux/files/home/02.ERP-system/32.project-accounting/120.implementation/OVERVIEW.md	/data/data/com.termux/files/home/02.ERP-system/32.project-accounting/120.implementation/OVERVIEW.md	exists	overview already exists
/data/data/com.termux/files/home/02.ERP-system/32.project-accounting	dir	/data/data/com.termux/files/home/02.ERP-system/32.project-accounting/130.development	/data/data/com.termux/files/home/02.ERP-system/32.project-accounting/130.development	exists	directory already exists
/data/data/com.termux/files/home/02.ERP-system/32.project-accounting	index	/data/data/com.termux/files/home/02.ERP-system/32.project-accounting/130.development/INDEX.md	/data/data/com.termux/files/home/02.ERP-system/32.project-accounting/130.development/INDEX.md	exists	index already exists
/data/data/com.termux/files/home/02.ERP-system/32.project-accounting	overview	/data/data/com.termux/files/home/02.ERP-system/32.project-accounting/130.development/OVERVIEW.md	/data/data/com.termux/files/home/02.ERP-system/32.project-accounting/130.development/OVERVIEW.md	exists	overview already exists
/data/data/com.termux/files/home/02.ERP-system/32.project-accounting	dir	/data/data/com.termux/files/home/02.ERP-system/32.project-accounting/900.meta	/data/data/com.termux/files/home/02.ERP-system/32.project-accounting/900.meta	exists	directory already exists
/data/data/com.termux/files/home/02.ERP-system/32.project-accounting	index	/data/data/com.termux/files/home/02.ERP-system/32.project-accounting/900.meta/INDEX.md	/data/data/com.termux/files/home/02.ERP-system/32.project-accounting/900.meta/INDEX.md	exists	index already exists
/data/data/com.termux/files/home/02.ERP-system/32.project-accounting	overview	/data/data/com.termux/files/home/02.ERP-system/32.project-accounting/900.meta/OVERVIEW.md	/data/data/com.termux/files/home/02.ERP-system/32.project-accounting/900.meta/OVERVIEW.md	exists	overview already exists
/data/data/com.termux/files/home/02.ERP-system/32.project-accounting	dir	/data/data/com.termux/files/home/02.ERP-system/32.project-accounting/920.meta	/data/data/com.termux/files/home/02.ERP-system/32.project-accounting/920.meta	exists	directory already exists
/data/data/com.termux/files/home/02.ERP-system/32.project-accounting	index	/data/data/com.termux/files/home/02.ERP-system/32.project-accounting/920.meta/INDEX.md	/data/data/com.termux/files/home/02.ERP-system/32.project-accounting/920.meta/INDEX.md	exists	index already exists
/data/data/com.termux/files/home/02.ERP-system/32.project-accounting	overview	/data/data/com.termux/files/home/02.ERP-system/32.project-accounting/920.meta/OVERVIEW.md	/data/data/com.termux/files/home/02.ERP-system/32.project-accounting/920.meta/OVERVIEW.md	exists	overview already exists
/data/data/com.termux/files/home/02.ERP-system/33.fixed-assets	dir	/data/data/com.termux/files/home/02.ERP-system/33.fixed-assets/010.constitution	/data/data/com.termux/files/home/02.ERP-system/33.fixed-assets/010.constitution	exists	directory already exists
/data/data/com.termux/files/home/02.ERP-system/33.fixed-assets	dir	/data/data/com.termux/files/home/02.ERP-system/33.fixed-assets/020.architecture	/data/data/com.termux/files/home/02.ERP-system/33.fixed-assets/020.architecture	exists	directory already exists
/data/data/com.termux/files/home/02.ERP-system/33.fixed-assets	dir	/data/data/com.termux/files/home/02.ERP-system/33.fixed-assets/030.model	/data/data/com.termux/files/home/02.ERP-system/33.fixed-assets/030.model	exists	directory already exists
/data/data/com.termux/files/home/02.ERP-system/33.fixed-assets	dir	/data/data/com.termux/files/home/02.ERP-system/33.fixed-assets/050.flow	/data/data/com.termux/files/home/02.ERP-system/33.fixed-assets/050.flow	exists	directory already exists
/data/data/com.termux/files/home/02.ERP-system/33.fixed-assets	dir	/data/data/com.termux/files/home/02.ERP-system/33.fixed-assets/060.integration	/data/data/com.termux/files/home/02.ERP-system/33.fixed-assets/060.integration	exists	directory already exists
/data/data/com.termux/files/home/02.ERP-system/33.fixed-assets	dir	/data/data/com.termux/files/home/02.ERP-system/33.fixed-assets/070.operations	/data/data/com.termux/files/home/02.ERP-system/33.fixed-assets/070.operations	exists	directory already exists
/data/data/com.termux/files/home/02.ERP-system/33.fixed-assets	dir	/data/data/com.termux/files/home/02.ERP-system/33.fixed-assets/080.policy	/data/data/com.termux/files/home/02.ERP-system/33.fixed-assets/080.policy	exists	directory already exists
/data/data/com.termux/files/home/02.ERP-system/33.fixed-assets	dir	/data/data/com.termux/files/home/02.ERP-system/33.fixed-assets/100.security	/data/data/com.termux/files/home/02.ERP-system/33.fixed-assets/100.security	exists	directory already exists
/data/data/com.termux/files/home/02.ERP-system/33.fixed-assets	dir	/data/data/com.termux/files/home/02.ERP-system/33.fixed-assets/110.infrastructure	/data/data/com.termux/files/home/02.ERP-system/33.fixed-assets/110.infrastructure	exists	directory already exists
/data/data/com.termux/files/home/02.ERP-system/33.fixed-assets	dir	/data/data/com.termux/files/home/02.ERP-system/33.fixed-assets/120.implementation	/data/data/com.termux/files/home/02.ERP-system/33.fixed-assets/120.implementation	exists	directory already exists
/data/data/com.termux/files/home/02.ERP-system/33.fixed-assets	dir	/data/data/com.termux/files/home/02.ERP-system/33.fixed-assets/130.development	/data/data/com.termux/files/home/02.ERP-system/33.fixed-assets/130.development	exists	directory already exists
/data/data/com.termux/files/home/02.ERP-system/33.fixed-assets	dir	/data/data/com.termux/files/home/02.ERP-system/33.fixed-assets/900.meta	/data/data/com.termux/files/home/02.ERP-system/33.fixed-assets/900.meta	exists	directory already exists
/data/data/com.termux/files/home/02.ERP-system/33.fixed-assets	dir	/data/data/com.termux/files/home/02.ERP-system/33.fixed-assets/920.meta	/data/data/com.termux/files/home/02.ERP-system/33.fixed-assets/920.meta	exists	directory already exists
/data/data/com.termux/files/home/02.ERP-system/33.fixed-assets	index	/data/data/com.termux/files/home/02.ERP-system/33.fixed-assets/INDEX.md	/data/data/com.termux/files/home/02.ERP-system/33.fixed-assets/INDEX.md	exists	index already exists
/data/data/com.termux/files/home/02.ERP-system/33.fixed-assets	overview	/data/data/com.termux/files/home/02.ERP-system/33.fixed-assets/OVERVIEW.md	/data/data/com.termux/files/home/02.ERP-system/33.fixed-assets/OVERVIEW.md	exists	overview already exists
/data/data/com.termux/files/home/02.ERP-system/33.fixed-assets	dir	/data/data/com.termux/files/home/02.ERP-system/33.fixed-assets/010.constitution	/data/data/com.termux/files/home/02.ERP-system/33.fixed-assets/010.constitution	exists	directory already exists
/data/data/com.termux/files/home/02.ERP-system/33.fixed-assets	index	/data/data/com.termux/files/home/02.ERP-system/33.fixed-assets/010.constitution/INDEX.md	/data/data/com.termux/files/home/02.ERP-system/33.fixed-assets/010.constitution/INDEX.md	exists	index already exists
/data/data/com.termux/files/home/02.ERP-system/33.fixed-assets	overview	/data/data/com.termux/files/home/02.ERP-system/33.fixed-assets/010.constitution/OVERVIEW.md	/data/data/com.termux/files/home/02.ERP-system/33.fixed-assets/010.constitution/OVERVIEW.md	exists	overview already exists
/data/data/com.termux/files/home/02.ERP-system/33.fixed-assets	dir	/data/data/com.termux/files/home/02.ERP-system/33.fixed-assets/020.architecture	/data/data/com.termux/files/home/02.ERP-system/33.fixed-assets/020.architecture	exists	directory already exists
/data/data/com.termux/files/home/02.ERP-system/33.fixed-assets	index	/data/data/com.termux/files/home/02.ERP-system/33.fixed-assets/020.architecture/INDEX.md	/data/data/com.termux/files/home/02.ERP-system/33.fixed-assets/020.architecture/INDEX.md	exists	index already exists
/data/data/com.termux/files/home/02.ERP-system/33.fixed-assets	overview	/data/data/com.termux/files/home/02.ERP-system/33.fixed-assets/020.architecture/OVERVIEW.md	/data/data/com.termux/files/home/02.ERP-system/33.fixed-assets/020.architecture/OVERVIEW.md	exists	overview already exists
/data/data/com.termux/files/home/02.ERP-system/33.fixed-assets	dir	/data/data/com.termux/files/home/02.ERP-system/33.fixed-assets/030.model	/data/data/com.termux/files/home/02.ERP-system/33.fixed-assets/030.model	exists	directory already exists
/data/data/com.termux/files/home/02.ERP-system/33.fixed-assets	index	/data/data/com.termux/files/home/02.ERP-system/33.fixed-assets/030.model/INDEX.md	/data/data/com.termux/files/home/02.ERP-system/33.fixed-assets/030.model/INDEX.md	exists	index already exists
/data/data/com.termux/files/home/02.ERP-system/33.fixed-assets	overview	/data/data/com.termux/files/home/02.ERP-system/33.fixed-assets/030.model/OVERVIEW.md	/data/data/com.termux/files/home/02.ERP-system/33.fixed-assets/030.model/OVERVIEW.md	exists	overview already exists
/data/data/com.termux/files/home/02.ERP-system/33.fixed-assets	dir	/data/data/com.termux/files/home/02.ERP-system/33.fixed-assets/050.flow	/data/data/com.termux/files/home/02.ERP-system/33.fixed-assets/050.flow	exists	directory already exists
/data/data/com.termux/files/home/02.ERP-system/33.fixed-assets	index	/data/data/com.termux/files/home/02.ERP-system/33.fixed-assets/050.flow/INDEX.md	/data/data/com.termux/files/home/02.ERP-system/33.fixed-assets/050.flow/INDEX.md	exists	index already exists
/data/data/com.termux/files/home/02.ERP-system/33.fixed-assets	overview	/data/data/com.termux/files/home/02.ERP-system/33.fixed-assets/050.flow/OVERVIEW.md	/data/data/com.termux/files/home/02.ERP-system/33.fixed-assets/050.flow/OVERVIEW.md	exists	overview already exists
/data/data/com.termux/files/home/02.ERP-system/33.fixed-assets	dir	/data/data/com.termux/files/home/02.ERP-system/33.fixed-assets/060.integration	/data/data/com.termux/files/home/02.ERP-system/33.fixed-assets/060.integration	exists	directory already exists
/data/data/com.termux/files/home/02.ERP-system/33.fixed-assets	index	/data/data/com.termux/files/home/02.ERP-system/33.fixed-assets/060.integration/INDEX.md	/data/data/com.termux/files/home/02.ERP-system/33.fixed-assets/060.integration/INDEX.md	exists	index already exists
/data/data/com.termux/files/home/02.ERP-system/33.fixed-assets	overview	/data/data/com.termux/files/home/02.ERP-system/33.fixed-assets/060.integration/OVERVIEW.md	/data/data/com.termux/files/home/02.ERP-system/33.fixed-assets/060.integration/OVERVIEW.md	exists	overview already exists
/data/data/com.termux/files/home/02.ERP-system/33.fixed-assets	dir	/data/data/com.termux/files/home/02.ERP-system/33.fixed-assets/070.operations	/data/data/com.termux/files/home/02.ERP-system/33.fixed-assets/070.operations	exists	directory already exists
/data/data/com.termux/files/home/02.ERP-system/33.fixed-assets	index	/data/data/com.termux/files/home/02.ERP-system/33.fixed-assets/070.operations/INDEX.md	/data/data/com.termux/files/home/02.ERP-system/33.fixed-assets/070.operations/INDEX.md	exists	index already exists
/data/data/com.termux/files/home/02.ERP-system/33.fixed-assets	overview	/data/data/com.termux/files/home/02.ERP-system/33.fixed-assets/070.operations/OVERVIEW.md	/data/data/com.termux/files/home/02.ERP-system/33.fixed-assets/070.operations/OVERVIEW.md	exists	overview already exists
/data/data/com.termux/files/home/02.ERP-system/33.fixed-assets	dir	/data/data/com.termux/files/home/02.ERP-system/33.fixed-assets/080.policy	/data/data/com.termux/files/home/02.ERP-system/33.fixed-assets/080.policy	exists	directory already exists
/data/data/com.termux/files/home/02.ERP-system/33.fixed-assets	index	/data/data/com.termux/files/home/02.ERP-system/33.fixed-assets/080.policy/INDEX.md	/data/data/com.termux/files/home/02.ERP-system/33.fixed-assets/080.policy/INDEX.md	exists	index already exists
/data/data/com.termux/files/home/02.ERP-system/33.fixed-assets	overview	/data/data/com.termux/files/home/02.ERP-system/33.fixed-assets/080.policy/OVERVIEW.md	/data/data/com.termux/files/home/02.ERP-system/33.fixed-assets/080.policy/OVERVIEW.md	exists	overview already exists
/data/data/com.termux/files/home/02.ERP-system/33.fixed-assets	dir	/data/data/com.termux/files/home/02.ERP-system/33.fixed-assets/100.security	/data/data/com.termux/files/home/02.ERP-system/33.fixed-assets/100.security	exists	directory already exists
/data/data/com.termux/files/home/02.ERP-system/33.fixed-assets	index	/data/data/com.termux/files/home/02.ERP-system/33.fixed-assets/100.security/INDEX.md	/data/data/com.termux/files/home/02.ERP-system/33.fixed-assets/100.security/INDEX.md	exists	index already exists
/data/data/com.termux/files/home/02.ERP-system/33.fixed-assets	overview	/data/data/com.termux/files/home/02.ERP-system/33.fixed-assets/100.security/OVERVIEW.md	/data/data/com.termux/files/home/02.ERP-system/33.fixed-assets/100.security/OVERVIEW.md	exists	overview already exists
/data/data/com.termux/files/home/02.ERP-system/33.fixed-assets	dir	/data/data/com.termux/files/home/02.ERP-system/33.fixed-assets/110.infrastructure	/data/data/com.termux/files/home/02.ERP-system/33.fixed-assets/110.infrastructure	exists	directory already exists
/data/data/com.termux/files/home/02.ERP-system/33.fixed-assets	index	/data/data/com.termux/files/home/02.ERP-system/33.fixed-assets/110.infrastructure/INDEX.md	/data/data/com.termux/files/home/02.ERP-system/33.fixed-assets/110.infrastructure/INDEX.md	exists	index already exists
/data/data/com.termux/files/home/02.ERP-system/33.fixed-assets	overview	/data/data/com.termux/files/home/02.ERP-system/33.fixed-assets/110.infrastructure/OVERVIEW.md	/data/data/com.termux/files/home/02.ERP-system/33.fixed-assets/110.infrastructure/OVERVIEW.md	exists	overview already exists
/data/data/com.termux/files/home/02.ERP-system/33.fixed-assets	dir	/data/data/com.termux/files/home/02.ERP-system/33.fixed-assets/120.implementation	/data/data/com.termux/files/home/02.ERP-system/33.fixed-assets/120.implementation	exists	directory already exists
/data/data/com.termux/files/home/02.ERP-system/33.fixed-assets	index	/data/data/com.termux/files/home/02.ERP-system/33.fixed-assets/120.implementation/INDEX.md	/data/data/com.termux/files/home/02.ERP-system/33.fixed-assets/120.implementation/INDEX.md	exists	index already exists
/data/data/com.termux/files/home/02.ERP-system/33.fixed-assets	overview	/data/data/com.termux/files/home/02.ERP-system/33.fixed-assets/120.implementation/OVERVIEW.md	/data/data/com.termux/files/home/02.ERP-system/33.fixed-assets/120.implementation/OVERVIEW.md	exists	overview already exists
/data/data/com.termux/files/home/02.ERP-system/33.fixed-assets	dir	/data/data/com.termux/files/home/02.ERP-system/33.fixed-assets/130.development	/data/data/com.termux/files/home/02.ERP-system/33.fixed-assets/130.development	exists	directory already exists
/data/data/com.termux/files/home/02.ERP-system/33.fixed-assets	index	/data/data/com.termux/files/home/02.ERP-system/33.fixed-assets/130.development/INDEX.md	/data/data/com.termux/files/home/02.ERP-system/33.fixed-assets/130.development/INDEX.md	exists	index already exists
/data/data/com.termux/files/home/02.ERP-system/33.fixed-assets	overview	/data/data/com.termux/files/home/02.ERP-system/33.fixed-assets/130.development/OVERVIEW.md	/data/data/com.termux/files/home/02.ERP-system/33.fixed-assets/130.development/OVERVIEW.md	exists	overview already exists
/data/data/com.termux/files/home/02.ERP-system/33.fixed-assets	dir	/data/data/com.termux/files/home/02.ERP-system/33.fixed-assets/900.meta	/data/data/com.termux/files/home/02.ERP-system/33.fixed-assets/900.meta	exists	directory already exists
/data/data/com.termux/files/home/02.ERP-system/33.fixed-assets	index	/data/data/com.termux/files/home/02.ERP-system/33.fixed-assets/900.meta/INDEX.md	/data/data/com.termux/files/home/02.ERP-system/33.fixed-assets/900.meta/INDEX.md	exists	index already exists
/data/data/com.termux/files/home/02.ERP-system/33.fixed-assets	overview	/data/data/com.termux/files/home/02.ERP-system/33.fixed-assets/900.meta/OVERVIEW.md	/data/data/com.termux/files/home/02.ERP-system/33.fixed-assets/900.meta/OVERVIEW.md	exists	overview already exists
/data/data/com.termux/files/home/02.ERP-system/33.fixed-assets	dir	/data/data/com.termux/files/home/02.ERP-system/33.fixed-assets/920.meta	/data/data/com.termux/files/home/02.ERP-system/33.fixed-assets/920.meta	exists	directory already exists
/data/data/com.termux/files/home/02.ERP-system/33.fixed-assets	index	/data/data/com.termux/files/home/02.ERP-system/33.fixed-assets/920.meta/INDEX.md	/data/data/com.termux/files/home/02.ERP-system/33.fixed-assets/920.meta/INDEX.md	exists	index already exists
/data/data/com.termux/files/home/02.ERP-system/33.fixed-assets	overview	/data/data/com.termux/files/home/02.ERP-system/33.fixed-assets/920.meta/OVERVIEW.md	/data/data/com.termux/files/home/02.ERP-system/33.fixed-assets/920.meta/OVERVIEW.md	exists	overview already exists
/data/data/com.termux/files/home/02.ERP-system/34.cash-management	dir	/data/data/com.termux/files/home/02.ERP-system/34.cash-management/010.constitution	/data/data/com.termux/files/home/02.ERP-system/34.cash-management/010.constitution	exists	directory already exists
/data/data/com.termux/files/home/02.ERP-system/34.cash-management	dir	/data/data/com.termux/files/home/02.ERP-system/34.cash-management/020.architecture	/data/data/com.termux/files/home/02.ERP-system/34.cash-management/020.architecture	exists	directory already exists
/data/data/com.termux/files/home/02.ERP-system/34.cash-management	dir	/data/data/com.termux/files/home/02.ERP-system/34.cash-management/030.model	/data/data/com.termux/files/home/02.ERP-system/34.cash-management/030.model	exists	directory already exists
/data/data/com.termux/files/home/02.ERP-system/34.cash-management	dir	/data/data/com.termux/files/home/02.ERP-system/34.cash-management/050.flow	/data/data/com.termux/files/home/02.ERP-system/34.cash-management/050.flow	exists	directory already exists
/data/data/com.termux/files/home/02.ERP-system/34.cash-management	dir	/data/data/com.termux/files/home/02.ERP-system/34.cash-management/060.integration	/data/data/com.termux/files/home/02.ERP-system/34.cash-management/060.integration	exists	directory already exists
/data/data/com.termux/files/home/02.ERP-system/34.cash-management	dir	/data/data/com.termux/files/home/02.ERP-system/34.cash-management/070.operations	/data/data/com.termux/files/home/02.ERP-system/34.cash-management/070.operations	exists	directory already exists
/data/data/com.termux/files/home/02.ERP-system/34.cash-management	dir	/data/data/com.termux/files/home/02.ERP-system/34.cash-management/080.policy	/data/data/com.termux/files/home/02.ERP-system/34.cash-management/080.policy	exists	directory already exists
/data/data/com.termux/files/home/02.ERP-system/34.cash-management	dir	/data/data/com.termux/files/home/02.ERP-system/34.cash-management/100.security	/data/data/com.termux/files/home/02.ERP-system/34.cash-management/100.security	exists	directory already exists
/data/data/com.termux/files/home/02.ERP-system/34.cash-management	dir	/data/data/com.termux/files/home/02.ERP-system/34.cash-management/110.infrastructure	/data/data/com.termux/files/home/02.ERP-system/34.cash-management/110.infrastructure	exists	directory already exists
/data/data/com.termux/files/home/02.ERP-system/34.cash-management	dir	/data/data/com.termux/files/home/02.ERP-system/34.cash-management/120.implementation	/data/data/com.termux/files/home/02.ERP-system/34.cash-management/120.implementation	exists	directory already exists
/data/data/com.termux/files/home/02.ERP-system/34.cash-management	dir	/data/data/com.termux/files/home/02.ERP-system/34.cash-management/130.development	/data/data/com.termux/files/home/02.ERP-system/34.cash-management/130.development	exists	directory already exists
/data/data/com.termux/files/home/02.ERP-system/34.cash-management	dir	/data/data/com.termux/files/home/02.ERP-system/34.cash-management/900.meta	/data/data/com.termux/files/home/02.ERP-system/34.cash-management/900.meta	exists	directory already exists
/data/data/com.termux/files/home/02.ERP-system/34.cash-management	dir	/data/data/com.termux/files/home/02.ERP-system/34.cash-management/920.meta	/data/data/com.termux/files/home/02.ERP-system/34.cash-management/920.meta	exists	directory already exists
/data/data/com.termux/files/home/02.ERP-system/34.cash-management	index	/data/data/com.termux/files/home/02.ERP-system/34.cash-management/INDEX.md	/data/data/com.termux/files/home/02.ERP-system/34.cash-management/INDEX.md	exists	index already exists
/data/data/com.termux/files/home/02.ERP-system/34.cash-management	overview	/data/data/com.termux/files/home/02.ERP-system/34.cash-management/OVERVIEW.md	/data/data/com.termux/files/home/02.ERP-system/34.cash-management/OVERVIEW.md	exists	overview already exists
/data/data/com.termux/files/home/02.ERP-system/34.cash-management	dir	/data/data/com.termux/files/home/02.ERP-system/34.cash-management/010.constitution	/data/data/com.termux/files/home/02.ERP-system/34.cash-management/010.constitution	exists	directory already exists
/data/data/com.termux/files/home/02.ERP-system/34.cash-management	index	/data/data/com.termux/files/home/02.ERP-system/34.cash-management/010.constitution/INDEX.md	/data/data/com.termux/files/home/02.ERP-system/34.cash-management/010.constitution/INDEX.md	exists	index already exists
/data/data/com.termux/files/home/02.ERP-system/34.cash-management	overview	/data/data/com.termux/files/home/02.ERP-system/34.cash-management/010.constitution/OVERVIEW.md	/data/data/com.termux/files/home/02.ERP-system/34.cash-management/010.constitution/OVERVIEW.md	exists	overview already exists
/data/data/com.termux/files/home/02.ERP-system/34.cash-management	dir	/data/data/com.termux/files/home/02.ERP-system/34.cash-management/020.architecture	/data/data/com.termux/files/home/02.ERP-system/34.cash-management/020.architecture	exists	directory already exists
/data/data/com.termux/files/home/02.ERP-system/34.cash-management	index	/data/data/com.termux/files/home/02.ERP-system/34.cash-management/020.architecture/INDEX.md	/data/data/com.termux/files/home/02.ERP-system/34.cash-management/020.architecture/INDEX.md	exists	index already exists
/data/data/com.termux/files/home/02.ERP-system/34.cash-management	overview	/data/data/com.termux/files/home/02.ERP-system/34.cash-management/020.architecture/OVERVIEW.md	/data/data/com.termux/files/home/02.ERP-system/34.cash-management/020.architecture/OVERVIEW.md	exists	overview already exists
/data/data/com.termux/files/home/02.ERP-system/34.cash-management	dir	/data/data/com.termux/files/home/02.ERP-system/34.cash-management/030.model	/data/data/com.termux/files/home/02.ERP-system/34.cash-management/030.model	exists	directory already exists
/data/data/com.termux/files/home/02.ERP-system/34.cash-management	index	/data/data/com.termux/files/home/02.ERP-system/34.cash-management/030.model/INDEX.md	/data/data/com.termux/files/home/02.ERP-system/34.cash-management/030.model/INDEX.md	exists	index already exists
/data/data/com.termux/files/home/02.ERP-system/34.cash-management	overview	/data/data/com.termux/files/home/02.ERP-system/34.cash-management/030.model/OVERVIEW.md	/data/data/com.termux/files/home/02.ERP-system/34.cash-management/030.model/OVERVIEW.md	exists	overview already exists
/data/data/com.termux/files/home/02.ERP-system/34.cash-management	dir	/data/data/com.termux/files/home/02.ERP-system/34.cash-management/050.flow	/data/data/com.termux/files/home/02.ERP-system/34.cash-management/050.flow	exists	directory already exists
/data/data/com.termux/files/home/02.ERP-system/34.cash-management	index	/data/data/com.termux/files/home/02.ERP-system/34.cash-management/050.flow/INDEX.md	/data/data/com.termux/files/home/02.ERP-system/34.cash-management/050.flow/INDEX.md	exists	index already exists
/data/data/com.termux/files/home/02.ERP-system/34.cash-management	overview	/data/data/com.termux/files/home/02.ERP-system/34.cash-management/050.flow/OVERVIEW.md	/data/data/com.termux/files/home/02.ERP-system/34.cash-management/050.flow/OVERVIEW.md	exists	overview already exists
/data/data/com.termux/files/home/02.ERP-system/34.cash-management	dir	/data/data/com.termux/files/home/02.ERP-system/34.cash-management/060.integration	/data/data/com.termux/files/home/02.ERP-system/34.cash-management/060.integration	exists	directory already exists
/data/data/com.termux/files/home/02.ERP-system/34.cash-management	index	/data/data/com.termux/files/home/02.ERP-system/34.cash-management/060.integration/INDEX.md	/data/data/com.termux/files/home/02.ERP-system/34.cash-management/060.integration/INDEX.md	exists	index already exists
/data/data/com.termux/files/home/02.ERP-system/34.cash-management	overview	/data/data/com.termux/files/home/02.ERP-system/34.cash-management/060.integration/OVERVIEW.md	/data/data/com.termux/files/home/02.ERP-system/34.cash-management/060.integration/OVERVIEW.md	exists	overview already exists
/data/data/com.termux/files/home/02.ERP-system/34.cash-management	dir	/data/data/com.termux/files/home/02.ERP-system/34.cash-management/070.operations	/data/data/com.termux/files/home/02.ERP-system/34.cash-management/070.operations	exists	directory already exists
/data/data/com.termux/files/home/02.ERP-system/34.cash-management	index	/data/data/com.termux/files/home/02.ERP-system/34.cash-management/070.operations/INDEX.md	/data/data/com.termux/files/home/02.ERP-system/34.cash-management/070.operations/INDEX.md	exists	index already exists
/data/data/com.termux/files/home/02.ERP-system/34.cash-management	overview	/data/data/com.termux/files/home/02.ERP-system/34.cash-management/070.operations/OVERVIEW.md	/data/data/com.termux/files/home/02.ERP-system/34.cash-management/070.operations/OVERVIEW.md	exists	overview already exists
/data/data/com.termux/files/home/02.ERP-system/34.cash-management	dir	/data/data/com.termux/files/home/02.ERP-system/34.cash-management/080.policy	/data/data/com.termux/files/home/02.ERP-system/34.cash-management/080.policy	exists	directory already exists
/data/data/com.termux/files/home/02.ERP-system/34.cash-management	index	/data/data/com.termux/files/home/02.ERP-system/34.cash-management/080.policy/INDEX.md	/data/data/com.termux/files/home/02.ERP-system/34.cash-management/080.policy/INDEX.md	exists	index already exists
/data/data/com.termux/files/home/02.ERP-system/34.cash-management	overview	/data/data/com.termux/files/home/02.ERP-system/34.cash-management/080.policy/OVERVIEW.md	/data/data/com.termux/files/home/02.ERP-system/34.cash-management/080.policy/OVERVIEW.md	exists	overview already exists
/data/data/com.termux/files/home/02.ERP-system/34.cash-management	dir	/data/data/com.termux/files/home/02.ERP-system/34.cash-management/100.security	/data/data/com.termux/files/home/02.ERP-system/34.cash-management/100.security	exists	directory already exists
/data/data/com.termux/files/home/02.ERP-system/34.cash-management	index	/data/data/com.termux/files/home/02.ERP-system/34.cash-management/100.security/INDEX.md	/data/data/com.termux/files/home/02.ERP-system/34.cash-management/100.security/INDEX.md	exists	index already exists
/data/data/com.termux/files/home/02.ERP-system/34.cash-management	overview	/data/data/com.termux/files/home/02.ERP-system/34.cash-management/100.security/OVERVIEW.md	/data/data/com.termux/files/home/02.ERP-system/34.cash-management/100.security/OVERVIEW.md	exists	overview already exists
/data/data/com.termux/files/home/02.ERP-system/34.cash-management	dir	/data/data/com.termux/files/home/02.ERP-system/34.cash-management/110.infrastructure	/data/data/com.termux/files/home/02.ERP-system/34.cash-management/110.infrastructure	exists	directory already exists
/data/data/com.termux/files/home/02.ERP-system/34.cash-management	index	/data/data/com.termux/files/home/02.ERP-system/34.cash-management/110.infrastructure/INDEX.md	/data/data/com.termux/files/home/02.ERP-system/34.cash-management/110.infrastructure/INDEX.md	exists	index already exists
/data/data/com.termux/files/home/02.ERP-system/34.cash-management	overview	/data/data/com.termux/files/home/02.ERP-system/34.cash-management/110.infrastructure/OVERVIEW.md	/data/data/com.termux/files/home/02.ERP-system/34.cash-management/110.infrastructure/OVERVIEW.md	exists	overview already exists
/data/data/com.termux/files/home/02.ERP-system/34.cash-management	dir	/data/data/com.termux/files/home/02.ERP-system/34.cash-management/120.implementation	/data/data/com.termux/files/home/02.ERP-system/34.cash-management/120.implementation	exists	directory already exists
/data/data/com.termux/files/home/02.ERP-system/34.cash-management	index	/data/data/com.termux/files/home/02.ERP-system/34.cash-management/120.implementation/INDEX.md	/data/data/com.termux/files/home/02.ERP-system/34.cash-management/120.implementation/INDEX.md	exists	index already exists
/data/data/com.termux/files/home/02.ERP-system/34.cash-management	overview	/data/data/com.termux/files/home/02.ERP-system/34.cash-management/120.implementation/OVERVIEW.md	/data/data/com.termux/files/home/02.ERP-system/34.cash-management/120.implementation/OVERVIEW.md	exists	overview already exists
/data/data/com.termux/files/home/02.ERP-system/34.cash-management	dir	/data/data/com.termux/files/home/02.ERP-system/34.cash-management/130.development	/data/data/com.termux/files/home/02.ERP-system/34.cash-management/130.development	exists	directory already exists
/data/data/com.termux/files/home/02.ERP-system/34.cash-management	index	/data/data/com.termux/files/home/02.ERP-system/34.cash-management/130.development/INDEX.md	/data/data/com.termux/files/home/02.ERP-system/34.cash-management/130.development/INDEX.md	exists	index already exists
/data/data/com.termux/files/home/02.ERP-system/34.cash-management	overview	/data/data/com.termux/files/home/02.ERP-system/34.cash-management/130.development/OVERVIEW.md	/data/data/com.termux/files/home/02.ERP-system/34.cash-management/130.development/OVERVIEW.md	exists	overview already exists
/data/data/com.termux/files/home/02.ERP-system/34.cash-management	dir	/data/data/com.termux/files/home/02.ERP-system/34.cash-management/900.meta	/data/data/com.termux/files/home/02.ERP-system/34.cash-management/900.meta	exists	directory already exists
/data/data/com.termux/files/home/02.ERP-system/34.cash-management	index	/data/data/com.termux/files/home/02.ERP-system/34.cash-management/900.meta/INDEX.md	/data/data/com.termux/files/home/02.ERP-system/34.cash-management/900.meta/INDEX.md	exists	index already exists
/data/data/com.termux/files/home/02.ERP-system/34.cash-management	overview	/data/data/com.termux/files/home/02.ERP-system/34.cash-management/900.meta/OVERVIEW.md	/data/data/com.termux/files/home/02.ERP-system/34.cash-management/900.meta/OVERVIEW.md	exists	overview already exists
/data/data/com.termux/files/home/02.ERP-system/34.cash-management	dir	/data/data/com.termux/files/home/02.ERP-system/34.cash-management/920.meta	/data/data/com.termux/files/home/02.ERP-system/34.cash-management/920.meta	exists	directory already exists
/data/data/com.termux/files/home/02.ERP-system/34.cash-management	index	/data/data/com.termux/files/home/02.ERP-system/34.cash-management/920.meta/INDEX.md	/data/data/com.termux/files/home/02.ERP-system/34.cash-management/920.meta/INDEX.md	exists	index already exists
/data/data/com.termux/files/home/02.ERP-system/34.cash-management	overview	/data/data/com.termux/files/home/02.ERP-system/34.cash-management/920.meta/OVERVIEW.md	/data/data/com.termux/files/home/02.ERP-system/34.cash-management/920.meta/OVERVIEW.md	exists	overview already exists
/data/data/com.termux/files/home/02.ERP-system/40.human-resources	dir	/data/data/com.termux/files/home/02.ERP-system/40.human-resources/010.constitution	/data/data/com.termux/files/home/02.ERP-system/40.human-resources/010.constitution	exists	directory already exists
/data/data/com.termux/files/home/02.ERP-system/40.human-resources	dir	/data/data/com.termux/files/home/02.ERP-system/40.human-resources/020.architecture	/data/data/com.termux/files/home/02.ERP-system/40.human-resources/020.architecture	exists	directory already exists
/data/data/com.termux/files/home/02.ERP-system/40.human-resources	dir	/data/data/com.termux/files/home/02.ERP-system/40.human-resources/030.model	/data/data/com.termux/files/home/02.ERP-system/40.human-resources/030.model	exists	directory already exists
/data/data/com.termux/files/home/02.ERP-system/40.human-resources	dir	/data/data/com.termux/files/home/02.ERP-system/40.human-resources/050.flow	/data/data/com.termux/files/home/02.ERP-system/40.human-resources/050.flow	exists	directory already exists
/data/data/com.termux/files/home/02.ERP-system/40.human-resources	dir	/data/data/com.termux/files/home/02.ERP-system/40.human-resources/060.integration	/data/data/com.termux/files/home/02.ERP-system/40.human-resources/060.integration	exists	directory already exists
/data/data/com.termux/files/home/02.ERP-system/40.human-resources	dir	/data/data/com.termux/files/home/02.ERP-system/40.human-resources/070.operations	/data/data/com.termux/files/home/02.ERP-system/40.human-resources/070.operations	exists	directory already exists
/data/data/com.termux/files/home/02.ERP-system/40.human-resources	dir	/data/data/com.termux/files/home/02.ERP-system/40.human-resources/080.policy	/data/data/com.termux/files/home/02.ERP-system/40.human-resources/080.policy	exists	directory already exists
/data/data/com.termux/files/home/02.ERP-system/40.human-resources	dir	/data/data/com.termux/files/home/02.ERP-system/40.human-resources/100.security	/data/data/com.termux/files/home/02.ERP-system/40.human-resources/100.security	exists	directory already exists
/data/data/com.termux/files/home/02.ERP-system/40.human-resources	dir	/data/data/com.termux/files/home/02.ERP-system/40.human-resources/110.infrastructure	/data/data/com.termux/files/home/02.ERP-system/40.human-resources/110.infrastructure	exists	directory already exists
/data/data/com.termux/files/home/02.ERP-system/40.human-resources	dir	/data/data/com.termux/files/home/02.ERP-system/40.human-resources/120.implementation	/data/data/com.termux/files/home/02.ERP-system/40.human-resources/120.implementation	exists	directory already exists
/data/data/com.termux/files/home/02.ERP-system/40.human-resources	dir	/data/data/com.termux/files/home/02.ERP-system/40.human-resources/130.development	/data/data/com.termux/files/home/02.ERP-system/40.human-resources/130.development	exists	directory already exists
/data/data/com.termux/files/home/02.ERP-system/40.human-resources	dir	/data/data/com.termux/files/home/02.ERP-system/40.human-resources/900.meta	/data/data/com.termux/files/home/02.ERP-system/40.human-resources/900.meta	exists	directory already exists
/data/data/com.termux/files/home/02.ERP-system/40.human-resources	dir	/data/data/com.termux/files/home/02.ERP-system/40.human-resources/920.meta	/data/data/com.termux/files/home/02.ERP-system/40.human-resources/920.meta	exists	directory already exists
/data/data/com.termux/files/home/02.ERP-system/40.human-resources	index	/data/data/com.termux/files/home/02.ERP-system/40.human-resources/INDEX.md	/data/data/com.termux/files/home/02.ERP-system/40.human-resources/INDEX.md	exists	index already exists
/data/data/com.termux/files/home/02.ERP-system/40.human-resources	overview	/data/data/com.termux/files/home/02.ERP-system/40.human-resources/OVERVIEW.md	/data/data/com.termux/files/home/02.ERP-system/40.human-resources/OVERVIEW.md	exists	overview already exists
/data/data/com.termux/files/home/02.ERP-system/40.human-resources	dir	/data/data/com.termux/files/home/02.ERP-system/40.human-resources/010.constitution	/data/data/com.termux/files/home/02.ERP-system/40.human-resources/010.constitution	exists	directory already exists
/data/data/com.termux/files/home/02.ERP-system/40.human-resources	index	/data/data/com.termux/files/home/02.ERP-system/40.human-resources/010.constitution/INDEX.md	/data/data/com.termux/files/home/02.ERP-system/40.human-resources/010.constitution/INDEX.md	exists	index already exists
/data/data/com.termux/files/home/02.ERP-system/40.human-resources	overview	/data/data/com.termux/files/home/02.ERP-system/40.human-resources/010.constitution/OVERVIEW.md	/data/data/com.termux/files/home/02.ERP-system/40.human-resources/010.constitution/OVERVIEW.md	exists	overview already exists
/data/data/com.termux/files/home/02.ERP-system/40.human-resources	dir	/data/data/com.termux/files/home/02.ERP-system/40.human-resources/020.architecture	/data/data/com.termux/files/home/02.ERP-system/40.human-resources/020.architecture	exists	directory already exists
/data/data/com.termux/files/home/02.ERP-system/40.human-resources	index	/data/data/com.termux/files/home/02.ERP-system/40.human-resources/020.architecture/INDEX.md	/data/data/com.termux/files/home/02.ERP-system/40.human-resources/020.architecture/INDEX.md	exists	index already exists
/data/data/com.termux/files/home/02.ERP-system/40.human-resources	overview	/data/data/com.termux/files/home/02.ERP-system/40.human-resources/020.architecture/OVERVIEW.md	/data/data/com.termux/files/home/02.ERP-system/40.human-resources/020.architecture/OVERVIEW.md	exists	overview already exists
/data/data/com.termux/files/home/02.ERP-system/40.human-resources	dir	/data/data/com.termux/files/home/02.ERP-system/40.human-resources/030.model	/data/data/com.termux/files/home/02.ERP-system/40.human-resources/030.model	exists	directory already exists
/data/data/com.termux/files/home/02.ERP-system/40.human-resources	index	/data/data/com.termux/files/home/02.ERP-system/40.human-resources/030.model/INDEX.md	/data/data/com.termux/files/home/02.ERP-system/40.human-resources/030.model/INDEX.md	exists	index already exists
/data/data/com.termux/files/home/02.ERP-system/40.human-resources	overview	/data/data/com.termux/files/home/02.ERP-system/40.human-resources/030.model/OVERVIEW.md	/data/data/com.termux/files/home/02.ERP-system/40.human-resources/030.model/OVERVIEW.md	exists	overview already exists
/data/data/com.termux/files/home/02.ERP-system/40.human-resources	dir	/data/data/com.termux/files/home/02.ERP-system/40.human-resources/050.flow	/data/data/com.termux/files/home/02.ERP-system/40.human-resources/050.flow	exists	directory already exists
/data/data/com.termux/files/home/02.ERP-system/40.human-resources	index	/data/data/com.termux/files/home/02.ERP-system/40.human-resources/050.flow/INDEX.md	/data/data/com.termux/files/home/02.ERP-system/40.human-resources/050.flow/INDEX.md	exists	index already exists
/data/data/com.termux/files/home/02.ERP-system/40.human-resources	overview	/data/data/com.termux/files/home/02.ERP-system/40.human-resources/050.flow/OVERVIEW.md	/data/data/com.termux/files/home/02.ERP-system/40.human-resources/050.flow/OVERVIEW.md	exists	overview already exists
/data/data/com.termux/files/home/02.ERP-system/40.human-resources	dir	/data/data/com.termux/files/home/02.ERP-system/40.human-resources/060.integration	/data/data/com.termux/files/home/02.ERP-system/40.human-resources/060.integration	exists	directory already exists
/data/data/com.termux/files/home/02.ERP-system/40.human-resources	index	/data/data/com.termux/files/home/02.ERP-system/40.human-resources/060.integration/INDEX.md	/data/data/com.termux/files/home/02.ERP-system/40.human-resources/060.integration/INDEX.md	exists	index already exists
/data/data/com.termux/files/home/02.ERP-system/40.human-resources	overview	/data/data/com.termux/files/home/02.ERP-system/40.human-resources/060.integration/OVERVIEW.md	/data/data/com.termux/files/home/02.ERP-system/40.human-resources/060.integration/OVERVIEW.md	exists	overview already exists
/data/data/com.termux/files/home/02.ERP-system/40.human-resources	dir	/data/data/com.termux/files/home/02.ERP-system/40.human-resources/070.operations	/data/data/com.termux/files/home/02.ERP-system/40.human-resources/070.operations	exists	directory already exists
/data/data/com.termux/files/home/02.ERP-system/40.human-resources	index	/data/data/com.termux/files/home/02.ERP-system/40.human-resources/070.operations/INDEX.md	/data/data/com.termux/files/home/02.ERP-system/40.human-resources/070.operations/INDEX.md	exists	index already exists
/data/data/com.termux/files/home/02.ERP-system/40.human-resources	overview	/data/data/com.termux/files/home/02.ERP-system/40.human-resources/070.operations/OVERVIEW.md	/data/data/com.termux/files/home/02.ERP-system/40.human-resources/070.operations/OVERVIEW.md	exists	overview already exists
/data/data/com.termux/files/home/02.ERP-system/40.human-resources	dir	/data/data/com.termux/files/home/02.ERP-system/40.human-resources/080.policy	/data/data/com.termux/files/home/02.ERP-system/40.human-resources/080.policy	exists	directory already exists
/data/data/com.termux/files/home/02.ERP-system/40.human-resources	index	/data/data/com.termux/files/home/02.ERP-system/40.human-resources/080.policy/INDEX.md	/data/data/com.termux/files/home/02.ERP-system/40.human-resources/080.policy/INDEX.md	exists	index already exists
/data/data/com.termux/files/home/02.ERP-system/40.human-resources	overview	/data/data/com.termux/files/home/02.ERP-system/40.human-resources/080.policy/OVERVIEW.md	/data/data/com.termux/files/home/02.ERP-system/40.human-resources/080.policy/OVERVIEW.md	exists	overview already exists
/data/data/com.termux/files/home/02.ERP-system/40.human-resources	dir	/data/data/com.termux/files/home/02.ERP-system/40.human-resources/100.security	/data/data/com.termux/files/home/02.ERP-system/40.human-resources/100.security	exists	directory already exists
/data/data/com.termux/files/home/02.ERP-system/40.human-resources	index	/data/data/com.termux/files/home/02.ERP-system/40.human-resources/100.security/INDEX.md	/data/data/com.termux/files/home/02.ERP-system/40.human-resources/100.security/INDEX.md	exists	index already exists
/data/data/com.termux/files/home/02.ERP-system/40.human-resources	overview	/data/data/com.termux/files/home/02.ERP-system/40.human-resources/100.security/OVERVIEW.md	/data/data/com.termux/files/home/02.ERP-system/40.human-resources/100.security/OVERVIEW.md	exists	overview already exists
/data/data/com.termux/files/home/02.ERP-system/40.human-resources	dir	/data/data/com.termux/files/home/02.ERP-system/40.human-resources/110.infrastructure	/data/data/com.termux/files/home/02.ERP-system/40.human-resources/110.infrastructure	exists	directory already exists
/data/data/com.termux/files/home/02.ERP-system/40.human-resources	index	/data/data/com.termux/files/home/02.ERP-system/40.human-resources/110.infrastructure/INDEX.md	/data/data/com.termux/files/home/02.ERP-system/40.human-resources/110.infrastructure/INDEX.md	exists	index already exists
/data/data/com.termux/files/home/02.ERP-system/40.human-resources	overview	/data/data/com.termux/files/home/02.ERP-system/40.human-resources/110.infrastructure/OVERVIEW.md	/data/data/com.termux/files/home/02.ERP-system/40.human-resources/110.infrastructure/OVERVIEW.md	exists	overview already exists
/data/data/com.termux/files/home/02.ERP-system/40.human-resources	dir	/data/data/com.termux/files/home/02.ERP-system/40.human-resources/120.implementation	/data/data/com.termux/files/home/02.ERP-system/40.human-resources/120.implementation	exists	directory already exists
/data/data/com.termux/files/home/02.ERP-system/40.human-resources	index	/data/data/com.termux/files/home/02.ERP-system/40.human-resources/120.implementation/INDEX.md	/data/data/com.termux/files/home/02.ERP-system/40.human-resources/120.implementation/INDEX.md	exists	index already exists
/data/data/com.termux/files/home/02.ERP-system/40.human-resources	overview	/data/data/com.termux/files/home/02.ERP-system/40.human-resources/120.implementation/OVERVIEW.md	/data/data/com.termux/files/home/02.ERP-system/40.human-resources/120.implementation/OVERVIEW.md	exists	overview already exists
/data/data/com.termux/files/home/02.ERP-system/40.human-resources	dir	/data/data/com.termux/files/home/02.ERP-system/40.human-resources/130.development	/data/data/com.termux/files/home/02.ERP-system/40.human-resources/130.development	exists	directory already exists
/data/data/com.termux/files/home/02.ERP-system/40.human-resources	index	/data/data/com.termux/files/home/02.ERP-system/40.human-resources/130.development/INDEX.md	/data/data/com.termux/files/home/02.ERP-system/40.human-resources/130.development/INDEX.md	exists	index already exists
/data/data/com.termux/files/home/02.ERP-system/40.human-resources	overview	/data/data/com.termux/files/home/02.ERP-system/40.human-resources/130.development/OVERVIEW.md	/data/data/com.termux/files/home/02.ERP-system/40.human-resources/130.development/OVERVIEW.md	exists	overview already exists
/data/data/com.termux/files/home/02.ERP-system/40.human-resources	dir	/data/data/com.termux/files/home/02.ERP-system/40.human-resources/900.meta	/data/data/com.termux/files/home/02.ERP-system/40.human-resources/900.meta	exists	directory already exists
/data/data/com.termux/files/home/02.ERP-system/40.human-resources	index	/data/data/com.termux/files/home/02.ERP-system/40.human-resources/900.meta/INDEX.md	/data/data/com.termux/files/home/02.ERP-system/40.human-resources/900.meta/INDEX.md	exists	index already exists
/data/data/com.termux/files/home/02.ERP-system/40.human-resources	overview	/data/data/com.termux/files/home/02.ERP-system/40.human-resources/900.meta/OVERVIEW.md	/data/data/com.termux/files/home/02.ERP-system/40.human-resources/900.meta/OVERVIEW.md	exists	overview already exists
/data/data/com.termux/files/home/02.ERP-system/40.human-resources	dir	/data/data/com.termux/files/home/02.ERP-system/40.human-resources/920.meta	/data/data/com.termux/files/home/02.ERP-system/40.human-resources/920.meta	exists	directory already exists
/data/data/com.termux/files/home/02.ERP-system/40.human-resources	index	/data/data/com.termux/files/home/02.ERP-system/40.human-resources/920.meta/INDEX.md	/data/data/com.termux/files/home/02.ERP-system/40.human-resources/920.meta/INDEX.md	exists	index already exists
/data/data/com.termux/files/home/02.ERP-system/40.human-resources	overview	/data/data/com.termux/files/home/02.ERP-system/40.human-resources/920.meta/OVERVIEW.md	/data/data/com.termux/files/home/02.ERP-system/40.human-resources/920.meta/OVERVIEW.md	exists	overview already exists
/data/data/com.termux/files/home/02.ERP-system/41.labor-management	archive_payload	/data/data/com.termux/files/home/02.ERP-system/41.labor-management/080.policy/874_ERP_SHIFTMANAGER_CLASSIFICATION_CORRECTION_RULE.md	/data/data/com.termux/files/home/02.ERP-system/99.archive/20260422_224743/module-design-reset/41.labor-management/080.policy/874_ERP_SHIFTMANAGER_CLASSIFICATION_CORRECTION_RULE.md	moved	module payload archived during reset
/data/data/com.termux/files/home/02.ERP-system/41.labor-management	archive_payload	/data/data/com.termux/files/home/02.ERP-system/41.labor-management/120.implementation/876_ERP_TO_BUSINESSOS_SHIFTMANAGER_BOUNDARY_NOTE.md	/data/data/com.termux/files/home/02.ERP-system/99.archive/20260422_224743/module-design-reset/41.labor-management/120.implementation/876_ERP_TO_BUSINESSOS_SHIFTMANAGER_BOUNDARY_NOTE.md	moved	module payload archived during reset
/data/data/com.termux/files/home/02.ERP-system/41.labor-management	archive_payload	/data/data/com.termux/files/home/02.ERP-system/41.labor-management/120.implementation/877_ERP_SHIFTMANAGER_BUNDLE_SUPERSEDED_NOTE.md	/data/data/com.termux/files/home/02.ERP-system/99.archive/20260422_224743/module-design-reset/41.labor-management/120.implementation/877_ERP_SHIFTMANAGER_BUNDLE_SUPERSEDED_NOTE.md	moved	module payload archived during reset
/data/data/com.termux/files/home/02.ERP-system/41.labor-management	dir	/data/data/com.termux/files/home/02.ERP-system/41.labor-management/010.constitution	/data/data/com.termux/files/home/02.ERP-system/41.labor-management/010.constitution	exists	directory already exists
/data/data/com.termux/files/home/02.ERP-system/41.labor-management	dir	/data/data/com.termux/files/home/02.ERP-system/41.labor-management/020.architecture	/data/data/com.termux/files/home/02.ERP-system/41.labor-management/020.architecture	exists	directory already exists
/data/data/com.termux/files/home/02.ERP-system/41.labor-management	dir	/data/data/com.termux/files/home/02.ERP-system/41.labor-management/030.model	/data/data/com.termux/files/home/02.ERP-system/41.labor-management/030.model	exists	directory already exists
/data/data/com.termux/files/home/02.ERP-system/41.labor-management	dir	/data/data/com.termux/files/home/02.ERP-system/41.labor-management/050.flow	/data/data/com.termux/files/home/02.ERP-system/41.labor-management/050.flow	exists	directory already exists
/data/data/com.termux/files/home/02.ERP-system/41.labor-management	dir	/data/data/com.termux/files/home/02.ERP-system/41.labor-management/060.integration	/data/data/com.termux/files/home/02.ERP-system/41.labor-management/060.integration	exists	directory already exists
/data/data/com.termux/files/home/02.ERP-system/41.labor-management	dir	/data/data/com.termux/files/home/02.ERP-system/41.labor-management/070.operations	/data/data/com.termux/files/home/02.ERP-system/41.labor-management/070.operations	exists	directory already exists
/data/data/com.termux/files/home/02.ERP-system/41.labor-management	dir	/data/data/com.termux/files/home/02.ERP-system/41.labor-management/080.policy	/data/data/com.termux/files/home/02.ERP-system/41.labor-management/080.policy	exists	directory already exists
/data/data/com.termux/files/home/02.ERP-system/41.labor-management	dir	/data/data/com.termux/files/home/02.ERP-system/41.labor-management/100.security	/data/data/com.termux/files/home/02.ERP-system/41.labor-management/100.security	exists	directory already exists
/data/data/com.termux/files/home/02.ERP-system/41.labor-management	dir	/data/data/com.termux/files/home/02.ERP-system/41.labor-management/110.infrastructure	/data/data/com.termux/files/home/02.ERP-system/41.labor-management/110.infrastructure	exists	directory already exists
/data/data/com.termux/files/home/02.ERP-system/41.labor-management	dir	/data/data/com.termux/files/home/02.ERP-system/41.labor-management/120.implementation	/data/data/com.termux/files/home/02.ERP-system/41.labor-management/120.implementation	exists	directory already exists
/data/data/com.termux/files/home/02.ERP-system/41.labor-management	dir	/data/data/com.termux/files/home/02.ERP-system/41.labor-management/130.development	/data/data/com.termux/files/home/02.ERP-system/41.labor-management/130.development	exists	directory already exists
/data/data/com.termux/files/home/02.ERP-system/41.labor-management	dir	/data/data/com.termux/files/home/02.ERP-system/41.labor-management/900.meta	/data/data/com.termux/files/home/02.ERP-system/41.labor-management/900.meta	exists	directory already exists
/data/data/com.termux/files/home/02.ERP-system/41.labor-management	dir	/data/data/com.termux/files/home/02.ERP-system/41.labor-management/920.meta	/data/data/com.termux/files/home/02.ERP-system/41.labor-management/920.meta	exists	directory already exists
/data/data/com.termux/files/home/02.ERP-system/41.labor-management	index	/data/data/com.termux/files/home/02.ERP-system/41.labor-management/INDEX.md	/data/data/com.termux/files/home/02.ERP-system/41.labor-management/INDEX.md	exists	index already exists
/data/data/com.termux/files/home/02.ERP-system/41.labor-management	overview	/data/data/com.termux/files/home/02.ERP-system/41.labor-management/OVERVIEW.md	/data/data/com.termux/files/home/02.ERP-system/41.labor-management/OVERVIEW.md	exists	overview already exists
/data/data/com.termux/files/home/02.ERP-system/41.labor-management	dir	/data/data/com.termux/files/home/02.ERP-system/41.labor-management/010.constitution	/data/data/com.termux/files/home/02.ERP-system/41.labor-management/010.constitution	exists	directory already exists
/data/data/com.termux/files/home/02.ERP-system/41.labor-management	index	/data/data/com.termux/files/home/02.ERP-system/41.labor-management/010.constitution/INDEX.md	/data/data/com.termux/files/home/02.ERP-system/41.labor-management/010.constitution/INDEX.md	exists	index already exists
/data/data/com.termux/files/home/02.ERP-system/41.labor-management	overview	/data/data/com.termux/files/home/02.ERP-system/41.labor-management/010.constitution/OVERVIEW.md	/data/data/com.termux/files/home/02.ERP-system/41.labor-management/010.constitution/OVERVIEW.md	exists	overview already exists
/data/data/com.termux/files/home/02.ERP-system/41.labor-management	dir	/data/data/com.termux/files/home/02.ERP-system/41.labor-management/020.architecture	/data/data/com.termux/files/home/02.ERP-system/41.labor-management/020.architecture	exists	directory already exists
/data/data/com.termux/files/home/02.ERP-system/41.labor-management	index	/data/data/com.termux/files/home/02.ERP-system/41.labor-management/020.architecture/INDEX.md	/data/data/com.termux/files/home/02.ERP-system/41.labor-management/020.architecture/INDEX.md	exists	index already exists
/data/data/com.termux/files/home/02.ERP-system/41.labor-management	overview	/data/data/com.termux/files/home/02.ERP-system/41.labor-management/020.architecture/OVERVIEW.md	/data/data/com.termux/files/home/02.ERP-system/41.labor-management/020.architecture/OVERVIEW.md	exists	overview already exists
/data/data/com.termux/files/home/02.ERP-system/41.labor-management	dir	/data/data/com.termux/files/home/02.ERP-system/41.labor-management/030.model	/data/data/com.termux/files/home/02.ERP-system/41.labor-management/030.model	exists	directory already exists
/data/data/com.termux/files/home/02.ERP-system/41.labor-management	index	/data/data/com.termux/files/home/02.ERP-system/41.labor-management/030.model/INDEX.md	/data/data/com.termux/files/home/02.ERP-system/41.labor-management/030.model/INDEX.md	exists	index already exists
/data/data/com.termux/files/home/02.ERP-system/41.labor-management	overview	/data/data/com.termux/files/home/02.ERP-system/41.labor-management/030.model/OVERVIEW.md	/data/data/com.termux/files/home/02.ERP-system/41.labor-management/030.model/OVERVIEW.md	exists	overview already exists
/data/data/com.termux/files/home/02.ERP-system/41.labor-management	dir	/data/data/com.termux/files/home/02.ERP-system/41.labor-management/050.flow	/data/data/com.termux/files/home/02.ERP-system/41.labor-management/050.flow	exists	directory already exists
/data/data/com.termux/files/home/02.ERP-system/41.labor-management	index	/data/data/com.termux/files/home/02.ERP-system/41.labor-management/050.flow/INDEX.md	/data/data/com.termux/files/home/02.ERP-system/41.labor-management/050.flow/INDEX.md	exists	index already exists
/data/data/com.termux/files/home/02.ERP-system/41.labor-management	overview	/data/data/com.termux/files/home/02.ERP-system/41.labor-management/050.flow/OVERVIEW.md	/data/data/com.termux/files/home/02.ERP-system/41.labor-management/050.flow/OVERVIEW.md	exists	overview already exists
/data/data/com.termux/files/home/02.ERP-system/41.labor-management	dir	/data/data/com.termux/files/home/02.ERP-system/41.labor-management/060.integration	/data/data/com.termux/files/home/02.ERP-system/41.labor-management/060.integration	exists	directory already exists
/data/data/com.termux/files/home/02.ERP-system/41.labor-management	index	/data/data/com.termux/files/home/02.ERP-system/41.labor-management/060.integration/INDEX.md	/data/data/com.termux/files/home/02.ERP-system/41.labor-management/060.integration/INDEX.md	exists	index already exists
/data/data/com.termux/files/home/02.ERP-system/41.labor-management	overview	/data/data/com.termux/files/home/02.ERP-system/41.labor-management/060.integration/OVERVIEW.md	/data/data/com.termux/files/home/02.ERP-system/41.labor-management/060.integration/OVERVIEW.md	exists	overview already exists
/data/data/com.termux/files/home/02.ERP-system/41.labor-management	dir	/data/data/com.termux/files/home/02.ERP-system/41.labor-management/070.operations	/data/data/com.termux/files/home/02.ERP-system/41.labor-management/070.operations	exists	directory already exists
/data/data/com.termux/files/home/02.ERP-system/41.labor-management	index	/data/data/com.termux/files/home/02.ERP-system/41.labor-management/070.operations/INDEX.md	/data/data/com.termux/files/home/02.ERP-system/41.labor-management/070.operations/INDEX.md	exists	index already exists
/data/data/com.termux/files/home/02.ERP-system/41.labor-management	overview	/data/data/com.termux/files/home/02.ERP-system/41.labor-management/070.operations/OVERVIEW.md	/data/data/com.termux/files/home/02.ERP-system/41.labor-management/070.operations/OVERVIEW.md	exists	overview already exists
/data/data/com.termux/files/home/02.ERP-system/41.labor-management	dir	/data/data/com.termux/files/home/02.ERP-system/41.labor-management/080.policy	/data/data/com.termux/files/home/02.ERP-system/41.labor-management/080.policy	exists	directory already exists
/data/data/com.termux/files/home/02.ERP-system/41.labor-management	index	/data/data/com.termux/files/home/02.ERP-system/41.labor-management/080.policy/INDEX.md	/data/data/com.termux/files/home/02.ERP-system/41.labor-management/080.policy/INDEX.md	exists	index already exists
/data/data/com.termux/files/home/02.ERP-system/41.labor-management	overview	/data/data/com.termux/files/home/02.ERP-system/41.labor-management/080.policy/OVERVIEW.md	/data/data/com.termux/files/home/02.ERP-system/41.labor-management/080.policy/OVERVIEW.md	exists	overview already exists
/data/data/com.termux/files/home/02.ERP-system/41.labor-management	dir	/data/data/com.termux/files/home/02.ERP-system/41.labor-management/100.security	/data/data/com.termux/files/home/02.ERP-system/41.labor-management/100.security	exists	directory already exists
/data/data/com.termux/files/home/02.ERP-system/41.labor-management	index	/data/data/com.termux/files/home/02.ERP-system/41.labor-management/100.security/INDEX.md	/data/data/com.termux/files/home/02.ERP-system/41.labor-management/100.security/INDEX.md	exists	index already exists
/data/data/com.termux/files/home/02.ERP-system/41.labor-management	overview	/data/data/com.termux/files/home/02.ERP-system/41.labor-management/100.security/OVERVIEW.md	/data/data/com.termux/files/home/02.ERP-system/41.labor-management/100.security/OVERVIEW.md	exists	overview already exists
/data/data/com.termux/files/home/02.ERP-system/41.labor-management	dir	/data/data/com.termux/files/home/02.ERP-system/41.labor-management/110.infrastructure	/data/data/com.termux/files/home/02.ERP-system/41.labor-management/110.infrastructure	exists	directory already exists
/data/data/com.termux/files/home/02.ERP-system/41.labor-management	index	/data/data/com.termux/files/home/02.ERP-system/41.labor-management/110.infrastructure/INDEX.md	/data/data/com.termux/files/home/02.ERP-system/41.labor-management/110.infrastructure/INDEX.md	exists	index already exists
/data/data/com.termux/files/home/02.ERP-system/41.labor-management	overview	/data/data/com.termux/files/home/02.ERP-system/41.labor-management/110.infrastructure/OVERVIEW.md	/data/data/com.termux/files/home/02.ERP-system/41.labor-management/110.infrastructure/OVERVIEW.md	exists	overview already exists
/data/data/com.termux/files/home/02.ERP-system/41.labor-management	dir	/data/data/com.termux/files/home/02.ERP-system/41.labor-management/120.implementation	/data/data/com.termux/files/home/02.ERP-system/41.labor-management/120.implementation	exists	directory already exists
/data/data/com.termux/files/home/02.ERP-system/41.labor-management	index	/data/data/com.termux/files/home/02.ERP-system/41.labor-management/120.implementation/INDEX.md	/data/data/com.termux/files/home/02.ERP-system/41.labor-management/120.implementation/INDEX.md	exists	index already exists
/data/data/com.termux/files/home/02.ERP-system/41.labor-management	overview	/data/data/com.termux/files/home/02.ERP-system/41.labor-management/120.implementation/OVERVIEW.md	/data/data/com.termux/files/home/02.ERP-system/41.labor-management/120.implementation/OVERVIEW.md	exists	overview already exists
/data/data/com.termux/files/home/02.ERP-system/41.labor-management	dir	/data/data/com.termux/files/home/02.ERP-system/41.labor-management/130.development	/data/data/com.termux/files/home/02.ERP-system/41.labor-management/130.development	exists	directory already exists
/data/data/com.termux/files/home/02.ERP-system/41.labor-management	index	/data/data/com.termux/files/home/02.ERP-system/41.labor-management/130.development/INDEX.md	/data/data/com.termux/files/home/02.ERP-system/41.labor-management/130.development/INDEX.md	exists	index already exists
/data/data/com.termux/files/home/02.ERP-system/41.labor-management	overview	/data/data/com.termux/files/home/02.ERP-system/41.labor-management/130.development/OVERVIEW.md	/data/data/com.termux/files/home/02.ERP-system/41.labor-management/130.development/OVERVIEW.md	exists	overview already exists
/data/data/com.termux/files/home/02.ERP-system/41.labor-management	dir	/data/data/com.termux/files/home/02.ERP-system/41.labor-management/900.meta	/data/data/com.termux/files/home/02.ERP-system/41.labor-management/900.meta	exists	directory already exists
/data/data/com.termux/files/home/02.ERP-system/41.labor-management	index	/data/data/com.termux/files/home/02.ERP-system/41.labor-management/900.meta/INDEX.md	/data/data/com.termux/files/home/02.ERP-system/41.labor-management/900.meta/INDEX.md	exists	index already exists
/data/data/com.termux/files/home/02.ERP-system/41.labor-management	overview	/data/data/com.termux/files/home/02.ERP-system/41.labor-management/900.meta/OVERVIEW.md	/data/data/com.termux/files/home/02.ERP-system/41.labor-management/900.meta/OVERVIEW.md	exists	overview already exists
/data/data/com.termux/files/home/02.ERP-system/41.labor-management	dir	/data/data/com.termux/files/home/02.ERP-system/41.labor-management/920.meta	/data/data/com.termux/files/home/02.ERP-system/41.labor-management/920.meta	exists	directory already exists
/data/data/com.termux/files/home/02.ERP-system/41.labor-management	index	/data/data/com.termux/files/home/02.ERP-system/41.labor-management/920.meta/INDEX.md	/data/data/com.termux/files/home/02.ERP-system/41.labor-management/920.meta/INDEX.md	exists	index already exists
/data/data/com.termux/files/home/02.ERP-system/41.labor-management	overview	/data/data/com.termux/files/home/02.ERP-system/41.labor-management/920.meta/OVERVIEW.md	/data/data/com.termux/files/home/02.ERP-system/41.labor-management/920.meta/OVERVIEW.md	exists	overview already exists
/data/data/com.termux/files/home/02.ERP-system/41.labor-management/01.attendance	dir	/data/data/com.termux/files/home/02.ERP-system/41.labor-management/01.attendance/010.constitution	/data/data/com.termux/files/home/02.ERP-system/41.labor-management/01.attendance/010.constitution	exists	directory already exists
/data/data/com.termux/files/home/02.ERP-system/41.labor-management/01.attendance	dir	/data/data/com.termux/files/home/02.ERP-system/41.labor-management/01.attendance/020.architecture	/data/data/com.termux/files/home/02.ERP-system/41.labor-management/01.attendance/020.architecture	exists	directory already exists
/data/data/com.termux/files/home/02.ERP-system/41.labor-management/01.attendance	dir	/data/data/com.termux/files/home/02.ERP-system/41.labor-management/01.attendance/030.model	/data/data/com.termux/files/home/02.ERP-system/41.labor-management/01.attendance/030.model	exists	directory already exists
/data/data/com.termux/files/home/02.ERP-system/41.labor-management/01.attendance	dir	/data/data/com.termux/files/home/02.ERP-system/41.labor-management/01.attendance/050.flow	/data/data/com.termux/files/home/02.ERP-system/41.labor-management/01.attendance/050.flow	exists	directory already exists
/data/data/com.termux/files/home/02.ERP-system/41.labor-management/01.attendance	dir	/data/data/com.termux/files/home/02.ERP-system/41.labor-management/01.attendance/060.integration	/data/data/com.termux/files/home/02.ERP-system/41.labor-management/01.attendance/060.integration	exists	directory already exists
/data/data/com.termux/files/home/02.ERP-system/41.labor-management/01.attendance	dir	/data/data/com.termux/files/home/02.ERP-system/41.labor-management/01.attendance/070.operations	/data/data/com.termux/files/home/02.ERP-system/41.labor-management/01.attendance/070.operations	exists	directory already exists
/data/data/com.termux/files/home/02.ERP-system/41.labor-management/01.attendance	dir	/data/data/com.termux/files/home/02.ERP-system/41.labor-management/01.attendance/080.policy	/data/data/com.termux/files/home/02.ERP-system/41.labor-management/01.attendance/080.policy	exists	directory already exists
/data/data/com.termux/files/home/02.ERP-system/41.labor-management/01.attendance	dir	/data/data/com.termux/files/home/02.ERP-system/41.labor-management/01.attendance/100.security	/data/data/com.termux/files/home/02.ERP-system/41.labor-management/01.attendance/100.security	exists	directory already exists
/data/data/com.termux/files/home/02.ERP-system/41.labor-management/01.attendance	dir	/data/data/com.termux/files/home/02.ERP-system/41.labor-management/01.attendance/110.infrastructure	/data/data/com.termux/files/home/02.ERP-system/41.labor-management/01.attendance/110.infrastructure	exists	directory already exists
/data/data/com.termux/files/home/02.ERP-system/41.labor-management/01.attendance	dir	/data/data/com.termux/files/home/02.ERP-system/41.labor-management/01.attendance/120.implementation	/data/data/com.termux/files/home/02.ERP-system/41.labor-management/01.attendance/120.implementation	exists	directory already exists
/data/data/com.termux/files/home/02.ERP-system/41.labor-management/01.attendance	dir	/data/data/com.termux/files/home/02.ERP-system/41.labor-management/01.attendance/130.development	/data/data/com.termux/files/home/02.ERP-system/41.labor-management/01.attendance/130.development	exists	directory already exists
/data/data/com.termux/files/home/02.ERP-system/41.labor-management/01.attendance	dir	/data/data/com.termux/files/home/02.ERP-system/41.labor-management/01.attendance/900.meta	/data/data/com.termux/files/home/02.ERP-system/41.labor-management/01.attendance/900.meta	exists	directory already exists
/data/data/com.termux/files/home/02.ERP-system/41.labor-management/01.attendance	dir	/data/data/com.termux/files/home/02.ERP-system/41.labor-management/01.attendance/920.meta	/data/data/com.termux/files/home/02.ERP-system/41.labor-management/01.attendance/920.meta	exists	directory already exists
/data/data/com.termux/files/home/02.ERP-system/41.labor-management/01.attendance	index	/data/data/com.termux/files/home/02.ERP-system/41.labor-management/01.attendance/INDEX.md	/data/data/com.termux/files/home/02.ERP-system/41.labor-management/01.attendance/INDEX.md	exists	index already exists
/data/data/com.termux/files/home/02.ERP-system/41.labor-management/01.attendance	overview	/data/data/com.termux/files/home/02.ERP-system/41.labor-management/01.attendance/OVERVIEW.md	/data/data/com.termux/files/home/02.ERP-system/41.labor-management/01.attendance/OVERVIEW.md	exists	overview already exists
/data/data/com.termux/files/home/02.ERP-system/41.labor-management/01.attendance	dir	/data/data/com.termux/files/home/02.ERP-system/41.labor-management/01.attendance/010.constitution	/data/data/com.termux/files/home/02.ERP-system/41.labor-management/01.attendance/010.constitution	exists	directory already exists
/data/data/com.termux/files/home/02.ERP-system/41.labor-management/01.attendance	index	/data/data/com.termux/files/home/02.ERP-system/41.labor-management/01.attendance/010.constitution/INDEX.md	/data/data/com.termux/files/home/02.ERP-system/41.labor-management/01.attendance/010.constitution/INDEX.md	exists	index already exists
/data/data/com.termux/files/home/02.ERP-system/41.labor-management/01.attendance	overview	/data/data/com.termux/files/home/02.ERP-system/41.labor-management/01.attendance/010.constitution/OVERVIEW.md	/data/data/com.termux/files/home/02.ERP-system/41.labor-management/01.attendance/010.constitution/OVERVIEW.md	exists	overview already exists
/data/data/com.termux/files/home/02.ERP-system/41.labor-management/01.attendance	dir	/data/data/com.termux/files/home/02.ERP-system/41.labor-management/01.attendance/020.architecture	/data/data/com.termux/files/home/02.ERP-system/41.labor-management/01.attendance/020.architecture	exists	directory already exists
/data/data/com.termux/files/home/02.ERP-system/41.labor-management/01.attendance	index	/data/data/com.termux/files/home/02.ERP-system/41.labor-management/01.attendance/020.architecture/INDEX.md	/data/data/com.termux/files/home/02.ERP-system/41.labor-management/01.attendance/020.architecture/INDEX.md	exists	index already exists
/data/data/com.termux/files/home/02.ERP-system/41.labor-management/01.attendance	overview	/data/data/com.termux/files/home/02.ERP-system/41.labor-management/01.attendance/020.architecture/OVERVIEW.md	/data/data/com.termux/files/home/02.ERP-system/41.labor-management/01.attendance/020.architecture/OVERVIEW.md	exists	overview already exists
/data/data/com.termux/files/home/02.ERP-system/41.labor-management/01.attendance	dir	/data/data/com.termux/files/home/02.ERP-system/41.labor-management/01.attendance/030.model	/data/data/com.termux/files/home/02.ERP-system/41.labor-management/01.attendance/030.model	exists	directory already exists
/data/data/com.termux/files/home/02.ERP-system/41.labor-management/01.attendance	index	/data/data/com.termux/files/home/02.ERP-system/41.labor-management/01.attendance/030.model/INDEX.md	/data/data/com.termux/files/home/02.ERP-system/41.labor-management/01.attendance/030.model/INDEX.md	exists	index already exists
/data/data/com.termux/files/home/02.ERP-system/41.labor-management/01.attendance	overview	/data/data/com.termux/files/home/02.ERP-system/41.labor-management/01.attendance/030.model/OVERVIEW.md	/data/data/com.termux/files/home/02.ERP-system/41.labor-management/01.attendance/030.model/OVERVIEW.md	exists	overview already exists
/data/data/com.termux/files/home/02.ERP-system/41.labor-management/01.attendance	dir	/data/data/com.termux/files/home/02.ERP-system/41.labor-management/01.attendance/050.flow	/data/data/com.termux/files/home/02.ERP-system/41.labor-management/01.attendance/050.flow	exists	directory already exists
/data/data/com.termux/files/home/02.ERP-system/41.labor-management/01.attendance	index	/data/data/com.termux/files/home/02.ERP-system/41.labor-management/01.attendance/050.flow/INDEX.md	/data/data/com.termux/files/home/02.ERP-system/41.labor-management/01.attendance/050.flow/INDEX.md	exists	index already exists
/data/data/com.termux/files/home/02.ERP-system/41.labor-management/01.attendance	overview	/data/data/com.termux/files/home/02.ERP-system/41.labor-management/01.attendance/050.flow/OVERVIEW.md	/data/data/com.termux/files/home/02.ERP-system/41.labor-management/01.attendance/050.flow/OVERVIEW.md	exists	overview already exists
/data/data/com.termux/files/home/02.ERP-system/41.labor-management/01.attendance	dir	/data/data/com.termux/files/home/02.ERP-system/41.labor-management/01.attendance/060.integration	/data/data/com.termux/files/home/02.ERP-system/41.labor-management/01.attendance/060.integration	exists	directory already exists
/data/data/com.termux/files/home/02.ERP-system/41.labor-management/01.attendance	index	/data/data/com.termux/files/home/02.ERP-system/41.labor-management/01.attendance/060.integration/INDEX.md	/data/data/com.termux/files/home/02.ERP-system/41.labor-management/01.attendance/060.integration/INDEX.md	exists	index already exists
/data/data/com.termux/files/home/02.ERP-system/41.labor-management/01.attendance	overview	/data/data/com.termux/files/home/02.ERP-system/41.labor-management/01.attendance/060.integration/OVERVIEW.md	/data/data/com.termux/files/home/02.ERP-system/41.labor-management/01.attendance/060.integration/OVERVIEW.md	exists	overview already exists
/data/data/com.termux/files/home/02.ERP-system/41.labor-management/01.attendance	dir	/data/data/com.termux/files/home/02.ERP-system/41.labor-management/01.attendance/070.operations	/data/data/com.termux/files/home/02.ERP-system/41.labor-management/01.attendance/070.operations	exists	directory already exists
/data/data/com.termux/files/home/02.ERP-system/41.labor-management/01.attendance	index	/data/data/com.termux/files/home/02.ERP-system/41.labor-management/01.attendance/070.operations/INDEX.md	/data/data/com.termux/files/home/02.ERP-system/41.labor-management/01.attendance/070.operations/INDEX.md	exists	index already exists
/data/data/com.termux/files/home/02.ERP-system/41.labor-management/01.attendance	overview	/data/data/com.termux/files/home/02.ERP-system/41.labor-management/01.attendance/070.operations/OVERVIEW.md	/data/data/com.termux/files/home/02.ERP-system/41.labor-management/01.attendance/070.operations/OVERVIEW.md	exists	overview already exists
/data/data/com.termux/files/home/02.ERP-system/41.labor-management/01.attendance	dir	/data/data/com.termux/files/home/02.ERP-system/41.labor-management/01.attendance/080.policy	/data/data/com.termux/files/home/02.ERP-system/41.labor-management/01.attendance/080.policy	exists	directory already exists
/data/data/com.termux/files/home/02.ERP-system/41.labor-management/01.attendance	index	/data/data/com.termux/files/home/02.ERP-system/41.labor-management/01.attendance/080.policy/INDEX.md	/data/data/com.termux/files/home/02.ERP-system/41.labor-management/01.attendance/080.policy/INDEX.md	exists	index already exists
/data/data/com.termux/files/home/02.ERP-system/41.labor-management/01.attendance	overview	/data/data/com.termux/files/home/02.ERP-system/41.labor-management/01.attendance/080.policy/OVERVIEW.md	/data/data/com.termux/files/home/02.ERP-system/41.labor-management/01.attendance/080.policy/OVERVIEW.md	exists	overview already exists
/data/data/com.termux/files/home/02.ERP-system/41.labor-management/01.attendance	dir	/data/data/com.termux/files/home/02.ERP-system/41.labor-management/01.attendance/100.security	/data/data/com.termux/files/home/02.ERP-system/41.labor-management/01.attendance/100.security	exists	directory already exists
/data/data/com.termux/files/home/02.ERP-system/41.labor-management/01.attendance	index	/data/data/com.termux/files/home/02.ERP-system/41.labor-management/01.attendance/100.security/INDEX.md	/data/data/com.termux/files/home/02.ERP-system/41.labor-management/01.attendance/100.security/INDEX.md	exists	index already exists
/data/data/com.termux/files/home/02.ERP-system/41.labor-management/01.attendance	overview	/data/data/com.termux/files/home/02.ERP-system/41.labor-management/01.attendance/100.security/OVERVIEW.md	/data/data/com.termux/files/home/02.ERP-system/41.labor-management/01.attendance/100.security/OVERVIEW.md	exists	overview already exists
/data/data/com.termux/files/home/02.ERP-system/41.labor-management/01.attendance	dir	/data/data/com.termux/files/home/02.ERP-system/41.labor-management/01.attendance/110.infrastructure	/data/data/com.termux/files/home/02.ERP-system/41.labor-management/01.attendance/110.infrastructure	exists	directory already exists
/data/data/com.termux/files/home/02.ERP-system/41.labor-management/01.attendance	index	/data/data/com.termux/files/home/02.ERP-system/41.labor-management/01.attendance/110.infrastructure/INDEX.md	/data/data/com.termux/files/home/02.ERP-system/41.labor-management/01.attendance/110.infrastructure/INDEX.md	exists	index already exists
/data/data/com.termux/files/home/02.ERP-system/41.labor-management/01.attendance	overview	/data/data/com.termux/files/home/02.ERP-system/41.labor-management/01.attendance/110.infrastructure/OVERVIEW.md	/data/data/com.termux/files/home/02.ERP-system/41.labor-management/01.attendance/110.infrastructure/OVERVIEW.md	exists	overview already exists
/data/data/com.termux/files/home/02.ERP-system/41.labor-management/01.attendance	dir	/data/data/com.termux/files/home/02.ERP-system/41.labor-management/01.attendance/120.implementation	/data/data/com.termux/files/home/02.ERP-system/41.labor-management/01.attendance/120.implementation	exists	directory already exists
/data/data/com.termux/files/home/02.ERP-system/41.labor-management/01.attendance	index	/data/data/com.termux/files/home/02.ERP-system/41.labor-management/01.attendance/120.implementation/INDEX.md	/data/data/com.termux/files/home/02.ERP-system/41.labor-management/01.attendance/120.implementation/INDEX.md	exists	index already exists
/data/data/com.termux/files/home/02.ERP-system/41.labor-management/01.attendance	overview	/data/data/com.termux/files/home/02.ERP-system/41.labor-management/01.attendance/120.implementation/OVERVIEW.md	/data/data/com.termux/files/home/02.ERP-system/41.labor-management/01.attendance/120.implementation/OVERVIEW.md	exists	overview already exists
/data/data/com.termux/files/home/02.ERP-system/41.labor-management/01.attendance	dir	/data/data/com.termux/files/home/02.ERP-system/41.labor-management/01.attendance/130.development	/data/data/com.termux/files/home/02.ERP-system/41.labor-management/01.attendance/130.development	exists	directory already exists
/data/data/com.termux/files/home/02.ERP-system/41.labor-management/01.attendance	index	/data/data/com.termux/files/home/02.ERP-system/41.labor-management/01.attendance/130.development/INDEX.md	/data/data/com.termux/files/home/02.ERP-system/41.labor-management/01.attendance/130.development/INDEX.md	exists	index already exists
/data/data/com.termux/files/home/02.ERP-system/41.labor-management/01.attendance	overview	/data/data/com.termux/files/home/02.ERP-system/41.labor-management/01.attendance/130.development/OVERVIEW.md	/data/data/com.termux/files/home/02.ERP-system/41.labor-management/01.attendance/130.development/OVERVIEW.md	exists	overview already exists
/data/data/com.termux/files/home/02.ERP-system/41.labor-management/01.attendance	dir	/data/data/com.termux/files/home/02.ERP-system/41.labor-management/01.attendance/900.meta	/data/data/com.termux/files/home/02.ERP-system/41.labor-management/01.attendance/900.meta	exists	directory already exists
/data/data/com.termux/files/home/02.ERP-system/41.labor-management/01.attendance	index	/data/data/com.termux/files/home/02.ERP-system/41.labor-management/01.attendance/900.meta/INDEX.md	/data/data/com.termux/files/home/02.ERP-system/41.labor-management/01.attendance/900.meta/INDEX.md	exists	index already exists
/data/data/com.termux/files/home/02.ERP-system/41.labor-management/01.attendance	overview	/data/data/com.termux/files/home/02.ERP-system/41.labor-management/01.attendance/900.meta/OVERVIEW.md	/data/data/com.termux/files/home/02.ERP-system/41.labor-management/01.attendance/900.meta/OVERVIEW.md	exists	overview already exists
/data/data/com.termux/files/home/02.ERP-system/41.labor-management/01.attendance	dir	/data/data/com.termux/files/home/02.ERP-system/41.labor-management/01.attendance/920.meta	/data/data/com.termux/files/home/02.ERP-system/41.labor-management/01.attendance/920.meta	exists	directory already exists
/data/data/com.termux/files/home/02.ERP-system/41.labor-management/01.attendance	index	/data/data/com.termux/files/home/02.ERP-system/41.labor-management/01.attendance/920.meta/INDEX.md	/data/data/com.termux/files/home/02.ERP-system/41.labor-management/01.attendance/920.meta/INDEX.md	exists	index already exists
/data/data/com.termux/files/home/02.ERP-system/41.labor-management/01.attendance	overview	/data/data/com.termux/files/home/02.ERP-system/41.labor-management/01.attendance/920.meta/OVERVIEW.md	/data/data/com.termux/files/home/02.ERP-system/41.labor-management/01.attendance/920.meta/OVERVIEW.md	exists	overview already exists
/data/data/com.termux/files/home/02.ERP-system/41.labor-management/02.shift	dir	/data/data/com.termux/files/home/02.ERP-system/41.labor-management/02.shift/010.constitution	/data/data/com.termux/files/home/02.ERP-system/41.labor-management/02.shift/010.constitution	exists	directory already exists
/data/data/com.termux/files/home/02.ERP-system/41.labor-management/02.shift	dir	/data/data/com.termux/files/home/02.ERP-system/41.labor-management/02.shift/020.architecture	/data/data/com.termux/files/home/02.ERP-system/41.labor-management/02.shift/020.architecture	exists	directory already exists
/data/data/com.termux/files/home/02.ERP-system/41.labor-management/02.shift	dir	/data/data/com.termux/files/home/02.ERP-system/41.labor-management/02.shift/030.model	/data/data/com.termux/files/home/02.ERP-system/41.labor-management/02.shift/030.model	exists	directory already exists
/data/data/com.termux/files/home/02.ERP-system/41.labor-management/02.shift	dir	/data/data/com.termux/files/home/02.ERP-system/41.labor-management/02.shift/050.flow	/data/data/com.termux/files/home/02.ERP-system/41.labor-management/02.shift/050.flow	exists	directory already exists
/data/data/com.termux/files/home/02.ERP-system/41.labor-management/02.shift	dir	/data/data/com.termux/files/home/02.ERP-system/41.labor-management/02.shift/060.integration	/data/data/com.termux/files/home/02.ERP-system/41.labor-management/02.shift/060.integration	exists	directory already exists
/data/data/com.termux/files/home/02.ERP-system/41.labor-management/02.shift	dir	/data/data/com.termux/files/home/02.ERP-system/41.labor-management/02.shift/070.operations	/data/data/com.termux/files/home/02.ERP-system/41.labor-management/02.shift/070.operations	exists	directory already exists
/data/data/com.termux/files/home/02.ERP-system/41.labor-management/02.shift	dir	/data/data/com.termux/files/home/02.ERP-system/41.labor-management/02.shift/080.policy	/data/data/com.termux/files/home/02.ERP-system/41.labor-management/02.shift/080.policy	exists	directory already exists
/data/data/com.termux/files/home/02.ERP-system/41.labor-management/02.shift	dir	/data/data/com.termux/files/home/02.ERP-system/41.labor-management/02.shift/100.security	/data/data/com.termux/files/home/02.ERP-system/41.labor-management/02.shift/100.security	exists	directory already exists
/data/data/com.termux/files/home/02.ERP-system/41.labor-management/02.shift	dir	/data/data/com.termux/files/home/02.ERP-system/41.labor-management/02.shift/110.infrastructure	/data/data/com.termux/files/home/02.ERP-system/41.labor-management/02.shift/110.infrastructure	exists	directory already exists
/data/data/com.termux/files/home/02.ERP-system/41.labor-management/02.shift	dir	/data/data/com.termux/files/home/02.ERP-system/41.labor-management/02.shift/120.implementation	/data/data/com.termux/files/home/02.ERP-system/41.labor-management/02.shift/120.implementation	exists	directory already exists
/data/data/com.termux/files/home/02.ERP-system/41.labor-management/02.shift	dir	/data/data/com.termux/files/home/02.ERP-system/41.labor-management/02.shift/130.development	/data/data/com.termux/files/home/02.ERP-system/41.labor-management/02.shift/130.development	exists	directory already exists
/data/data/com.termux/files/home/02.ERP-system/41.labor-management/02.shift	dir	/data/data/com.termux/files/home/02.ERP-system/41.labor-management/02.shift/900.meta	/data/data/com.termux/files/home/02.ERP-system/41.labor-management/02.shift/900.meta	exists	directory already exists
/data/data/com.termux/files/home/02.ERP-system/41.labor-management/02.shift	dir	/data/data/com.termux/files/home/02.ERP-system/41.labor-management/02.shift/920.meta	/data/data/com.termux/files/home/02.ERP-system/41.labor-management/02.shift/920.meta	exists	directory already exists
/data/data/com.termux/files/home/02.ERP-system/41.labor-management/02.shift	index	/data/data/com.termux/files/home/02.ERP-system/41.labor-management/02.shift/INDEX.md	/data/data/com.termux/files/home/02.ERP-system/41.labor-management/02.shift/INDEX.md	exists	index already exists
/data/data/com.termux/files/home/02.ERP-system/41.labor-management/02.shift	overview	/data/data/com.termux/files/home/02.ERP-system/41.labor-management/02.shift/OVERVIEW.md	/data/data/com.termux/files/home/02.ERP-system/41.labor-management/02.shift/OVERVIEW.md	exists	overview already exists
/data/data/com.termux/files/home/02.ERP-system/41.labor-management/02.shift	dir	/data/data/com.termux/files/home/02.ERP-system/41.labor-management/02.shift/010.constitution	/data/data/com.termux/files/home/02.ERP-system/41.labor-management/02.shift/010.constitution	exists	directory already exists
/data/data/com.termux/files/home/02.ERP-system/41.labor-management/02.shift	index	/data/data/com.termux/files/home/02.ERP-system/41.labor-management/02.shift/010.constitution/INDEX.md	/data/data/com.termux/files/home/02.ERP-system/41.labor-management/02.shift/010.constitution/INDEX.md	exists	index already exists
/data/data/com.termux/files/home/02.ERP-system/41.labor-management/02.shift	overview	/data/data/com.termux/files/home/02.ERP-system/41.labor-management/02.shift/010.constitution/OVERVIEW.md	/data/data/com.termux/files/home/02.ERP-system/41.labor-management/02.shift/010.constitution/OVERVIEW.md	exists	overview already exists
/data/data/com.termux/files/home/02.ERP-system/41.labor-management/02.shift	dir	/data/data/com.termux/files/home/02.ERP-system/41.labor-management/02.shift/020.architecture	/data/data/com.termux/files/home/02.ERP-system/41.labor-management/02.shift/020.architecture	exists	directory already exists
/data/data/com.termux/files/home/02.ERP-system/41.labor-management/02.shift	index	/data/data/com.termux/files/home/02.ERP-system/41.labor-management/02.shift/020.architecture/INDEX.md	/data/data/com.termux/files/home/02.ERP-system/41.labor-management/02.shift/020.architecture/INDEX.md	exists	index already exists
/data/data/com.termux/files/home/02.ERP-system/41.labor-management/02.shift	overview	/data/data/com.termux/files/home/02.ERP-system/41.labor-management/02.shift/020.architecture/OVERVIEW.md	/data/data/com.termux/files/home/02.ERP-system/41.labor-management/02.shift/020.architecture/OVERVIEW.md	exists	overview already exists
/data/data/com.termux/files/home/02.ERP-system/41.labor-management/02.shift	dir	/data/data/com.termux/files/home/02.ERP-system/41.labor-management/02.shift/030.model	/data/data/com.termux/files/home/02.ERP-system/41.labor-management/02.shift/030.model	exists	directory already exists
/data/data/com.termux/files/home/02.ERP-system/41.labor-management/02.shift	index	/data/data/com.termux/files/home/02.ERP-system/41.labor-management/02.shift/030.model/INDEX.md	/data/data/com.termux/files/home/02.ERP-system/41.labor-management/02.shift/030.model/INDEX.md	exists	index already exists
/data/data/com.termux/files/home/02.ERP-system/41.labor-management/02.shift	overview	/data/data/com.termux/files/home/02.ERP-system/41.labor-management/02.shift/030.model/OVERVIEW.md	/data/data/com.termux/files/home/02.ERP-system/41.labor-management/02.shift/030.model/OVERVIEW.md	exists	overview already exists
/data/data/com.termux/files/home/02.ERP-system/41.labor-management/02.shift	dir	/data/data/com.termux/files/home/02.ERP-system/41.labor-management/02.shift/050.flow	/data/data/com.termux/files/home/02.ERP-system/41.labor-management/02.shift/050.flow	exists	directory already exists
/data/data/com.termux/files/home/02.ERP-system/41.labor-management/02.shift	index	/data/data/com.termux/files/home/02.ERP-system/41.labor-management/02.shift/050.flow/INDEX.md	/data/data/com.termux/files/home/02.ERP-system/41.labor-management/02.shift/050.flow/INDEX.md	exists	index already exists
/data/data/com.termux/files/home/02.ERP-system/41.labor-management/02.shift	overview	/data/data/com.termux/files/home/02.ERP-system/41.labor-management/02.shift/050.flow/OVERVIEW.md	/data/data/com.termux/files/home/02.ERP-system/41.labor-management/02.shift/050.flow/OVERVIEW.md	exists	overview already exists
/data/data/com.termux/files/home/02.ERP-system/41.labor-management/02.shift	dir	/data/data/com.termux/files/home/02.ERP-system/41.labor-management/02.shift/060.integration	/data/data/com.termux/files/home/02.ERP-system/41.labor-management/02.shift/060.integration	exists	directory already exists
/data/data/com.termux/files/home/02.ERP-system/41.labor-management/02.shift	index	/data/data/com.termux/files/home/02.ERP-system/41.labor-management/02.shift/060.integration/INDEX.md	/data/data/com.termux/files/home/02.ERP-system/41.labor-management/02.shift/060.integration/INDEX.md	exists	index already exists
/data/data/com.termux/files/home/02.ERP-system/41.labor-management/02.shift	overview	/data/data/com.termux/files/home/02.ERP-system/41.labor-management/02.shift/060.integration/OVERVIEW.md	/data/data/com.termux/files/home/02.ERP-system/41.labor-management/02.shift/060.integration/OVERVIEW.md	exists	overview already exists
/data/data/com.termux/files/home/02.ERP-system/41.labor-management/02.shift	dir	/data/data/com.termux/files/home/02.ERP-system/41.labor-management/02.shift/070.operations	/data/data/com.termux/files/home/02.ERP-system/41.labor-management/02.shift/070.operations	exists	directory already exists
/data/data/com.termux/files/home/02.ERP-system/41.labor-management/02.shift	index	/data/data/com.termux/files/home/02.ERP-system/41.labor-management/02.shift/070.operations/INDEX.md	/data/data/com.termux/files/home/02.ERP-system/41.labor-management/02.shift/070.operations/INDEX.md	exists	index already exists
/data/data/com.termux/files/home/02.ERP-system/41.labor-management/02.shift	overview	/data/data/com.termux/files/home/02.ERP-system/41.labor-management/02.shift/070.operations/OVERVIEW.md	/data/data/com.termux/files/home/02.ERP-system/41.labor-management/02.shift/070.operations/OVERVIEW.md	exists	overview already exists
/data/data/com.termux/files/home/02.ERP-system/41.labor-management/02.shift	dir	/data/data/com.termux/files/home/02.ERP-system/41.labor-management/02.shift/080.policy	/data/data/com.termux/files/home/02.ERP-system/41.labor-management/02.shift/080.policy	exists	directory already exists
/data/data/com.termux/files/home/02.ERP-system/41.labor-management/02.shift	index	/data/data/com.termux/files/home/02.ERP-system/41.labor-management/02.shift/080.policy/INDEX.md	/data/data/com.termux/files/home/02.ERP-system/41.labor-management/02.shift/080.policy/INDEX.md	exists	index already exists
/data/data/com.termux/files/home/02.ERP-system/41.labor-management/02.shift	overview	/data/data/com.termux/files/home/02.ERP-system/41.labor-management/02.shift/080.policy/OVERVIEW.md	/data/data/com.termux/files/home/02.ERP-system/41.labor-management/02.shift/080.policy/OVERVIEW.md	exists	overview already exists
/data/data/com.termux/files/home/02.ERP-system/41.labor-management/02.shift	dir	/data/data/com.termux/files/home/02.ERP-system/41.labor-management/02.shift/100.security	/data/data/com.termux/files/home/02.ERP-system/41.labor-management/02.shift/100.security	exists	directory already exists
/data/data/com.termux/files/home/02.ERP-system/41.labor-management/02.shift	index	/data/data/com.termux/files/home/02.ERP-system/41.labor-management/02.shift/100.security/INDEX.md	/data/data/com.termux/files/home/02.ERP-system/41.labor-management/02.shift/100.security/INDEX.md	exists	index already exists
/data/data/com.termux/files/home/02.ERP-system/41.labor-management/02.shift	overview	/data/data/com.termux/files/home/02.ERP-system/41.labor-management/02.shift/100.security/OVERVIEW.md	/data/data/com.termux/files/home/02.ERP-system/41.labor-management/02.shift/100.security/OVERVIEW.md	exists	overview already exists
/data/data/com.termux/files/home/02.ERP-system/41.labor-management/02.shift	dir	/data/data/com.termux/files/home/02.ERP-system/41.labor-management/02.shift/110.infrastructure	/data/data/com.termux/files/home/02.ERP-system/41.labor-management/02.shift/110.infrastructure	exists	directory already exists
/data/data/com.termux/files/home/02.ERP-system/41.labor-management/02.shift	index	/data/data/com.termux/files/home/02.ERP-system/41.labor-management/02.shift/110.infrastructure/INDEX.md	/data/data/com.termux/files/home/02.ERP-system/41.labor-management/02.shift/110.infrastructure/INDEX.md	exists	index already exists
/data/data/com.termux/files/home/02.ERP-system/41.labor-management/02.shift	overview	/data/data/com.termux/files/home/02.ERP-system/41.labor-management/02.shift/110.infrastructure/OVERVIEW.md	/data/data/com.termux/files/home/02.ERP-system/41.labor-management/02.shift/110.infrastructure/OVERVIEW.md	exists	overview already exists
/data/data/com.termux/files/home/02.ERP-system/41.labor-management/02.shift	dir	/data/data/com.termux/files/home/02.ERP-system/41.labor-management/02.shift/120.implementation	/data/data/com.termux/files/home/02.ERP-system/41.labor-management/02.shift/120.implementation	exists	directory already exists
/data/data/com.termux/files/home/02.ERP-system/41.labor-management/02.shift	index	/data/data/com.termux/files/home/02.ERP-system/41.labor-management/02.shift/120.implementation/INDEX.md	/data/data/com.termux/files/home/02.ERP-system/41.labor-management/02.shift/120.implementation/INDEX.md	exists	index already exists
/data/data/com.termux/files/home/02.ERP-system/41.labor-management/02.shift	overview	/data/data/com.termux/files/home/02.ERP-system/41.labor-management/02.shift/120.implementation/OVERVIEW.md	/data/data/com.termux/files/home/02.ERP-system/41.labor-management/02.shift/120.implementation/OVERVIEW.md	exists	overview already exists
/data/data/com.termux/files/home/02.ERP-system/41.labor-management/02.shift	dir	/data/data/com.termux/files/home/02.ERP-system/41.labor-management/02.shift/130.development	/data/data/com.termux/files/home/02.ERP-system/41.labor-management/02.shift/130.development	exists	directory already exists
/data/data/com.termux/files/home/02.ERP-system/41.labor-management/02.shift	index	/data/data/com.termux/files/home/02.ERP-system/41.labor-management/02.shift/130.development/INDEX.md	/data/data/com.termux/files/home/02.ERP-system/41.labor-management/02.shift/130.development/INDEX.md	exists	index already exists
/data/data/com.termux/files/home/02.ERP-system/41.labor-management/02.shift	overview	/data/data/com.termux/files/home/02.ERP-system/41.labor-management/02.shift/130.development/OVERVIEW.md	/data/data/com.termux/files/home/02.ERP-system/41.labor-management/02.shift/130.development/OVERVIEW.md	exists	overview already exists
/data/data/com.termux/files/home/02.ERP-system/41.labor-management/02.shift	dir	/data/data/com.termux/files/home/02.ERP-system/41.labor-management/02.shift/900.meta	/data/data/com.termux/files/home/02.ERP-system/41.labor-management/02.shift/900.meta	exists	directory already exists
/data/data/com.termux/files/home/02.ERP-system/41.labor-management/02.shift	index	/data/data/com.termux/files/home/02.ERP-system/41.labor-management/02.shift/900.meta/INDEX.md	/data/data/com.termux/files/home/02.ERP-system/41.labor-management/02.shift/900.meta/INDEX.md	exists	index already exists
/data/data/com.termux/files/home/02.ERP-system/41.labor-management/02.shift	overview	/data/data/com.termux/files/home/02.ERP-system/41.labor-management/02.shift/900.meta/OVERVIEW.md	/data/data/com.termux/files/home/02.ERP-system/41.labor-management/02.shift/900.meta/OVERVIEW.md	exists	overview already exists
/data/data/com.termux/files/home/02.ERP-system/41.labor-management/02.shift	dir	/data/data/com.termux/files/home/02.ERP-system/41.labor-management/02.shift/920.meta	/data/data/com.termux/files/home/02.ERP-system/41.labor-management/02.shift/920.meta	exists	directory already exists
/data/data/com.termux/files/home/02.ERP-system/41.labor-management/02.shift	index	/data/data/com.termux/files/home/02.ERP-system/41.labor-management/02.shift/920.meta/INDEX.md	/data/data/com.termux/files/home/02.ERP-system/41.labor-management/02.shift/920.meta/INDEX.md	exists	index already exists
/data/data/com.termux/files/home/02.ERP-system/41.labor-management/02.shift	overview	/data/data/com.termux/files/home/02.ERP-system/41.labor-management/02.shift/920.meta/OVERVIEW.md	/data/data/com.termux/files/home/02.ERP-system/41.labor-management/02.shift/920.meta/OVERVIEW.md	exists	overview already exists
/data/data/com.termux/files/home/02.ERP-system/41.labor-management/03.leave	dir	/data/data/com.termux/files/home/02.ERP-system/41.labor-management/03.leave/010.constitution	/data/data/com.termux/files/home/02.ERP-system/41.labor-management/03.leave/010.constitution	exists	directory already exists
/data/data/com.termux/files/home/02.ERP-system/41.labor-management/03.leave	dir	/data/data/com.termux/files/home/02.ERP-system/41.labor-management/03.leave/020.architecture	/data/data/com.termux/files/home/02.ERP-system/41.labor-management/03.leave/020.architecture	exists	directory already exists
/data/data/com.termux/files/home/02.ERP-system/41.labor-management/03.leave	dir	/data/data/com.termux/files/home/02.ERP-system/41.labor-management/03.leave/030.model	/data/data/com.termux/files/home/02.ERP-system/41.labor-management/03.leave/030.model	exists	directory already exists
/data/data/com.termux/files/home/02.ERP-system/41.labor-management/03.leave	dir	/data/data/com.termux/files/home/02.ERP-system/41.labor-management/03.leave/050.flow	/data/data/com.termux/files/home/02.ERP-system/41.labor-management/03.leave/050.flow	exists	directory already exists
/data/data/com.termux/files/home/02.ERP-system/41.labor-management/03.leave	dir	/data/data/com.termux/files/home/02.ERP-system/41.labor-management/03.leave/060.integration	/data/data/com.termux/files/home/02.ERP-system/41.labor-management/03.leave/060.integration	exists	directory already exists
/data/data/com.termux/files/home/02.ERP-system/41.labor-management/03.leave	dir	/data/data/com.termux/files/home/02.ERP-system/41.labor-management/03.leave/070.operations	/data/data/com.termux/files/home/02.ERP-system/41.labor-management/03.leave/070.operations	exists	directory already exists
/data/data/com.termux/files/home/02.ERP-system/41.labor-management/03.leave	dir	/data/data/com.termux/files/home/02.ERP-system/41.labor-management/03.leave/080.policy	/data/data/com.termux/files/home/02.ERP-system/41.labor-management/03.leave/080.policy	exists	directory already exists
/data/data/com.termux/files/home/02.ERP-system/41.labor-management/03.leave	dir	/data/data/com.termux/files/home/02.ERP-system/41.labor-management/03.leave/100.security	/data/data/com.termux/files/home/02.ERP-system/41.labor-management/03.leave/100.security	exists	directory already exists
/data/data/com.termux/files/home/02.ERP-system/41.labor-management/03.leave	dir	/data/data/com.termux/files/home/02.ERP-system/41.labor-management/03.leave/110.infrastructure	/data/data/com.termux/files/home/02.ERP-system/41.labor-management/03.leave/110.infrastructure	exists	directory already exists
/data/data/com.termux/files/home/02.ERP-system/41.labor-management/03.leave	dir	/data/data/com.termux/files/home/02.ERP-system/41.labor-management/03.leave/120.implementation	/data/data/com.termux/files/home/02.ERP-system/41.labor-management/03.leave/120.implementation	exists	directory already exists
/data/data/com.termux/files/home/02.ERP-system/41.labor-management/03.leave	dir	/data/data/com.termux/files/home/02.ERP-system/41.labor-management/03.leave/130.development	/data/data/com.termux/files/home/02.ERP-system/41.labor-management/03.leave/130.development	exists	directory already exists
/data/data/com.termux/files/home/02.ERP-system/41.labor-management/03.leave	dir	/data/data/com.termux/files/home/02.ERP-system/41.labor-management/03.leave/900.meta	/data/data/com.termux/files/home/02.ERP-system/41.labor-management/03.leave/900.meta	exists	directory already exists
/data/data/com.termux/files/home/02.ERP-system/41.labor-management/03.leave	dir	/data/data/com.termux/files/home/02.ERP-system/41.labor-management/03.leave/920.meta	/data/data/com.termux/files/home/02.ERP-system/41.labor-management/03.leave/920.meta	exists	directory already exists
/data/data/com.termux/files/home/02.ERP-system/41.labor-management/03.leave	index	/data/data/com.termux/files/home/02.ERP-system/41.labor-management/03.leave/INDEX.md	/data/data/com.termux/files/home/02.ERP-system/41.labor-management/03.leave/INDEX.md	exists	index already exists
/data/data/com.termux/files/home/02.ERP-system/41.labor-management/03.leave	overview	/data/data/com.termux/files/home/02.ERP-system/41.labor-management/03.leave/OVERVIEW.md	/data/data/com.termux/files/home/02.ERP-system/41.labor-management/03.leave/OVERVIEW.md	exists	overview already exists
/data/data/com.termux/files/home/02.ERP-system/41.labor-management/03.leave	dir	/data/data/com.termux/files/home/02.ERP-system/41.labor-management/03.leave/010.constitution	/data/data/com.termux/files/home/02.ERP-system/41.labor-management/03.leave/010.constitution	exists	directory already exists
/data/data/com.termux/files/home/02.ERP-system/41.labor-management/03.leave	index	/data/data/com.termux/files/home/02.ERP-system/41.labor-management/03.leave/010.constitution/INDEX.md	/data/data/com.termux/files/home/02.ERP-system/41.labor-management/03.leave/010.constitution/INDEX.md	exists	index already exists
/data/data/com.termux/files/home/02.ERP-system/41.labor-management/03.leave	overview	/data/data/com.termux/files/home/02.ERP-system/41.labor-management/03.leave/010.constitution/OVERVIEW.md	/data/data/com.termux/files/home/02.ERP-system/41.labor-management/03.leave/010.constitution/OVERVIEW.md	exists	overview already exists
/data/data/com.termux/files/home/02.ERP-system/41.labor-management/03.leave	dir	/data/data/com.termux/files/home/02.ERP-system/41.labor-management/03.leave/020.architecture	/data/data/com.termux/files/home/02.ERP-system/41.labor-management/03.leave/020.architecture	exists	directory already exists
/data/data/com.termux/files/home/02.ERP-system/41.labor-management/03.leave	index	/data/data/com.termux/files/home/02.ERP-system/41.labor-management/03.leave/020.architecture/INDEX.md	/data/data/com.termux/files/home/02.ERP-system/41.labor-management/03.leave/020.architecture/INDEX.md	exists	index already exists
/data/data/com.termux/files/home/02.ERP-system/41.labor-management/03.leave	overview	/data/data/com.termux/files/home/02.ERP-system/41.labor-management/03.leave/020.architecture/OVERVIEW.md	/data/data/com.termux/files/home/02.ERP-system/41.labor-management/03.leave/020.architecture/OVERVIEW.md	exists	overview already exists
/data/data/com.termux/files/home/02.ERP-system/41.labor-management/03.leave	dir	/data/data/com.termux/files/home/02.ERP-system/41.labor-management/03.leave/030.model	/data/data/com.termux/files/home/02.ERP-system/41.labor-management/03.leave/030.model	exists	directory already exists
/data/data/com.termux/files/home/02.ERP-system/41.labor-management/03.leave	index	/data/data/com.termux/files/home/02.ERP-system/41.labor-management/03.leave/030.model/INDEX.md	/data/data/com.termux/files/home/02.ERP-system/41.labor-management/03.leave/030.model/INDEX.md	exists	index already exists
/data/data/com.termux/files/home/02.ERP-system/41.labor-management/03.leave	overview	/data/data/com.termux/files/home/02.ERP-system/41.labor-management/03.leave/030.model/OVERVIEW.md	/data/data/com.termux/files/home/02.ERP-system/41.labor-management/03.leave/030.model/OVERVIEW.md	exists	overview already exists
/data/data/com.termux/files/home/02.ERP-system/41.labor-management/03.leave	dir	/data/data/com.termux/files/home/02.ERP-system/41.labor-management/03.leave/050.flow	/data/data/com.termux/files/home/02.ERP-system/41.labor-management/03.leave/050.flow	exists	directory already exists
/data/data/com.termux/files/home/02.ERP-system/41.labor-management/03.leave	index	/data/data/com.termux/files/home/02.ERP-system/41.labor-management/03.leave/050.flow/INDEX.md	/data/data/com.termux/files/home/02.ERP-system/41.labor-management/03.leave/050.flow/INDEX.md	exists	index already exists
/data/data/com.termux/files/home/02.ERP-system/41.labor-management/03.leave	overview	/data/data/com.termux/files/home/02.ERP-system/41.labor-management/03.leave/050.flow/OVERVIEW.md	/data/data/com.termux/files/home/02.ERP-system/41.labor-management/03.leave/050.flow/OVERVIEW.md	exists	overview already exists
/data/data/com.termux/files/home/02.ERP-system/41.labor-management/03.leave	dir	/data/data/com.termux/files/home/02.ERP-system/41.labor-management/03.leave/060.integration	/data/data/com.termux/files/home/02.ERP-system/41.labor-management/03.leave/060.integration	exists	directory already exists
/data/data/com.termux/files/home/02.ERP-system/41.labor-management/03.leave	index	/data/data/com.termux/files/home/02.ERP-system/41.labor-management/03.leave/060.integration/INDEX.md	/data/data/com.termux/files/home/02.ERP-system/41.labor-management/03.leave/060.integration/INDEX.md	exists	index already exists
/data/data/com.termux/files/home/02.ERP-system/41.labor-management/03.leave	overview	/data/data/com.termux/files/home/02.ERP-system/41.labor-management/03.leave/060.integration/OVERVIEW.md	/data/data/com.termux/files/home/02.ERP-system/41.labor-management/03.leave/060.integration/OVERVIEW.md	exists	overview already exists
/data/data/com.termux/files/home/02.ERP-system/41.labor-management/03.leave	dir	/data/data/com.termux/files/home/02.ERP-system/41.labor-management/03.leave/070.operations	/data/data/com.termux/files/home/02.ERP-system/41.labor-management/03.leave/070.operations	exists	directory already exists
/data/data/com.termux/files/home/02.ERP-system/41.labor-management/03.leave	index	/data/data/com.termux/files/home/02.ERP-system/41.labor-management/03.leave/070.operations/INDEX.md	/data/data/com.termux/files/home/02.ERP-system/41.labor-management/03.leave/070.operations/INDEX.md	exists	index already exists
/data/data/com.termux/files/home/02.ERP-system/41.labor-management/03.leave	overview	/data/data/com.termux/files/home/02.ERP-system/41.labor-management/03.leave/070.operations/OVERVIEW.md	/data/data/com.termux/files/home/02.ERP-system/41.labor-management/03.leave/070.operations/OVERVIEW.md	exists	overview already exists
/data/data/com.termux/files/home/02.ERP-system/41.labor-management/03.leave	dir	/data/data/com.termux/files/home/02.ERP-system/41.labor-management/03.leave/080.policy	/data/data/com.termux/files/home/02.ERP-system/41.labor-management/03.leave/080.policy	exists	directory already exists
/data/data/com.termux/files/home/02.ERP-system/41.labor-management/03.leave	index	/data/data/com.termux/files/home/02.ERP-system/41.labor-management/03.leave/080.policy/INDEX.md	/data/data/com.termux/files/home/02.ERP-system/41.labor-management/03.leave/080.policy/INDEX.md	exists	index already exists
/data/data/com.termux/files/home/02.ERP-system/41.labor-management/03.leave	overview	/data/data/com.termux/files/home/02.ERP-system/41.labor-management/03.leave/080.policy/OVERVIEW.md	/data/data/com.termux/files/home/02.ERP-system/41.labor-management/03.leave/080.policy/OVERVIEW.md	exists	overview already exists
/data/data/com.termux/files/home/02.ERP-system/41.labor-management/03.leave	dir	/data/data/com.termux/files/home/02.ERP-system/41.labor-management/03.leave/100.security	/data/data/com.termux/files/home/02.ERP-system/41.labor-management/03.leave/100.security	exists	directory already exists
/data/data/com.termux/files/home/02.ERP-system/41.labor-management/03.leave	index	/data/data/com.termux/files/home/02.ERP-system/41.labor-management/03.leave/100.security/INDEX.md	/data/data/com.termux/files/home/02.ERP-system/41.labor-management/03.leave/100.security/INDEX.md	exists	index already exists
/data/data/com.termux/files/home/02.ERP-system/41.labor-management/03.leave	overview	/data/data/com.termux/files/home/02.ERP-system/41.labor-management/03.leave/100.security/OVERVIEW.md	/data/data/com.termux/files/home/02.ERP-system/41.labor-management/03.leave/100.security/OVERVIEW.md	exists	overview already exists
/data/data/com.termux/files/home/02.ERP-system/41.labor-management/03.leave	dir	/data/data/com.termux/files/home/02.ERP-system/41.labor-management/03.leave/110.infrastructure	/data/data/com.termux/files/home/02.ERP-system/41.labor-management/03.leave/110.infrastructure	exists	directory already exists
/data/data/com.termux/files/home/02.ERP-system/41.labor-management/03.leave	index	/data/data/com.termux/files/home/02.ERP-system/41.labor-management/03.leave/110.infrastructure/INDEX.md	/data/data/com.termux/files/home/02.ERP-system/41.labor-management/03.leave/110.infrastructure/INDEX.md	exists	index already exists
/data/data/com.termux/files/home/02.ERP-system/41.labor-management/03.leave	overview	/data/data/com.termux/files/home/02.ERP-system/41.labor-management/03.leave/110.infrastructure/OVERVIEW.md	/data/data/com.termux/files/home/02.ERP-system/41.labor-management/03.leave/110.infrastructure/OVERVIEW.md	exists	overview already exists
/data/data/com.termux/files/home/02.ERP-system/41.labor-management/03.leave	dir	/data/data/com.termux/files/home/02.ERP-system/41.labor-management/03.leave/120.implementation	/data/data/com.termux/files/home/02.ERP-system/41.labor-management/03.leave/120.implementation	exists	directory already exists
/data/data/com.termux/files/home/02.ERP-system/41.labor-management/03.leave	index	/data/data/com.termux/files/home/02.ERP-system/41.labor-management/03.leave/120.implementation/INDEX.md	/data/data/com.termux/files/home/02.ERP-system/41.labor-management/03.leave/120.implementation/INDEX.md	exists	index already exists
/data/data/com.termux/files/home/02.ERP-system/41.labor-management/03.leave	overview	/data/data/com.termux/files/home/02.ERP-system/41.labor-management/03.leave/120.implementation/OVERVIEW.md	/data/data/com.termux/files/home/02.ERP-system/41.labor-management/03.leave/120.implementation/OVERVIEW.md	exists	overview already exists
/data/data/com.termux/files/home/02.ERP-system/41.labor-management/03.leave	dir	/data/data/com.termux/files/home/02.ERP-system/41.labor-management/03.leave/130.development	/data/data/com.termux/files/home/02.ERP-system/41.labor-management/03.leave/130.development	exists	directory already exists
/data/data/com.termux/files/home/02.ERP-system/41.labor-management/03.leave	index	/data/data/com.termux/files/home/02.ERP-system/41.labor-management/03.leave/130.development/INDEX.md	/data/data/com.termux/files/home/02.ERP-system/41.labor-management/03.leave/130.development/INDEX.md	exists	index already exists
/data/data/com.termux/files/home/02.ERP-system/41.labor-management/03.leave	overview	/data/data/com.termux/files/home/02.ERP-system/41.labor-management/03.leave/130.development/OVERVIEW.md	/data/data/com.termux/files/home/02.ERP-system/41.labor-management/03.leave/130.development/OVERVIEW.md	exists	overview already exists
/data/data/com.termux/files/home/02.ERP-system/41.labor-management/03.leave	dir	/data/data/com.termux/files/home/02.ERP-system/41.labor-management/03.leave/900.meta	/data/data/com.termux/files/home/02.ERP-system/41.labor-management/03.leave/900.meta	exists	directory already exists
/data/data/com.termux/files/home/02.ERP-system/41.labor-management/03.leave	index	/data/data/com.termux/files/home/02.ERP-system/41.labor-management/03.leave/900.meta/INDEX.md	/data/data/com.termux/files/home/02.ERP-system/41.labor-management/03.leave/900.meta/INDEX.md	exists	index already exists
/data/data/com.termux/files/home/02.ERP-system/41.labor-management/03.leave	overview	/data/data/com.termux/files/home/02.ERP-system/41.labor-management/03.leave/900.meta/OVERVIEW.md	/data/data/com.termux/files/home/02.ERP-system/41.labor-management/03.leave/900.meta/OVERVIEW.md	exists	overview already exists
/data/data/com.termux/files/home/02.ERP-system/41.labor-management/03.leave	dir	/data/data/com.termux/files/home/02.ERP-system/41.labor-management/03.leave/920.meta	/data/data/com.termux/files/home/02.ERP-system/41.labor-management/03.leave/920.meta	exists	directory already exists
/data/data/com.termux/files/home/02.ERP-system/41.labor-management/03.leave	index	/data/data/com.termux/files/home/02.ERP-system/41.labor-management/03.leave/920.meta/INDEX.md	/data/data/com.termux/files/home/02.ERP-system/41.labor-management/03.leave/920.meta/INDEX.md	exists	index already exists
/data/data/com.termux/files/home/02.ERP-system/41.labor-management/03.leave	overview	/data/data/com.termux/files/home/02.ERP-system/41.labor-management/03.leave/920.meta/OVERVIEW.md	/data/data/com.termux/files/home/02.ERP-system/41.labor-management/03.leave/920.meta/OVERVIEW.md	exists	overview already exists
/data/data/com.termux/files/home/02.ERP-system/41.labor-management/04.overtime	dir	/data/data/com.termux/files/home/02.ERP-system/41.labor-management/04.overtime/010.constitution	/data/data/com.termux/files/home/02.ERP-system/41.labor-management/04.overtime/010.constitution	exists	directory already exists
/data/data/com.termux/files/home/02.ERP-system/41.labor-management/04.overtime	dir	/data/data/com.termux/files/home/02.ERP-system/41.labor-management/04.overtime/020.architecture	/data/data/com.termux/files/home/02.ERP-system/41.labor-management/04.overtime/020.architecture	exists	directory already exists
/data/data/com.termux/files/home/02.ERP-system/41.labor-management/04.overtime	dir	/data/data/com.termux/files/home/02.ERP-system/41.labor-management/04.overtime/030.model	/data/data/com.termux/files/home/02.ERP-system/41.labor-management/04.overtime/030.model	exists	directory already exists
/data/data/com.termux/files/home/02.ERP-system/41.labor-management/04.overtime	dir	/data/data/com.termux/files/home/02.ERP-system/41.labor-management/04.overtime/050.flow	/data/data/com.termux/files/home/02.ERP-system/41.labor-management/04.overtime/050.flow	exists	directory already exists
/data/data/com.termux/files/home/02.ERP-system/41.labor-management/04.overtime	dir	/data/data/com.termux/files/home/02.ERP-system/41.labor-management/04.overtime/060.integration	/data/data/com.termux/files/home/02.ERP-system/41.labor-management/04.overtime/060.integration	exists	directory already exists
/data/data/com.termux/files/home/02.ERP-system/41.labor-management/04.overtime	dir	/data/data/com.termux/files/home/02.ERP-system/41.labor-management/04.overtime/070.operations	/data/data/com.termux/files/home/02.ERP-system/41.labor-management/04.overtime/070.operations	exists	directory already exists
/data/data/com.termux/files/home/02.ERP-system/41.labor-management/04.overtime	dir	/data/data/com.termux/files/home/02.ERP-system/41.labor-management/04.overtime/080.policy	/data/data/com.termux/files/home/02.ERP-system/41.labor-management/04.overtime/080.policy	exists	directory already exists
/data/data/com.termux/files/home/02.ERP-system/41.labor-management/04.overtime	dir	/data/data/com.termux/files/home/02.ERP-system/41.labor-management/04.overtime/100.security	/data/data/com.termux/files/home/02.ERP-system/41.labor-management/04.overtime/100.security	exists	directory already exists
/data/data/com.termux/files/home/02.ERP-system/41.labor-management/04.overtime	dir	/data/data/com.termux/files/home/02.ERP-system/41.labor-management/04.overtime/110.infrastructure	/data/data/com.termux/files/home/02.ERP-system/41.labor-management/04.overtime/110.infrastructure	exists	directory already exists
/data/data/com.termux/files/home/02.ERP-system/41.labor-management/04.overtime	dir	/data/data/com.termux/files/home/02.ERP-system/41.labor-management/04.overtime/120.implementation	/data/data/com.termux/files/home/02.ERP-system/41.labor-management/04.overtime/120.implementation	exists	directory already exists
/data/data/com.termux/files/home/02.ERP-system/41.labor-management/04.overtime	dir	/data/data/com.termux/files/home/02.ERP-system/41.labor-management/04.overtime/130.development	/data/data/com.termux/files/home/02.ERP-system/41.labor-management/04.overtime/130.development	exists	directory already exists
/data/data/com.termux/files/home/02.ERP-system/41.labor-management/04.overtime	dir	/data/data/com.termux/files/home/02.ERP-system/41.labor-management/04.overtime/900.meta	/data/data/com.termux/files/home/02.ERP-system/41.labor-management/04.overtime/900.meta	exists	directory already exists
/data/data/com.termux/files/home/02.ERP-system/41.labor-management/04.overtime	dir	/data/data/com.termux/files/home/02.ERP-system/41.labor-management/04.overtime/920.meta	/data/data/com.termux/files/home/02.ERP-system/41.labor-management/04.overtime/920.meta	exists	directory already exists
/data/data/com.termux/files/home/02.ERP-system/41.labor-management/04.overtime	index	/data/data/com.termux/files/home/02.ERP-system/41.labor-management/04.overtime/INDEX.md	/data/data/com.termux/files/home/02.ERP-system/41.labor-management/04.overtime/INDEX.md	exists	index already exists
/data/data/com.termux/files/home/02.ERP-system/41.labor-management/04.overtime	overview	/data/data/com.termux/files/home/02.ERP-system/41.labor-management/04.overtime/OVERVIEW.md	/data/data/com.termux/files/home/02.ERP-system/41.labor-management/04.overtime/OVERVIEW.md	exists	overview already exists
/data/data/com.termux/files/home/02.ERP-system/41.labor-management/04.overtime	dir	/data/data/com.termux/files/home/02.ERP-system/41.labor-management/04.overtime/010.constitution	/data/data/com.termux/files/home/02.ERP-system/41.labor-management/04.overtime/010.constitution	exists	directory already exists
/data/data/com.termux/files/home/02.ERP-system/41.labor-management/04.overtime	index	/data/data/com.termux/files/home/02.ERP-system/41.labor-management/04.overtime/010.constitution/INDEX.md	/data/data/com.termux/files/home/02.ERP-system/41.labor-management/04.overtime/010.constitution/INDEX.md	exists	index already exists
/data/data/com.termux/files/home/02.ERP-system/41.labor-management/04.overtime	overview	/data/data/com.termux/files/home/02.ERP-system/41.labor-management/04.overtime/010.constitution/OVERVIEW.md	/data/data/com.termux/files/home/02.ERP-system/41.labor-management/04.overtime/010.constitution/OVERVIEW.md	exists	overview already exists
/data/data/com.termux/files/home/02.ERP-system/41.labor-management/04.overtime	dir	/data/data/com.termux/files/home/02.ERP-system/41.labor-management/04.overtime/020.architecture	/data/data/com.termux/files/home/02.ERP-system/41.labor-management/04.overtime/020.architecture	exists	directory already exists
/data/data/com.termux/files/home/02.ERP-system/41.labor-management/04.overtime	index	/data/data/com.termux/files/home/02.ERP-system/41.labor-management/04.overtime/020.architecture/INDEX.md	/data/data/com.termux/files/home/02.ERP-system/41.labor-management/04.overtime/020.architecture/INDEX.md	exists	index already exists
/data/data/com.termux/files/home/02.ERP-system/41.labor-management/04.overtime	overview	/data/data/com.termux/files/home/02.ERP-system/41.labor-management/04.overtime/020.architecture/OVERVIEW.md	/data/data/com.termux/files/home/02.ERP-system/41.labor-management/04.overtime/020.architecture/OVERVIEW.md	exists	overview already exists
/data/data/com.termux/files/home/02.ERP-system/41.labor-management/04.overtime	dir	/data/data/com.termux/files/home/02.ERP-system/41.labor-management/04.overtime/030.model	/data/data/com.termux/files/home/02.ERP-system/41.labor-management/04.overtime/030.model	exists	directory already exists
/data/data/com.termux/files/home/02.ERP-system/41.labor-management/04.overtime	index	/data/data/com.termux/files/home/02.ERP-system/41.labor-management/04.overtime/030.model/INDEX.md	/data/data/com.termux/files/home/02.ERP-system/41.labor-management/04.overtime/030.model/INDEX.md	exists	index already exists
/data/data/com.termux/files/home/02.ERP-system/41.labor-management/04.overtime	overview	/data/data/com.termux/files/home/02.ERP-system/41.labor-management/04.overtime/030.model/OVERVIEW.md	/data/data/com.termux/files/home/02.ERP-system/41.labor-management/04.overtime/030.model/OVERVIEW.md	exists	overview already exists
/data/data/com.termux/files/home/02.ERP-system/41.labor-management/04.overtime	dir	/data/data/com.termux/files/home/02.ERP-system/41.labor-management/04.overtime/050.flow	/data/data/com.termux/files/home/02.ERP-system/41.labor-management/04.overtime/050.flow	exists	directory already exists
/data/data/com.termux/files/home/02.ERP-system/41.labor-management/04.overtime	index	/data/data/com.termux/files/home/02.ERP-system/41.labor-management/04.overtime/050.flow/INDEX.md	/data/data/com.termux/files/home/02.ERP-system/41.labor-management/04.overtime/050.flow/INDEX.md	exists	index already exists
/data/data/com.termux/files/home/02.ERP-system/41.labor-management/04.overtime	overview	/data/data/com.termux/files/home/02.ERP-system/41.labor-management/04.overtime/050.flow/OVERVIEW.md	/data/data/com.termux/files/home/02.ERP-system/41.labor-management/04.overtime/050.flow/OVERVIEW.md	exists	overview already exists
/data/data/com.termux/files/home/02.ERP-system/41.labor-management/04.overtime	dir	/data/data/com.termux/files/home/02.ERP-system/41.labor-management/04.overtime/060.integration	/data/data/com.termux/files/home/02.ERP-system/41.labor-management/04.overtime/060.integration	exists	directory already exists
/data/data/com.termux/files/home/02.ERP-system/41.labor-management/04.overtime	index	/data/data/com.termux/files/home/02.ERP-system/41.labor-management/04.overtime/060.integration/INDEX.md	/data/data/com.termux/files/home/02.ERP-system/41.labor-management/04.overtime/060.integration/INDEX.md	exists	index already exists
/data/data/com.termux/files/home/02.ERP-system/41.labor-management/04.overtime	overview	/data/data/com.termux/files/home/02.ERP-system/41.labor-management/04.overtime/060.integration/OVERVIEW.md	/data/data/com.termux/files/home/02.ERP-system/41.labor-management/04.overtime/060.integration/OVERVIEW.md	exists	overview already exists
/data/data/com.termux/files/home/02.ERP-system/41.labor-management/04.overtime	dir	/data/data/com.termux/files/home/02.ERP-system/41.labor-management/04.overtime/070.operations	/data/data/com.termux/files/home/02.ERP-system/41.labor-management/04.overtime/070.operations	exists	directory already exists
/data/data/com.termux/files/home/02.ERP-system/41.labor-management/04.overtime	index	/data/data/com.termux/files/home/02.ERP-system/41.labor-management/04.overtime/070.operations/INDEX.md	/data/data/com.termux/files/home/02.ERP-system/41.labor-management/04.overtime/070.operations/INDEX.md	exists	index already exists
/data/data/com.termux/files/home/02.ERP-system/41.labor-management/04.overtime	overview	/data/data/com.termux/files/home/02.ERP-system/41.labor-management/04.overtime/070.operations/OVERVIEW.md	/data/data/com.termux/files/home/02.ERP-system/41.labor-management/04.overtime/070.operations/OVERVIEW.md	exists	overview already exists
/data/data/com.termux/files/home/02.ERP-system/41.labor-management/04.overtime	dir	/data/data/com.termux/files/home/02.ERP-system/41.labor-management/04.overtime/080.policy	/data/data/com.termux/files/home/02.ERP-system/41.labor-management/04.overtime/080.policy	exists	directory already exists
/data/data/com.termux/files/home/02.ERP-system/41.labor-management/04.overtime	index	/data/data/com.termux/files/home/02.ERP-system/41.labor-management/04.overtime/080.policy/INDEX.md	/data/data/com.termux/files/home/02.ERP-system/41.labor-management/04.overtime/080.policy/INDEX.md	exists	index already exists
/data/data/com.termux/files/home/02.ERP-system/41.labor-management/04.overtime	overview	/data/data/com.termux/files/home/02.ERP-system/41.labor-management/04.overtime/080.policy/OVERVIEW.md	/data/data/com.termux/files/home/02.ERP-system/41.labor-management/04.overtime/080.policy/OVERVIEW.md	exists	overview already exists
/data/data/com.termux/files/home/02.ERP-system/41.labor-management/04.overtime	dir	/data/data/com.termux/files/home/02.ERP-system/41.labor-management/04.overtime/100.security	/data/data/com.termux/files/home/02.ERP-system/41.labor-management/04.overtime/100.security	exists	directory already exists
/data/data/com.termux/files/home/02.ERP-system/41.labor-management/04.overtime	index	/data/data/com.termux/files/home/02.ERP-system/41.labor-management/04.overtime/100.security/INDEX.md	/data/data/com.termux/files/home/02.ERP-system/41.labor-management/04.overtime/100.security/INDEX.md	exists	index already exists
/data/data/com.termux/files/home/02.ERP-system/41.labor-management/04.overtime	overview	/data/data/com.termux/files/home/02.ERP-system/41.labor-management/04.overtime/100.security/OVERVIEW.md	/data/data/com.termux/files/home/02.ERP-system/41.labor-management/04.overtime/100.security/OVERVIEW.md	exists	overview already exists
/data/data/com.termux/files/home/02.ERP-system/41.labor-management/04.overtime	dir	/data/data/com.termux/files/home/02.ERP-system/41.labor-management/04.overtime/110.infrastructure	/data/data/com.termux/files/home/02.ERP-system/41.labor-management/04.overtime/110.infrastructure	exists	directory already exists
/data/data/com.termux/files/home/02.ERP-system/41.labor-management/04.overtime	index	/data/data/com.termux/files/home/02.ERP-system/41.labor-management/04.overtime/110.infrastructure/INDEX.md	/data/data/com.termux/files/home/02.ERP-system/41.labor-management/04.overtime/110.infrastructure/INDEX.md	exists	index already exists
/data/data/com.termux/files/home/02.ERP-system/41.labor-management/04.overtime	overview	/data/data/com.termux/files/home/02.ERP-system/41.labor-management/04.overtime/110.infrastructure/OVERVIEW.md	/data/data/com.termux/files/home/02.ERP-system/41.labor-management/04.overtime/110.infrastructure/OVERVIEW.md	exists	overview already exists
/data/data/com.termux/files/home/02.ERP-system/41.labor-management/04.overtime	dir	/data/data/com.termux/files/home/02.ERP-system/41.labor-management/04.overtime/120.implementation	/data/data/com.termux/files/home/02.ERP-system/41.labor-management/04.overtime/120.implementation	exists	directory already exists
/data/data/com.termux/files/home/02.ERP-system/41.labor-management/04.overtime	index	/data/data/com.termux/files/home/02.ERP-system/41.labor-management/04.overtime/120.implementation/INDEX.md	/data/data/com.termux/files/home/02.ERP-system/41.labor-management/04.overtime/120.implementation/INDEX.md	exists	index already exists
/data/data/com.termux/files/home/02.ERP-system/41.labor-management/04.overtime	overview	/data/data/com.termux/files/home/02.ERP-system/41.labor-management/04.overtime/120.implementation/OVERVIEW.md	/data/data/com.termux/files/home/02.ERP-system/41.labor-management/04.overtime/120.implementation/OVERVIEW.md	exists	overview already exists
/data/data/com.termux/files/home/02.ERP-system/41.labor-management/04.overtime	dir	/data/data/com.termux/files/home/02.ERP-system/41.labor-management/04.overtime/130.development	/data/data/com.termux/files/home/02.ERP-system/41.labor-management/04.overtime/130.development	exists	directory already exists
/data/data/com.termux/files/home/02.ERP-system/41.labor-management/04.overtime	index	/data/data/com.termux/files/home/02.ERP-system/41.labor-management/04.overtime/130.development/INDEX.md	/data/data/com.termux/files/home/02.ERP-system/41.labor-management/04.overtime/130.development/INDEX.md	exists	index already exists
/data/data/com.termux/files/home/02.ERP-system/41.labor-management/04.overtime	overview	/data/data/com.termux/files/home/02.ERP-system/41.labor-management/04.overtime/130.development/OVERVIEW.md	/data/data/com.termux/files/home/02.ERP-system/41.labor-management/04.overtime/130.development/OVERVIEW.md	exists	overview already exists
/data/data/com.termux/files/home/02.ERP-system/41.labor-management/04.overtime	dir	/data/data/com.termux/files/home/02.ERP-system/41.labor-management/04.overtime/900.meta	/data/data/com.termux/files/home/02.ERP-system/41.labor-management/04.overtime/900.meta	exists	directory already exists
/data/data/com.termux/files/home/02.ERP-system/41.labor-management/04.overtime	index	/data/data/com.termux/files/home/02.ERP-system/41.labor-management/04.overtime/900.meta/INDEX.md	/data/data/com.termux/files/home/02.ERP-system/41.labor-management/04.overtime/900.meta/INDEX.md	exists	index already exists
/data/data/com.termux/files/home/02.ERP-system/41.labor-management/04.overtime	overview	/data/data/com.termux/files/home/02.ERP-system/41.labor-management/04.overtime/900.meta/OVERVIEW.md	/data/data/com.termux/files/home/02.ERP-system/41.labor-management/04.overtime/900.meta/OVERVIEW.md	exists	overview already exists
/data/data/com.termux/files/home/02.ERP-system/41.labor-management/04.overtime	dir	/data/data/com.termux/files/home/02.ERP-system/41.labor-management/04.overtime/920.meta	/data/data/com.termux/files/home/02.ERP-system/41.labor-management/04.overtime/920.meta	exists	directory already exists
/data/data/com.termux/files/home/02.ERP-system/41.labor-management/04.overtime	index	/data/data/com.termux/files/home/02.ERP-system/41.labor-management/04.overtime/920.meta/INDEX.md	/data/data/com.termux/files/home/02.ERP-system/41.labor-management/04.overtime/920.meta/INDEX.md	exists	index already exists
/data/data/com.termux/files/home/02.ERP-system/41.labor-management/04.overtime	overview	/data/data/com.termux/files/home/02.ERP-system/41.labor-management/04.overtime/920.meta/OVERVIEW.md	/data/data/com.termux/files/home/02.ERP-system/41.labor-management/04.overtime/920.meta/OVERVIEW.md	exists	overview already exists
/data/data/com.termux/files/home/02.ERP-system/41.labor-management/05.work-record	dir	/data/data/com.termux/files/home/02.ERP-system/41.labor-management/05.work-record/010.constitution	/data/data/com.termux/files/home/02.ERP-system/41.labor-management/05.work-record/010.constitution	exists	directory already exists
/data/data/com.termux/files/home/02.ERP-system/41.labor-management/05.work-record	dir	/data/data/com.termux/files/home/02.ERP-system/41.labor-management/05.work-record/020.architecture	/data/data/com.termux/files/home/02.ERP-system/41.labor-management/05.work-record/020.architecture	exists	directory already exists
/data/data/com.termux/files/home/02.ERP-system/41.labor-management/05.work-record	dir	/data/data/com.termux/files/home/02.ERP-system/41.labor-management/05.work-record/030.model	/data/data/com.termux/files/home/02.ERP-system/41.labor-management/05.work-record/030.model	exists	directory already exists
/data/data/com.termux/files/home/02.ERP-system/41.labor-management/05.work-record	dir	/data/data/com.termux/files/home/02.ERP-system/41.labor-management/05.work-record/050.flow	/data/data/com.termux/files/home/02.ERP-system/41.labor-management/05.work-record/050.flow	exists	directory already exists
/data/data/com.termux/files/home/02.ERP-system/41.labor-management/05.work-record	dir	/data/data/com.termux/files/home/02.ERP-system/41.labor-management/05.work-record/060.integration	/data/data/com.termux/files/home/02.ERP-system/41.labor-management/05.work-record/060.integration	exists	directory already exists
/data/data/com.termux/files/home/02.ERP-system/41.labor-management/05.work-record	dir	/data/data/com.termux/files/home/02.ERP-system/41.labor-management/05.work-record/070.operations	/data/data/com.termux/files/home/02.ERP-system/41.labor-management/05.work-record/070.operations	exists	directory already exists
/data/data/com.termux/files/home/02.ERP-system/41.labor-management/05.work-record	dir	/data/data/com.termux/files/home/02.ERP-system/41.labor-management/05.work-record/080.policy	/data/data/com.termux/files/home/02.ERP-system/41.labor-management/05.work-record/080.policy	exists	directory already exists
/data/data/com.termux/files/home/02.ERP-system/41.labor-management/05.work-record	dir	/data/data/com.termux/files/home/02.ERP-system/41.labor-management/05.work-record/100.security	/data/data/com.termux/files/home/02.ERP-system/41.labor-management/05.work-record/100.security	exists	directory already exists
/data/data/com.termux/files/home/02.ERP-system/41.labor-management/05.work-record	dir	/data/data/com.termux/files/home/02.ERP-system/41.labor-management/05.work-record/110.infrastructure	/data/data/com.termux/files/home/02.ERP-system/41.labor-management/05.work-record/110.infrastructure	exists	directory already exists
/data/data/com.termux/files/home/02.ERP-system/41.labor-management/05.work-record	dir	/data/data/com.termux/files/home/02.ERP-system/41.labor-management/05.work-record/120.implementation	/data/data/com.termux/files/home/02.ERP-system/41.labor-management/05.work-record/120.implementation	exists	directory already exists
/data/data/com.termux/files/home/02.ERP-system/41.labor-management/05.work-record	dir	/data/data/com.termux/files/home/02.ERP-system/41.labor-management/05.work-record/130.development	/data/data/com.termux/files/home/02.ERP-system/41.labor-management/05.work-record/130.development	exists	directory already exists
/data/data/com.termux/files/home/02.ERP-system/41.labor-management/05.work-record	dir	/data/data/com.termux/files/home/02.ERP-system/41.labor-management/05.work-record/900.meta	/data/data/com.termux/files/home/02.ERP-system/41.labor-management/05.work-record/900.meta	exists	directory already exists
/data/data/com.termux/files/home/02.ERP-system/41.labor-management/05.work-record	dir	/data/data/com.termux/files/home/02.ERP-system/41.labor-management/05.work-record/920.meta	/data/data/com.termux/files/home/02.ERP-system/41.labor-management/05.work-record/920.meta	exists	directory already exists
/data/data/com.termux/files/home/02.ERP-system/41.labor-management/05.work-record	index	/data/data/com.termux/files/home/02.ERP-system/41.labor-management/05.work-record/INDEX.md	/data/data/com.termux/files/home/02.ERP-system/41.labor-management/05.work-record/INDEX.md	exists	index already exists
/data/data/com.termux/files/home/02.ERP-system/41.labor-management/05.work-record	overview	/data/data/com.termux/files/home/02.ERP-system/41.labor-management/05.work-record/OVERVIEW.md	/data/data/com.termux/files/home/02.ERP-system/41.labor-management/05.work-record/OVERVIEW.md	exists	overview already exists
/data/data/com.termux/files/home/02.ERP-system/41.labor-management/05.work-record	dir	/data/data/com.termux/files/home/02.ERP-system/41.labor-management/05.work-record/010.constitution	/data/data/com.termux/files/home/02.ERP-system/41.labor-management/05.work-record/010.constitution	exists	directory already exists
/data/data/com.termux/files/home/02.ERP-system/41.labor-management/05.work-record	index	/data/data/com.termux/files/home/02.ERP-system/41.labor-management/05.work-record/010.constitution/INDEX.md	/data/data/com.termux/files/home/02.ERP-system/41.labor-management/05.work-record/010.constitution/INDEX.md	exists	index already exists
/data/data/com.termux/files/home/02.ERP-system/41.labor-management/05.work-record	overview	/data/data/com.termux/files/home/02.ERP-system/41.labor-management/05.work-record/010.constitution/OVERVIEW.md	/data/data/com.termux/files/home/02.ERP-system/41.labor-management/05.work-record/010.constitution/OVERVIEW.md	exists	overview already exists
/data/data/com.termux/files/home/02.ERP-system/41.labor-management/05.work-record	dir	/data/data/com.termux/files/home/02.ERP-system/41.labor-management/05.work-record/020.architecture	/data/data/com.termux/files/home/02.ERP-system/41.labor-management/05.work-record/020.architecture	exists	directory already exists
/data/data/com.termux/files/home/02.ERP-system/41.labor-management/05.work-record	index	/data/data/com.termux/files/home/02.ERP-system/41.labor-management/05.work-record/020.architecture/INDEX.md	/data/data/com.termux/files/home/02.ERP-system/41.labor-management/05.work-record/020.architecture/INDEX.md	exists	index already exists
/data/data/com.termux/files/home/02.ERP-system/41.labor-management/05.work-record	overview	/data/data/com.termux/files/home/02.ERP-system/41.labor-management/05.work-record/020.architecture/OVERVIEW.md	/data/data/com.termux/files/home/02.ERP-system/41.labor-management/05.work-record/020.architecture/OVERVIEW.md	exists	overview already exists
/data/data/com.termux/files/home/02.ERP-system/41.labor-management/05.work-record	dir	/data/data/com.termux/files/home/02.ERP-system/41.labor-management/05.work-record/030.model	/data/data/com.termux/files/home/02.ERP-system/41.labor-management/05.work-record/030.model	exists	directory already exists
/data/data/com.termux/files/home/02.ERP-system/41.labor-management/05.work-record	index	/data/data/com.termux/files/home/02.ERP-system/41.labor-management/05.work-record/030.model/INDEX.md	/data/data/com.termux/files/home/02.ERP-system/41.labor-management/05.work-record/030.model/INDEX.md	exists	index already exists
/data/data/com.termux/files/home/02.ERP-system/41.labor-management/05.work-record	overview	/data/data/com.termux/files/home/02.ERP-system/41.labor-management/05.work-record/030.model/OVERVIEW.md	/data/data/com.termux/files/home/02.ERP-system/41.labor-management/05.work-record/030.model/OVERVIEW.md	exists	overview already exists
/data/data/com.termux/files/home/02.ERP-system/41.labor-management/05.work-record	dir	/data/data/com.termux/files/home/02.ERP-system/41.labor-management/05.work-record/050.flow	/data/data/com.termux/files/home/02.ERP-system/41.labor-management/05.work-record/050.flow	exists	directory already exists
/data/data/com.termux/files/home/02.ERP-system/41.labor-management/05.work-record	index	/data/data/com.termux/files/home/02.ERP-system/41.labor-management/05.work-record/050.flow/INDEX.md	/data/data/com.termux/files/home/02.ERP-system/41.labor-management/05.work-record/050.flow/INDEX.md	exists	index already exists
/data/data/com.termux/files/home/02.ERP-system/41.labor-management/05.work-record	overview	/data/data/com.termux/files/home/02.ERP-system/41.labor-management/05.work-record/050.flow/OVERVIEW.md	/data/data/com.termux/files/home/02.ERP-system/41.labor-management/05.work-record/050.flow/OVERVIEW.md	exists	overview already exists
/data/data/com.termux/files/home/02.ERP-system/41.labor-management/05.work-record	dir	/data/data/com.termux/files/home/02.ERP-system/41.labor-management/05.work-record/060.integration	/data/data/com.termux/files/home/02.ERP-system/41.labor-management/05.work-record/060.integration	exists	directory already exists
/data/data/com.termux/files/home/02.ERP-system/41.labor-management/05.work-record	index	/data/data/com.termux/files/home/02.ERP-system/41.labor-management/05.work-record/060.integration/INDEX.md	/data/data/com.termux/files/home/02.ERP-system/41.labor-management/05.work-record/060.integration/INDEX.md	exists	index already exists
/data/data/com.termux/files/home/02.ERP-system/41.labor-management/05.work-record	overview	/data/data/com.termux/files/home/02.ERP-system/41.labor-management/05.work-record/060.integration/OVERVIEW.md	/data/data/com.termux/files/home/02.ERP-system/41.labor-management/05.work-record/060.integration/OVERVIEW.md	exists	overview already exists
/data/data/com.termux/files/home/02.ERP-system/41.labor-management/05.work-record	dir	/data/data/com.termux/files/home/02.ERP-system/41.labor-management/05.work-record/070.operations	/data/data/com.termux/files/home/02.ERP-system/41.labor-management/05.work-record/070.operations	exists	directory already exists
/data/data/com.termux/files/home/02.ERP-system/41.labor-management/05.work-record	index	/data/data/com.termux/files/home/02.ERP-system/41.labor-management/05.work-record/070.operations/INDEX.md	/data/data/com.termux/files/home/02.ERP-system/41.labor-management/05.work-record/070.operations/INDEX.md	exists	index already exists
/data/data/com.termux/files/home/02.ERP-system/41.labor-management/05.work-record	overview	/data/data/com.termux/files/home/02.ERP-system/41.labor-management/05.work-record/070.operations/OVERVIEW.md	/data/data/com.termux/files/home/02.ERP-system/41.labor-management/05.work-record/070.operations/OVERVIEW.md	exists	overview already exists
/data/data/com.termux/files/home/02.ERP-system/41.labor-management/05.work-record	dir	/data/data/com.termux/files/home/02.ERP-system/41.labor-management/05.work-record/080.policy	/data/data/com.termux/files/home/02.ERP-system/41.labor-management/05.work-record/080.policy	exists	directory already exists
/data/data/com.termux/files/home/02.ERP-system/41.labor-management/05.work-record	index	/data/data/com.termux/files/home/02.ERP-system/41.labor-management/05.work-record/080.policy/INDEX.md	/data/data/com.termux/files/home/02.ERP-system/41.labor-management/05.work-record/080.policy/INDEX.md	exists	index already exists
/data/data/com.termux/files/home/02.ERP-system/41.labor-management/05.work-record	overview	/data/data/com.termux/files/home/02.ERP-system/41.labor-management/05.work-record/080.policy/OVERVIEW.md	/data/data/com.termux/files/home/02.ERP-system/41.labor-management/05.work-record/080.policy/OVERVIEW.md	exists	overview already exists
/data/data/com.termux/files/home/02.ERP-system/41.labor-management/05.work-record	dir	/data/data/com.termux/files/home/02.ERP-system/41.labor-management/05.work-record/100.security	/data/data/com.termux/files/home/02.ERP-system/41.labor-management/05.work-record/100.security	exists	directory already exists
/data/data/com.termux/files/home/02.ERP-system/41.labor-management/05.work-record	index	/data/data/com.termux/files/home/02.ERP-system/41.labor-management/05.work-record/100.security/INDEX.md	/data/data/com.termux/files/home/02.ERP-system/41.labor-management/05.work-record/100.security/INDEX.md	exists	index already exists
/data/data/com.termux/files/home/02.ERP-system/41.labor-management/05.work-record	overview	/data/data/com.termux/files/home/02.ERP-system/41.labor-management/05.work-record/100.security/OVERVIEW.md	/data/data/com.termux/files/home/02.ERP-system/41.labor-management/05.work-record/100.security/OVERVIEW.md	exists	overview already exists
/data/data/com.termux/files/home/02.ERP-system/41.labor-management/05.work-record	dir	/data/data/com.termux/files/home/02.ERP-system/41.labor-management/05.work-record/110.infrastructure	/data/data/com.termux/files/home/02.ERP-system/41.labor-management/05.work-record/110.infrastructure	exists	directory already exists
/data/data/com.termux/files/home/02.ERP-system/41.labor-management/05.work-record	index	/data/data/com.termux/files/home/02.ERP-system/41.labor-management/05.work-record/110.infrastructure/INDEX.md	/data/data/com.termux/files/home/02.ERP-system/41.labor-management/05.work-record/110.infrastructure/INDEX.md	exists	index already exists
/data/data/com.termux/files/home/02.ERP-system/41.labor-management/05.work-record	overview	/data/data/com.termux/files/home/02.ERP-system/41.labor-management/05.work-record/110.infrastructure/OVERVIEW.md	/data/data/com.termux/files/home/02.ERP-system/41.labor-management/05.work-record/110.infrastructure/OVERVIEW.md	exists	overview already exists
/data/data/com.termux/files/home/02.ERP-system/41.labor-management/05.work-record	dir	/data/data/com.termux/files/home/02.ERP-system/41.labor-management/05.work-record/120.implementation	/data/data/com.termux/files/home/02.ERP-system/41.labor-management/05.work-record/120.implementation	exists	directory already exists
/data/data/com.termux/files/home/02.ERP-system/41.labor-management/05.work-record	index	/data/data/com.termux/files/home/02.ERP-system/41.labor-management/05.work-record/120.implementation/INDEX.md	/data/data/com.termux/files/home/02.ERP-system/41.labor-management/05.work-record/120.implementation/INDEX.md	exists	index already exists
/data/data/com.termux/files/home/02.ERP-system/41.labor-management/05.work-record	overview	/data/data/com.termux/files/home/02.ERP-system/41.labor-management/05.work-record/120.implementation/OVERVIEW.md	/data/data/com.termux/files/home/02.ERP-system/41.labor-management/05.work-record/120.implementation/OVERVIEW.md	exists	overview already exists
/data/data/com.termux/files/home/02.ERP-system/41.labor-management/05.work-record	dir	/data/data/com.termux/files/home/02.ERP-system/41.labor-management/05.work-record/130.development	/data/data/com.termux/files/home/02.ERP-system/41.labor-management/05.work-record/130.development	exists	directory already exists
/data/data/com.termux/files/home/02.ERP-system/41.labor-management/05.work-record	index	/data/data/com.termux/files/home/02.ERP-system/41.labor-management/05.work-record/130.development/INDEX.md	/data/data/com.termux/files/home/02.ERP-system/41.labor-management/05.work-record/130.development/INDEX.md	exists	index already exists
/data/data/com.termux/files/home/02.ERP-system/41.labor-management/05.work-record	overview	/data/data/com.termux/files/home/02.ERP-system/41.labor-management/05.work-record/130.development/OVERVIEW.md	/data/data/com.termux/files/home/02.ERP-system/41.labor-management/05.work-record/130.development/OVERVIEW.md	exists	overview already exists
/data/data/com.termux/files/home/02.ERP-system/41.labor-management/05.work-record	dir	/data/data/com.termux/files/home/02.ERP-system/41.labor-management/05.work-record/900.meta	/data/data/com.termux/files/home/02.ERP-system/41.labor-management/05.work-record/900.meta	exists	directory already exists
/data/data/com.termux/files/home/02.ERP-system/41.labor-management/05.work-record	index	/data/data/com.termux/files/home/02.ERP-system/41.labor-management/05.work-record/900.meta/INDEX.md	/data/data/com.termux/files/home/02.ERP-system/41.labor-management/05.work-record/900.meta/INDEX.md	exists	index already exists
/data/data/com.termux/files/home/02.ERP-system/41.labor-management/05.work-record	overview	/data/data/com.termux/files/home/02.ERP-system/41.labor-management/05.work-record/900.meta/OVERVIEW.md	/data/data/com.termux/files/home/02.ERP-system/41.labor-management/05.work-record/900.meta/OVERVIEW.md	exists	overview already exists
/data/data/com.termux/files/home/02.ERP-system/41.labor-management/05.work-record	dir	/data/data/com.termux/files/home/02.ERP-system/41.labor-management/05.work-record/920.meta	/data/data/com.termux/files/home/02.ERP-system/41.labor-management/05.work-record/920.meta	exists	directory already exists
/data/data/com.termux/files/home/02.ERP-system/41.labor-management/05.work-record	index	/data/data/com.termux/files/home/02.ERP-system/41.labor-management/05.work-record/920.meta/INDEX.md	/data/data/com.termux/files/home/02.ERP-system/41.labor-management/05.work-record/920.meta/INDEX.md	exists	index already exists
/data/data/com.termux/files/home/02.ERP-system/41.labor-management/05.work-record	overview	/data/data/com.termux/files/home/02.ERP-system/41.labor-management/05.work-record/920.meta/OVERVIEW.md	/data/data/com.termux/files/home/02.ERP-system/41.labor-management/05.work-record/920.meta/OVERVIEW.md	exists	overview already exists
/data/data/com.termux/files/home/02.ERP-system/42.payroll	dir	/data/data/com.termux/files/home/02.ERP-system/42.payroll/010.constitution	/data/data/com.termux/files/home/02.ERP-system/42.payroll/010.constitution	exists	directory already exists
/data/data/com.termux/files/home/02.ERP-system/42.payroll	dir	/data/data/com.termux/files/home/02.ERP-system/42.payroll/020.architecture	/data/data/com.termux/files/home/02.ERP-system/42.payroll/020.architecture	exists	directory already exists
/data/data/com.termux/files/home/02.ERP-system/42.payroll	dir	/data/data/com.termux/files/home/02.ERP-system/42.payroll/030.model	/data/data/com.termux/files/home/02.ERP-system/42.payroll/030.model	exists	directory already exists
/data/data/com.termux/files/home/02.ERP-system/42.payroll	dir	/data/data/com.termux/files/home/02.ERP-system/42.payroll/050.flow	/data/data/com.termux/files/home/02.ERP-system/42.payroll/050.flow	exists	directory already exists
/data/data/com.termux/files/home/02.ERP-system/42.payroll	dir	/data/data/com.termux/files/home/02.ERP-system/42.payroll/060.integration	/data/data/com.termux/files/home/02.ERP-system/42.payroll/060.integration	exists	directory already exists
/data/data/com.termux/files/home/02.ERP-system/42.payroll	dir	/data/data/com.termux/files/home/02.ERP-system/42.payroll/070.operations	/data/data/com.termux/files/home/02.ERP-system/42.payroll/070.operations	exists	directory already exists
/data/data/com.termux/files/home/02.ERP-system/42.payroll	dir	/data/data/com.termux/files/home/02.ERP-system/42.payroll/080.policy	/data/data/com.termux/files/home/02.ERP-system/42.payroll/080.policy	exists	directory already exists
/data/data/com.termux/files/home/02.ERP-system/42.payroll	dir	/data/data/com.termux/files/home/02.ERP-system/42.payroll/100.security	/data/data/com.termux/files/home/02.ERP-system/42.payroll/100.security	exists	directory already exists
/data/data/com.termux/files/home/02.ERP-system/42.payroll	dir	/data/data/com.termux/files/home/02.ERP-system/42.payroll/110.infrastructure	/data/data/com.termux/files/home/02.ERP-system/42.payroll/110.infrastructure	exists	directory already exists
/data/data/com.termux/files/home/02.ERP-system/42.payroll	dir	/data/data/com.termux/files/home/02.ERP-system/42.payroll/120.implementation	/data/data/com.termux/files/home/02.ERP-system/42.payroll/120.implementation	exists	directory already exists
/data/data/com.termux/files/home/02.ERP-system/42.payroll	dir	/data/data/com.termux/files/home/02.ERP-system/42.payroll/130.development	/data/data/com.termux/files/home/02.ERP-system/42.payroll/130.development	exists	directory already exists
/data/data/com.termux/files/home/02.ERP-system/42.payroll	dir	/data/data/com.termux/files/home/02.ERP-system/42.payroll/900.meta	/data/data/com.termux/files/home/02.ERP-system/42.payroll/900.meta	exists	directory already exists
/data/data/com.termux/files/home/02.ERP-system/42.payroll	dir	/data/data/com.termux/files/home/02.ERP-system/42.payroll/920.meta	/data/data/com.termux/files/home/02.ERP-system/42.payroll/920.meta	exists	directory already exists
/data/data/com.termux/files/home/02.ERP-system/42.payroll	index	/data/data/com.termux/files/home/02.ERP-system/42.payroll/INDEX.md	/data/data/com.termux/files/home/02.ERP-system/42.payroll/INDEX.md	exists	index already exists
/data/data/com.termux/files/home/02.ERP-system/42.payroll	overview	/data/data/com.termux/files/home/02.ERP-system/42.payroll/OVERVIEW.md	/data/data/com.termux/files/home/02.ERP-system/42.payroll/OVERVIEW.md	exists	overview already exists
/data/data/com.termux/files/home/02.ERP-system/42.payroll	dir	/data/data/com.termux/files/home/02.ERP-system/42.payroll/010.constitution	/data/data/com.termux/files/home/02.ERP-system/42.payroll/010.constitution	exists	directory already exists
/data/data/com.termux/files/home/02.ERP-system/42.payroll	index	/data/data/com.termux/files/home/02.ERP-system/42.payroll/010.constitution/INDEX.md	/data/data/com.termux/files/home/02.ERP-system/42.payroll/010.constitution/INDEX.md	exists	index already exists
/data/data/com.termux/files/home/02.ERP-system/42.payroll	overview	/data/data/com.termux/files/home/02.ERP-system/42.payroll/010.constitution/OVERVIEW.md	/data/data/com.termux/files/home/02.ERP-system/42.payroll/010.constitution/OVERVIEW.md	exists	overview already exists
/data/data/com.termux/files/home/02.ERP-system/42.payroll	dir	/data/data/com.termux/files/home/02.ERP-system/42.payroll/020.architecture	/data/data/com.termux/files/home/02.ERP-system/42.payroll/020.architecture	exists	directory already exists
/data/data/com.termux/files/home/02.ERP-system/42.payroll	index	/data/data/com.termux/files/home/02.ERP-system/42.payroll/020.architecture/INDEX.md	/data/data/com.termux/files/home/02.ERP-system/42.payroll/020.architecture/INDEX.md	exists	index already exists
/data/data/com.termux/files/home/02.ERP-system/42.payroll	overview	/data/data/com.termux/files/home/02.ERP-system/42.payroll/020.architecture/OVERVIEW.md	/data/data/com.termux/files/home/02.ERP-system/42.payroll/020.architecture/OVERVIEW.md	exists	overview already exists
/data/data/com.termux/files/home/02.ERP-system/42.payroll	dir	/data/data/com.termux/files/home/02.ERP-system/42.payroll/030.model	/data/data/com.termux/files/home/02.ERP-system/42.payroll/030.model	exists	directory already exists
/data/data/com.termux/files/home/02.ERP-system/42.payroll	index	/data/data/com.termux/files/home/02.ERP-system/42.payroll/030.model/INDEX.md	/data/data/com.termux/files/home/02.ERP-system/42.payroll/030.model/INDEX.md	exists	index already exists
/data/data/com.termux/files/home/02.ERP-system/42.payroll	overview	/data/data/com.termux/files/home/02.ERP-system/42.payroll/030.model/OVERVIEW.md	/data/data/com.termux/files/home/02.ERP-system/42.payroll/030.model/OVERVIEW.md	exists	overview already exists
/data/data/com.termux/files/home/02.ERP-system/42.payroll	dir	/data/data/com.termux/files/home/02.ERP-system/42.payroll/050.flow	/data/data/com.termux/files/home/02.ERP-system/42.payroll/050.flow	exists	directory already exists
/data/data/com.termux/files/home/02.ERP-system/42.payroll	index	/data/data/com.termux/files/home/02.ERP-system/42.payroll/050.flow/INDEX.md	/data/data/com.termux/files/home/02.ERP-system/42.payroll/050.flow/INDEX.md	exists	index already exists
/data/data/com.termux/files/home/02.ERP-system/42.payroll	overview	/data/data/com.termux/files/home/02.ERP-system/42.payroll/050.flow/OVERVIEW.md	/data/data/com.termux/files/home/02.ERP-system/42.payroll/050.flow/OVERVIEW.md	exists	overview already exists
/data/data/com.termux/files/home/02.ERP-system/42.payroll	dir	/data/data/com.termux/files/home/02.ERP-system/42.payroll/060.integration	/data/data/com.termux/files/home/02.ERP-system/42.payroll/060.integration	exists	directory already exists
/data/data/com.termux/files/home/02.ERP-system/42.payroll	index	/data/data/com.termux/files/home/02.ERP-system/42.payroll/060.integration/INDEX.md	/data/data/com.termux/files/home/02.ERP-system/42.payroll/060.integration/INDEX.md	exists	index already exists
/data/data/com.termux/files/home/02.ERP-system/42.payroll	overview	/data/data/com.termux/files/home/02.ERP-system/42.payroll/060.integration/OVERVIEW.md	/data/data/com.termux/files/home/02.ERP-system/42.payroll/060.integration/OVERVIEW.md	exists	overview already exists
/data/data/com.termux/files/home/02.ERP-system/42.payroll	dir	/data/data/com.termux/files/home/02.ERP-system/42.payroll/070.operations	/data/data/com.termux/files/home/02.ERP-system/42.payroll/070.operations	exists	directory already exists
/data/data/com.termux/files/home/02.ERP-system/42.payroll	index	/data/data/com.termux/files/home/02.ERP-system/42.payroll/070.operations/INDEX.md	/data/data/com.termux/files/home/02.ERP-system/42.payroll/070.operations/INDEX.md	exists	index already exists
/data/data/com.termux/files/home/02.ERP-system/42.payroll	overview	/data/data/com.termux/files/home/02.ERP-system/42.payroll/070.operations/OVERVIEW.md	/data/data/com.termux/files/home/02.ERP-system/42.payroll/070.operations/OVERVIEW.md	exists	overview already exists
/data/data/com.termux/files/home/02.ERP-system/42.payroll	dir	/data/data/com.termux/files/home/02.ERP-system/42.payroll/080.policy	/data/data/com.termux/files/home/02.ERP-system/42.payroll/080.policy	exists	directory already exists
/data/data/com.termux/files/home/02.ERP-system/42.payroll	index	/data/data/com.termux/files/home/02.ERP-system/42.payroll/080.policy/INDEX.md	/data/data/com.termux/files/home/02.ERP-system/42.payroll/080.policy/INDEX.md	exists	index already exists
/data/data/com.termux/files/home/02.ERP-system/42.payroll	overview	/data/data/com.termux/files/home/02.ERP-system/42.payroll/080.policy/OVERVIEW.md	/data/data/com.termux/files/home/02.ERP-system/42.payroll/080.policy/OVERVIEW.md	exists	overview already exists
/data/data/com.termux/files/home/02.ERP-system/42.payroll	dir	/data/data/com.termux/files/home/02.ERP-system/42.payroll/100.security	/data/data/com.termux/files/home/02.ERP-system/42.payroll/100.security	exists	directory already exists
/data/data/com.termux/files/home/02.ERP-system/42.payroll	index	/data/data/com.termux/files/home/02.ERP-system/42.payroll/100.security/INDEX.md	/data/data/com.termux/files/home/02.ERP-system/42.payroll/100.security/INDEX.md	exists	index already exists
/data/data/com.termux/files/home/02.ERP-system/42.payroll	overview	/data/data/com.termux/files/home/02.ERP-system/42.payroll/100.security/OVERVIEW.md	/data/data/com.termux/files/home/02.ERP-system/42.payroll/100.security/OVERVIEW.md	exists	overview already exists
/data/data/com.termux/files/home/02.ERP-system/42.payroll	dir	/data/data/com.termux/files/home/02.ERP-system/42.payroll/110.infrastructure	/data/data/com.termux/files/home/02.ERP-system/42.payroll/110.infrastructure	exists	directory already exists
/data/data/com.termux/files/home/02.ERP-system/42.payroll	index	/data/data/com.termux/files/home/02.ERP-system/42.payroll/110.infrastructure/INDEX.md	/data/data/com.termux/files/home/02.ERP-system/42.payroll/110.infrastructure/INDEX.md	exists	index already exists
/data/data/com.termux/files/home/02.ERP-system/42.payroll	overview	/data/data/com.termux/files/home/02.ERP-system/42.payroll/110.infrastructure/OVERVIEW.md	/data/data/com.termux/files/home/02.ERP-system/42.payroll/110.infrastructure/OVERVIEW.md	exists	overview already exists
/data/data/com.termux/files/home/02.ERP-system/42.payroll	dir	/data/data/com.termux/files/home/02.ERP-system/42.payroll/120.implementation	/data/data/com.termux/files/home/02.ERP-system/42.payroll/120.implementation	exists	directory already exists
/data/data/com.termux/files/home/02.ERP-system/42.payroll	index	/data/data/com.termux/files/home/02.ERP-system/42.payroll/120.implementation/INDEX.md	/data/data/com.termux/files/home/02.ERP-system/42.payroll/120.implementation/INDEX.md	exists	index already exists
/data/data/com.termux/files/home/02.ERP-system/42.payroll	overview	/data/data/com.termux/files/home/02.ERP-system/42.payroll/120.implementation/OVERVIEW.md	/data/data/com.termux/files/home/02.ERP-system/42.payroll/120.implementation/OVERVIEW.md	exists	overview already exists
/data/data/com.termux/files/home/02.ERP-system/42.payroll	dir	/data/data/com.termux/files/home/02.ERP-system/42.payroll/130.development	/data/data/com.termux/files/home/02.ERP-system/42.payroll/130.development	exists	directory already exists
/data/data/com.termux/files/home/02.ERP-system/42.payroll	index	/data/data/com.termux/files/home/02.ERP-system/42.payroll/130.development/INDEX.md	/data/data/com.termux/files/home/02.ERP-system/42.payroll/130.development/INDEX.md	exists	index already exists
/data/data/com.termux/files/home/02.ERP-system/42.payroll	overview	/data/data/com.termux/files/home/02.ERP-system/42.payroll/130.development/OVERVIEW.md	/data/data/com.termux/files/home/02.ERP-system/42.payroll/130.development/OVERVIEW.md	exists	overview already exists
/data/data/com.termux/files/home/02.ERP-system/42.payroll	dir	/data/data/com.termux/files/home/02.ERP-system/42.payroll/900.meta	/data/data/com.termux/files/home/02.ERP-system/42.payroll/900.meta	exists	directory already exists
/data/data/com.termux/files/home/02.ERP-system/42.payroll	index	/data/data/com.termux/files/home/02.ERP-system/42.payroll/900.meta/INDEX.md	/data/data/com.termux/files/home/02.ERP-system/42.payroll/900.meta/INDEX.md	exists	index already exists
/data/data/com.termux/files/home/02.ERP-system/42.payroll	overview	/data/data/com.termux/files/home/02.ERP-system/42.payroll/900.meta/OVERVIEW.md	/data/data/com.termux/files/home/02.ERP-system/42.payroll/900.meta/OVERVIEW.md	exists	overview already exists
/data/data/com.termux/files/home/02.ERP-system/42.payroll	dir	/data/data/com.termux/files/home/02.ERP-system/42.payroll/920.meta	/data/data/com.termux/files/home/02.ERP-system/42.payroll/920.meta	exists	directory already exists
/data/data/com.termux/files/home/02.ERP-system/42.payroll	index	/data/data/com.termux/files/home/02.ERP-system/42.payroll/920.meta/INDEX.md	/data/data/com.termux/files/home/02.ERP-system/42.payroll/920.meta/INDEX.md	exists	index already exists
/data/data/com.termux/files/home/02.ERP-system/42.payroll	overview	/data/data/com.termux/files/home/02.ERP-system/42.payroll/920.meta/OVERVIEW.md	/data/data/com.termux/files/home/02.ERP-system/42.payroll/920.meta/OVERVIEW.md	exists	overview already exists
/data/data/com.termux/files/home/02.ERP-system/50.approval	archive_payload	/data/data/com.termux/files/home/02.ERP-system/50.approval/020.architecture/081_ERP_APPROVAL_ENGINE_ARCHITECTURE.md	/data/data/com.termux/files/home/02.ERP-system/99.archive/20260422_224743/module-design-reset/50.approval/020.architecture/081_ERP_APPROVAL_ENGINE_ARCHITECTURE.md	moved	module payload archived during reset
/data/data/com.termux/files/home/02.ERP-system/50.approval	archive_payload	/data/data/com.termux/files/home/02.ERP-system/50.approval/120.implementation/083_ERP_APPROVAL_EXECUTION_MAPPING.md	/data/data/com.termux/files/home/02.ERP-system/99.archive/20260422_224743/module-design-reset/50.approval/120.implementation/083_ERP_APPROVAL_EXECUTION_MAPPING.md	moved	module payload archived during reset
/data/data/com.termux/files/home/02.ERP-system/50.approval	dir	/data/data/com.termux/files/home/02.ERP-system/50.approval/010.constitution	/data/data/com.termux/files/home/02.ERP-system/50.approval/010.constitution	exists	directory already exists
/data/data/com.termux/files/home/02.ERP-system/50.approval	dir	/data/data/com.termux/files/home/02.ERP-system/50.approval/020.architecture	/data/data/com.termux/files/home/02.ERP-system/50.approval/020.architecture	exists	directory already exists
/data/data/com.termux/files/home/02.ERP-system/50.approval	dir	/data/data/com.termux/files/home/02.ERP-system/50.approval/030.model	/data/data/com.termux/files/home/02.ERP-system/50.approval/030.model	exists	directory already exists
/data/data/com.termux/files/home/02.ERP-system/50.approval	dir	/data/data/com.termux/files/home/02.ERP-system/50.approval/050.flow	/data/data/com.termux/files/home/02.ERP-system/50.approval/050.flow	exists	directory already exists
/data/data/com.termux/files/home/02.ERP-system/50.approval	dir	/data/data/com.termux/files/home/02.ERP-system/50.approval/060.integration	/data/data/com.termux/files/home/02.ERP-system/50.approval/060.integration	exists	directory already exists
/data/data/com.termux/files/home/02.ERP-system/50.approval	dir	/data/data/com.termux/files/home/02.ERP-system/50.approval/070.operations	/data/data/com.termux/files/home/02.ERP-system/50.approval/070.operations	exists	directory already exists
/data/data/com.termux/files/home/02.ERP-system/50.approval	dir	/data/data/com.termux/files/home/02.ERP-system/50.approval/080.policy	/data/data/com.termux/files/home/02.ERP-system/50.approval/080.policy	exists	directory already exists
/data/data/com.termux/files/home/02.ERP-system/50.approval	dir	/data/data/com.termux/files/home/02.ERP-system/50.approval/100.security	/data/data/com.termux/files/home/02.ERP-system/50.approval/100.security	exists	directory already exists
/data/data/com.termux/files/home/02.ERP-system/50.approval	dir	/data/data/com.termux/files/home/02.ERP-system/50.approval/110.infrastructure	/data/data/com.termux/files/home/02.ERP-system/50.approval/110.infrastructure	exists	directory already exists
/data/data/com.termux/files/home/02.ERP-system/50.approval	dir	/data/data/com.termux/files/home/02.ERP-system/50.approval/120.implementation	/data/data/com.termux/files/home/02.ERP-system/50.approval/120.implementation	exists	directory already exists
/data/data/com.termux/files/home/02.ERP-system/50.approval	dir	/data/data/com.termux/files/home/02.ERP-system/50.approval/130.development	/data/data/com.termux/files/home/02.ERP-system/50.approval/130.development	exists	directory already exists
/data/data/com.termux/files/home/02.ERP-system/50.approval	dir	/data/data/com.termux/files/home/02.ERP-system/50.approval/900.meta	/data/data/com.termux/files/home/02.ERP-system/50.approval/900.meta	exists	directory already exists
/data/data/com.termux/files/home/02.ERP-system/50.approval	dir	/data/data/com.termux/files/home/02.ERP-system/50.approval/920.meta	/data/data/com.termux/files/home/02.ERP-system/50.approval/920.meta	exists	directory already exists
/data/data/com.termux/files/home/02.ERP-system/50.approval	index	/data/data/com.termux/files/home/02.ERP-system/50.approval/INDEX.md	/data/data/com.termux/files/home/02.ERP-system/50.approval/INDEX.md	exists	index already exists
/data/data/com.termux/files/home/02.ERP-system/50.approval	overview	/data/data/com.termux/files/home/02.ERP-system/50.approval/OVERVIEW.md	/data/data/com.termux/files/home/02.ERP-system/50.approval/OVERVIEW.md	exists	overview already exists
/data/data/com.termux/files/home/02.ERP-system/50.approval	dir	/data/data/com.termux/files/home/02.ERP-system/50.approval/010.constitution	/data/data/com.termux/files/home/02.ERP-system/50.approval/010.constitution	exists	directory already exists
/data/data/com.termux/files/home/02.ERP-system/50.approval	index	/data/data/com.termux/files/home/02.ERP-system/50.approval/010.constitution/INDEX.md	/data/data/com.termux/files/home/02.ERP-system/50.approval/010.constitution/INDEX.md	exists	index already exists
/data/data/com.termux/files/home/02.ERP-system/50.approval	overview	/data/data/com.termux/files/home/02.ERP-system/50.approval/010.constitution/OVERVIEW.md	/data/data/com.termux/files/home/02.ERP-system/50.approval/010.constitution/OVERVIEW.md	exists	overview already exists
/data/data/com.termux/files/home/02.ERP-system/50.approval	dir	/data/data/com.termux/files/home/02.ERP-system/50.approval/020.architecture	/data/data/com.termux/files/home/02.ERP-system/50.approval/020.architecture	exists	directory already exists
/data/data/com.termux/files/home/02.ERP-system/50.approval	index	/data/data/com.termux/files/home/02.ERP-system/50.approval/020.architecture/INDEX.md	/data/data/com.termux/files/home/02.ERP-system/50.approval/020.architecture/INDEX.md	exists	index already exists
/data/data/com.termux/files/home/02.ERP-system/50.approval	overview	/data/data/com.termux/files/home/02.ERP-system/50.approval/020.architecture/OVERVIEW.md	/data/data/com.termux/files/home/02.ERP-system/50.approval/020.architecture/OVERVIEW.md	exists	overview already exists
/data/data/com.termux/files/home/02.ERP-system/50.approval	dir	/data/data/com.termux/files/home/02.ERP-system/50.approval/030.model	/data/data/com.termux/files/home/02.ERP-system/50.approval/030.model	exists	directory already exists
/data/data/com.termux/files/home/02.ERP-system/50.approval	index	/data/data/com.termux/files/home/02.ERP-system/50.approval/030.model/INDEX.md	/data/data/com.termux/files/home/02.ERP-system/50.approval/030.model/INDEX.md	exists	index already exists
/data/data/com.termux/files/home/02.ERP-system/50.approval	overview	/data/data/com.termux/files/home/02.ERP-system/50.approval/030.model/OVERVIEW.md	/data/data/com.termux/files/home/02.ERP-system/50.approval/030.model/OVERVIEW.md	exists	overview already exists
/data/data/com.termux/files/home/02.ERP-system/50.approval	dir	/data/data/com.termux/files/home/02.ERP-system/50.approval/050.flow	/data/data/com.termux/files/home/02.ERP-system/50.approval/050.flow	exists	directory already exists
/data/data/com.termux/files/home/02.ERP-system/50.approval	index	/data/data/com.termux/files/home/02.ERP-system/50.approval/050.flow/INDEX.md	/data/data/com.termux/files/home/02.ERP-system/50.approval/050.flow/INDEX.md	exists	index already exists
/data/data/com.termux/files/home/02.ERP-system/50.approval	overview	/data/data/com.termux/files/home/02.ERP-system/50.approval/050.flow/OVERVIEW.md	/data/data/com.termux/files/home/02.ERP-system/50.approval/050.flow/OVERVIEW.md	exists	overview already exists
/data/data/com.termux/files/home/02.ERP-system/50.approval	dir	/data/data/com.termux/files/home/02.ERP-system/50.approval/060.integration	/data/data/com.termux/files/home/02.ERP-system/50.approval/060.integration	exists	directory already exists
/data/data/com.termux/files/home/02.ERP-system/50.approval	index	/data/data/com.termux/files/home/02.ERP-system/50.approval/060.integration/INDEX.md	/data/data/com.termux/files/home/02.ERP-system/50.approval/060.integration/INDEX.md	exists	index already exists
/data/data/com.termux/files/home/02.ERP-system/50.approval	overview	/data/data/com.termux/files/home/02.ERP-system/50.approval/060.integration/OVERVIEW.md	/data/data/com.termux/files/home/02.ERP-system/50.approval/060.integration/OVERVIEW.md	exists	overview already exists
/data/data/com.termux/files/home/02.ERP-system/50.approval	dir	/data/data/com.termux/files/home/02.ERP-system/50.approval/070.operations	/data/data/com.termux/files/home/02.ERP-system/50.approval/070.operations	exists	directory already exists
/data/data/com.termux/files/home/02.ERP-system/50.approval	index	/data/data/com.termux/files/home/02.ERP-system/50.approval/070.operations/INDEX.md	/data/data/com.termux/files/home/02.ERP-system/50.approval/070.operations/INDEX.md	exists	index already exists
/data/data/com.termux/files/home/02.ERP-system/50.approval	overview	/data/data/com.termux/files/home/02.ERP-system/50.approval/070.operations/OVERVIEW.md	/data/data/com.termux/files/home/02.ERP-system/50.approval/070.operations/OVERVIEW.md	exists	overview already exists
/data/data/com.termux/files/home/02.ERP-system/50.approval	dir	/data/data/com.termux/files/home/02.ERP-system/50.approval/080.policy	/data/data/com.termux/files/home/02.ERP-system/50.approval/080.policy	exists	directory already exists
/data/data/com.termux/files/home/02.ERP-system/50.approval	index	/data/data/com.termux/files/home/02.ERP-system/50.approval/080.policy/INDEX.md	/data/data/com.termux/files/home/02.ERP-system/50.approval/080.policy/INDEX.md	exists	index already exists
/data/data/com.termux/files/home/02.ERP-system/50.approval	overview	/data/data/com.termux/files/home/02.ERP-system/50.approval/080.policy/OVERVIEW.md	/data/data/com.termux/files/home/02.ERP-system/50.approval/080.policy/OVERVIEW.md	exists	overview already exists
/data/data/com.termux/files/home/02.ERP-system/50.approval	dir	/data/data/com.termux/files/home/02.ERP-system/50.approval/100.security	/data/data/com.termux/files/home/02.ERP-system/50.approval/100.security	exists	directory already exists
/data/data/com.termux/files/home/02.ERP-system/50.approval	index	/data/data/com.termux/files/home/02.ERP-system/50.approval/100.security/INDEX.md	/data/data/com.termux/files/home/02.ERP-system/50.approval/100.security/INDEX.md	exists	index already exists
/data/data/com.termux/files/home/02.ERP-system/50.approval	overview	/data/data/com.termux/files/home/02.ERP-system/50.approval/100.security/OVERVIEW.md	/data/data/com.termux/files/home/02.ERP-system/50.approval/100.security/OVERVIEW.md	exists	overview already exists
/data/data/com.termux/files/home/02.ERP-system/50.approval	dir	/data/data/com.termux/files/home/02.ERP-system/50.approval/110.infrastructure	/data/data/com.termux/files/home/02.ERP-system/50.approval/110.infrastructure	exists	directory already exists
/data/data/com.termux/files/home/02.ERP-system/50.approval	index	/data/data/com.termux/files/home/02.ERP-system/50.approval/110.infrastructure/INDEX.md	/data/data/com.termux/files/home/02.ERP-system/50.approval/110.infrastructure/INDEX.md	exists	index already exists
/data/data/com.termux/files/home/02.ERP-system/50.approval	overview	/data/data/com.termux/files/home/02.ERP-system/50.approval/110.infrastructure/OVERVIEW.md	/data/data/com.termux/files/home/02.ERP-system/50.approval/110.infrastructure/OVERVIEW.md	exists	overview already exists
/data/data/com.termux/files/home/02.ERP-system/50.approval	dir	/data/data/com.termux/files/home/02.ERP-system/50.approval/120.implementation	/data/data/com.termux/files/home/02.ERP-system/50.approval/120.implementation	exists	directory already exists
/data/data/com.termux/files/home/02.ERP-system/50.approval	index	/data/data/com.termux/files/home/02.ERP-system/50.approval/120.implementation/INDEX.md	/data/data/com.termux/files/home/02.ERP-system/50.approval/120.implementation/INDEX.md	exists	index already exists
/data/data/com.termux/files/home/02.ERP-system/50.approval	overview	/data/data/com.termux/files/home/02.ERP-system/50.approval/120.implementation/OVERVIEW.md	/data/data/com.termux/files/home/02.ERP-system/50.approval/120.implementation/OVERVIEW.md	exists	overview already exists
/data/data/com.termux/files/home/02.ERP-system/50.approval	dir	/data/data/com.termux/files/home/02.ERP-system/50.approval/130.development	/data/data/com.termux/files/home/02.ERP-system/50.approval/130.development	exists	directory already exists
/data/data/com.termux/files/home/02.ERP-system/50.approval	index	/data/data/com.termux/files/home/02.ERP-system/50.approval/130.development/INDEX.md	/data/data/com.termux/files/home/02.ERP-system/50.approval/130.development/INDEX.md	exists	index already exists
/data/data/com.termux/files/home/02.ERP-system/50.approval	overview	/data/data/com.termux/files/home/02.ERP-system/50.approval/130.development/OVERVIEW.md	/data/data/com.termux/files/home/02.ERP-system/50.approval/130.development/OVERVIEW.md	exists	overview already exists
/data/data/com.termux/files/home/02.ERP-system/50.approval	dir	/data/data/com.termux/files/home/02.ERP-system/50.approval/900.meta	/data/data/com.termux/files/home/02.ERP-system/50.approval/900.meta	exists	directory already exists
/data/data/com.termux/files/home/02.ERP-system/50.approval	index	/data/data/com.termux/files/home/02.ERP-system/50.approval/900.meta/INDEX.md	/data/data/com.termux/files/home/02.ERP-system/50.approval/900.meta/INDEX.md	exists	index already exists
/data/data/com.termux/files/home/02.ERP-system/50.approval	overview	/data/data/com.termux/files/home/02.ERP-system/50.approval/900.meta/OVERVIEW.md	/data/data/com.termux/files/home/02.ERP-system/50.approval/900.meta/OVERVIEW.md	exists	overview already exists
/data/data/com.termux/files/home/02.ERP-system/50.approval	dir	/data/data/com.termux/files/home/02.ERP-system/50.approval/920.meta	/data/data/com.termux/files/home/02.ERP-system/50.approval/920.meta	exists	directory already exists
/data/data/com.termux/files/home/02.ERP-system/50.approval	index	/data/data/com.termux/files/home/02.ERP-system/50.approval/920.meta/INDEX.md	/data/data/com.termux/files/home/02.ERP-system/50.approval/920.meta/INDEX.md	exists	index already exists
/data/data/com.termux/files/home/02.ERP-system/50.approval	overview	/data/data/com.termux/files/home/02.ERP-system/50.approval/920.meta/OVERVIEW.md	/data/data/com.termux/files/home/02.ERP-system/50.approval/920.meta/OVERVIEW.md	exists	overview already exists
/data/data/com.termux/files/home/02.ERP-system/51.audit	archive_payload	/data/data/com.termux/files/home/02.ERP-system/51.audit/020.architecture/024_AUDIT_ARCHITECTURE.md	/data/data/com.termux/files/home/02.ERP-system/99.archive/20260422_224743/module-design-reset/51.audit/020.architecture/024_AUDIT_ARCHITECTURE.md	moved	module payload archived during reset
/data/data/com.termux/files/home/02.ERP-system/51.audit	archive_payload	/data/data/com.termux/files/home/02.ERP-system/51.audit/020.architecture/090_AUDIT_ARCHITECTURE.md	/data/data/com.termux/files/home/02.ERP-system/99.archive/20260422_224743/module-design-reset/51.audit/020.architecture/090_AUDIT_ARCHITECTURE.md	moved	module payload archived during reset
/data/data/com.termux/files/home/02.ERP-system/51.audit	archive_payload	/data/data/com.termux/files/home/02.ERP-system/51.audit/020.architecture/091_GOVERNANCE_ARCHITECTURE.md	/data/data/com.termux/files/home/02.ERP-system/99.archive/20260422_224743/module-design-reset/51.audit/020.architecture/091_GOVERNANCE_ARCHITECTURE.md	moved	module payload archived during reset
/data/data/com.termux/files/home/02.ERP-system/51.audit	archive_payload	/data/data/com.termux/files/home/02.ERP-system/51.audit/020.architecture/1191_ERP_COMMON_ERROR_AND_AUDIT_CONTEXT_BASELINE.md	/data/data/com.termux/files/home/02.ERP-system/99.archive/20260422_224743/module-design-reset/51.audit/020.architecture/1191_ERP_COMMON_ERROR_AND_AUDIT_CONTEXT_BASELINE.md	moved	module payload archived during reset
/data/data/com.termux/files/home/02.ERP-system/51.audit	archive_payload	/data/data/com.termux/files/home/02.ERP-system/51.audit/020.architecture/1193_ERP_BASE_LAYER_PERMISSION_AUDIT_NAVIGATION_CURRENT_STATE.md	/data/data/com.termux/files/home/02.ERP-system/99.archive/20260422_224743/module-design-reset/51.audit/020.architecture/1193_ERP_BASE_LAYER_PERMISSION_AUDIT_NAVIGATION_CURRENT_STATE.md	moved	module payload archived during reset
/data/data/com.termux/files/home/02.ERP-system/51.audit	archive_payload	/data/data/com.termux/files/home/02.ERP-system/51.audit/020.architecture/1194_ERP_PERMISSION_FAMILY_BASELINE.md	/data/data/com.termux/files/home/02.ERP-system/99.archive/20260422_224743/module-design-reset/51.audit/020.architecture/1194_ERP_PERMISSION_FAMILY_BASELINE.md	moved	module payload archived during reset
/data/data/com.termux/files/home/02.ERP-system/51.audit	archive_payload	/data/data/com.termux/files/home/02.ERP-system/51.audit/020.architecture/1195_ERP_AUDIT_SENSITIVE_ACTION_BASELINE.md	/data/data/com.termux/files/home/02.ERP-system/99.archive/20260422_224743/module-design-reset/51.audit/020.architecture/1195_ERP_AUDIT_SENSITIVE_ACTION_BASELINE.md	moved	module payload archived during reset
/data/data/com.termux/files/home/02.ERP-system/51.audit	archive_payload	/data/data/com.termux/files/home/02.ERP-system/51.audit/020.architecture/1196_ERP_INDEX_OVERVIEW_ROOT_LAYERING_RULE.md	/data/data/com.termux/files/home/02.ERP-system/99.archive/20260422_224743/module-design-reset/51.audit/020.architecture/1196_ERP_INDEX_OVERVIEW_ROOT_LAYERING_RULE.md	moved	module payload archived during reset
/data/data/com.termux/files/home/02.ERP-system/51.audit	archive_payload	/data/data/com.termux/files/home/02.ERP-system/51.audit/020.architecture/1197_ERP_CROSS_LAYER_DEPENDENCY_DECLARATION_RULE.md	/data/data/com.termux/files/home/02.ERP-system/99.archive/20260422_224743/module-design-reset/51.audit/020.architecture/1197_ERP_CROSS_LAYER_DEPENDENCY_DECLARATION_RULE.md	moved	module payload archived during reset
/data/data/com.termux/files/home/02.ERP-system/51.audit	archive_payload	/data/data/com.termux/files/home/02.ERP-system/51.audit/020.architecture/1198_ERP_BASE_LAYER_IMPLEMENTATION_READY_COMPLETION_JUDGMENT_CHECKLIST.md	/data/data/com.termux/files/home/02.ERP-system/99.archive/20260422_224743/module-design-reset/51.audit/020.architecture/1198_ERP_BASE_LAYER_IMPLEMENTATION_READY_COMPLETION_JUDGMENT_CHECKLIST.md	moved	module payload archived during reset
/data/data/com.termux/files/home/02.ERP-system/51.audit	archive_payload	/data/data/com.termux/files/home/02.ERP-system/51.audit/020.architecture/1199_ERP_BASE_LAYER_INTEGRATED_SUMMARY.md	/data/data/com.termux/files/home/02.ERP-system/99.archive/20260422_224743/module-design-reset/51.audit/020.architecture/1199_ERP_BASE_LAYER_INTEGRATED_SUMMARY.md	moved	module payload archived during reset
/data/data/com.termux/files/home/02.ERP-system/51.audit	archive_payload	/data/data/com.termux/files/home/02.ERP-system/51.audit/020.architecture/1200_ERP_BASE_LAYER_COMPLETION_NOTE.md	/data/data/com.termux/files/home/02.ERP-system/99.archive/20260422_224743/module-design-reset/51.audit/020.architecture/1200_ERP_BASE_LAYER_COMPLETION_NOTE.md	moved	module payload archived during reset
/data/data/com.termux/files/home/02.ERP-system/51.audit	archive_payload	/data/data/com.termux/files/home/02.ERP-system/51.audit/020.architecture/1201_ERP_BASE_LAYER_ROOT_PATCH.md	/data/data/com.termux/files/home/02.ERP-system/99.archive/20260422_224743/module-design-reset/51.audit/020.architecture/1201_ERP_BASE_LAYER_ROOT_PATCH.md	moved	module payload archived during reset
/data/data/com.termux/files/home/02.ERP-system/51.audit	archive_payload	/data/data/com.termux/files/home/02.ERP-system/51.audit/020.architecture/1204_ERP_BASE_LAYER_ROOT_NAVIGATION_RULE.md	/data/data/com.termux/files/home/02.ERP-system/99.archive/20260422_224743/module-design-reset/51.audit/020.architecture/1204_ERP_BASE_LAYER_ROOT_NAVIGATION_RULE.md	moved	module payload archived during reset
/data/data/com.termux/files/home/02.ERP-system/51.audit	archive_payload	/data/data/com.termux/files/home/02.ERP-system/51.audit/020.architecture/1231_ERP_BUSINESS_LAYER_PERMISSION_AND_AUDIT_COMPLETION_RULE.md	/data/data/com.termux/files/home/02.ERP-system/99.archive/20260422_224743/module-design-reset/51.audit/020.architecture/1231_ERP_BUSINESS_LAYER_PERMISSION_AND_AUDIT_COMPLETION_RULE.md	moved	module payload archived during reset
/data/data/com.termux/files/home/02.ERP-system/51.audit	archive_payload	/data/data/com.termux/files/home/02.ERP-system/51.audit/020.architecture/1260_ERP_GOVERNANCE_TO_AUDIT_VISIBILITY_RULE.md	/data/data/com.termux/files/home/02.ERP-system/99.archive/20260422_224743/module-design-reset/51.audit/020.architecture/1260_ERP_GOVERNANCE_TO_AUDIT_VISIBILITY_RULE.md	moved	module payload archived during reset
/data/data/com.termux/files/home/02.ERP-system/51.audit	archive_payload	/data/data/com.termux/files/home/02.ERP-system/51.audit/020.architecture/1267_ERP_MANAGEMENT_LAYER_PERMISSION_AND_AUDIT_COMPLETION_RULE.md	/data/data/com.termux/files/home/02.ERP-system/99.archive/20260422_224743/module-design-reset/51.audit/020.architecture/1267_ERP_MANAGEMENT_LAYER_PERMISSION_AND_AUDIT_COMPLETION_RULE.md	moved	module payload archived during reset
/data/data/com.termux/files/home/02.ERP-system/51.audit	archive_payload	/data/data/com.termux/files/home/02.ERP-system/51.audit/020.architecture/1292_ERP_AUDIT_SENSITIVE_ACTION_RECONCILIATION_RULE.md	/data/data/com.termux/files/home/02.ERP-system/99.archive/20260422_224743/module-design-reset/51.audit/020.architecture/1292_ERP_AUDIT_SENSITIVE_ACTION_RECONCILIATION_RULE.md	moved	module payload archived during reset
/data/data/com.termux/files/home/02.ERP-system/51.audit	archive_payload	/data/data/com.termux/files/home/02.ERP-system/51.audit/030.model/026_COMPLIANCE_AUDIT_MODEL.md	/data/data/com.termux/files/home/02.ERP-system/99.archive/20260422_224743/module-design-reset/51.audit/030.model/026_COMPLIANCE_AUDIT_MODEL.md	moved	module payload archived during reset
/data/data/com.termux/files/home/02.ERP-system/51.audit	archive_payload	/data/data/com.termux/files/home/02.ERP-system/51.audit/060.integration/1092_ERP_CROSS_OPTION_AUDIT_SENSITIVE_OVERRIDE_RULE.md	/data/data/com.termux/files/home/02.ERP-system/99.archive/20260422_224743/module-design-reset/51.audit/060.integration/1092_ERP_CROSS_OPTION_AUDIT_SENSITIVE_OVERRIDE_RULE.md	moved	module payload archived during reset
/data/data/com.termux/files/home/02.ERP-system/51.audit	archive_payload	/data/data/com.termux/files/home/02.ERP-system/51.audit/120.implementation/090_AUDIT_INDEX.md	/data/data/com.termux/files/home/02.ERP-system/99.archive/20260422_224743/module-design-reset/51.audit/120.implementation/090_AUDIT_INDEX.md	moved	module payload archived during reset
/data/data/com.termux/files/home/02.ERP-system/51.audit	dir	/data/data/com.termux/files/home/02.ERP-system/51.audit/010.constitution	/data/data/com.termux/files/home/02.ERP-system/51.audit/010.constitution	exists	directory already exists
/data/data/com.termux/files/home/02.ERP-system/51.audit	dir	/data/data/com.termux/files/home/02.ERP-system/51.audit/020.architecture	/data/data/com.termux/files/home/02.ERP-system/51.audit/020.architecture	exists	directory already exists
/data/data/com.termux/files/home/02.ERP-system/51.audit	dir	/data/data/com.termux/files/home/02.ERP-system/51.audit/030.model	/data/data/com.termux/files/home/02.ERP-system/51.audit/030.model	exists	directory already exists
/data/data/com.termux/files/home/02.ERP-system/51.audit	dir	/data/data/com.termux/files/home/02.ERP-system/51.audit/050.flow	/data/data/com.termux/files/home/02.ERP-system/51.audit/050.flow	exists	directory already exists
/data/data/com.termux/files/home/02.ERP-system/51.audit	dir	/data/data/com.termux/files/home/02.ERP-system/51.audit/060.integration	/data/data/com.termux/files/home/02.ERP-system/51.audit/060.integration	exists	directory already exists
/data/data/com.termux/files/home/02.ERP-system/51.audit	dir	/data/data/com.termux/files/home/02.ERP-system/51.audit/070.operations	/data/data/com.termux/files/home/02.ERP-system/51.audit/070.operations	exists	directory already exists
/data/data/com.termux/files/home/02.ERP-system/51.audit	dir	/data/data/com.termux/files/home/02.ERP-system/51.audit/080.policy	/data/data/com.termux/files/home/02.ERP-system/51.audit/080.policy	exists	directory already exists
/data/data/com.termux/files/home/02.ERP-system/51.audit	dir	/data/data/com.termux/files/home/02.ERP-system/51.audit/100.security	/data/data/com.termux/files/home/02.ERP-system/51.audit/100.security	exists	directory already exists
/data/data/com.termux/files/home/02.ERP-system/51.audit	dir	/data/data/com.termux/files/home/02.ERP-system/51.audit/110.infrastructure	/data/data/com.termux/files/home/02.ERP-system/51.audit/110.infrastructure	exists	directory already exists
/data/data/com.termux/files/home/02.ERP-system/51.audit	dir	/data/data/com.termux/files/home/02.ERP-system/51.audit/120.implementation	/data/data/com.termux/files/home/02.ERP-system/51.audit/120.implementation	exists	directory already exists
/data/data/com.termux/files/home/02.ERP-system/51.audit	dir	/data/data/com.termux/files/home/02.ERP-system/51.audit/130.development	/data/data/com.termux/files/home/02.ERP-system/51.audit/130.development	exists	directory already exists
/data/data/com.termux/files/home/02.ERP-system/51.audit	dir	/data/data/com.termux/files/home/02.ERP-system/51.audit/900.meta	/data/data/com.termux/files/home/02.ERP-system/51.audit/900.meta	exists	directory already exists
/data/data/com.termux/files/home/02.ERP-system/51.audit	dir	/data/data/com.termux/files/home/02.ERP-system/51.audit/920.meta	/data/data/com.termux/files/home/02.ERP-system/51.audit/920.meta	exists	directory already exists
/data/data/com.termux/files/home/02.ERP-system/51.audit	index	/data/data/com.termux/files/home/02.ERP-system/51.audit/INDEX.md	/data/data/com.termux/files/home/02.ERP-system/51.audit/INDEX.md	exists	index already exists
/data/data/com.termux/files/home/02.ERP-system/51.audit	overview	/data/data/com.termux/files/home/02.ERP-system/51.audit/OVERVIEW.md	/data/data/com.termux/files/home/02.ERP-system/51.audit/OVERVIEW.md	exists	overview already exists
/data/data/com.termux/files/home/02.ERP-system/51.audit	dir	/data/data/com.termux/files/home/02.ERP-system/51.audit/010.constitution	/data/data/com.termux/files/home/02.ERP-system/51.audit/010.constitution	exists	directory already exists
/data/data/com.termux/files/home/02.ERP-system/51.audit	index	/data/data/com.termux/files/home/02.ERP-system/51.audit/010.constitution/INDEX.md	/data/data/com.termux/files/home/02.ERP-system/51.audit/010.constitution/INDEX.md	exists	index already exists
/data/data/com.termux/files/home/02.ERP-system/51.audit	overview	/data/data/com.termux/files/home/02.ERP-system/51.audit/010.constitution/OVERVIEW.md	/data/data/com.termux/files/home/02.ERP-system/51.audit/010.constitution/OVERVIEW.md	exists	overview already exists
/data/data/com.termux/files/home/02.ERP-system/51.audit	dir	/data/data/com.termux/files/home/02.ERP-system/51.audit/020.architecture	/data/data/com.termux/files/home/02.ERP-system/51.audit/020.architecture	exists	directory already exists
/data/data/com.termux/files/home/02.ERP-system/51.audit	index	/data/data/com.termux/files/home/02.ERP-system/51.audit/020.architecture/INDEX.md	/data/data/com.termux/files/home/02.ERP-system/51.audit/020.architecture/INDEX.md	exists	index already exists
/data/data/com.termux/files/home/02.ERP-system/51.audit	overview	/data/data/com.termux/files/home/02.ERP-system/51.audit/020.architecture/OVERVIEW.md	/data/data/com.termux/files/home/02.ERP-system/51.audit/020.architecture/OVERVIEW.md	exists	overview already exists
/data/data/com.termux/files/home/02.ERP-system/51.audit	dir	/data/data/com.termux/files/home/02.ERP-system/51.audit/030.model	/data/data/com.termux/files/home/02.ERP-system/51.audit/030.model	exists	directory already exists
/data/data/com.termux/files/home/02.ERP-system/51.audit	index	/data/data/com.termux/files/home/02.ERP-system/51.audit/030.model/INDEX.md	/data/data/com.termux/files/home/02.ERP-system/51.audit/030.model/INDEX.md	exists	index already exists
/data/data/com.termux/files/home/02.ERP-system/51.audit	overview	/data/data/com.termux/files/home/02.ERP-system/51.audit/030.model/OVERVIEW.md	/data/data/com.termux/files/home/02.ERP-system/51.audit/030.model/OVERVIEW.md	exists	overview already exists
/data/data/com.termux/files/home/02.ERP-system/51.audit	dir	/data/data/com.termux/files/home/02.ERP-system/51.audit/050.flow	/data/data/com.termux/files/home/02.ERP-system/51.audit/050.flow	exists	directory already exists
/data/data/com.termux/files/home/02.ERP-system/51.audit	index	/data/data/com.termux/files/home/02.ERP-system/51.audit/050.flow/INDEX.md	/data/data/com.termux/files/home/02.ERP-system/51.audit/050.flow/INDEX.md	exists	index already exists
/data/data/com.termux/files/home/02.ERP-system/51.audit	overview	/data/data/com.termux/files/home/02.ERP-system/51.audit/050.flow/OVERVIEW.md	/data/data/com.termux/files/home/02.ERP-system/51.audit/050.flow/OVERVIEW.md	exists	overview already exists
/data/data/com.termux/files/home/02.ERP-system/51.audit	dir	/data/data/com.termux/files/home/02.ERP-system/51.audit/060.integration	/data/data/com.termux/files/home/02.ERP-system/51.audit/060.integration	exists	directory already exists
/data/data/com.termux/files/home/02.ERP-system/51.audit	index	/data/data/com.termux/files/home/02.ERP-system/51.audit/060.integration/INDEX.md	/data/data/com.termux/files/home/02.ERP-system/51.audit/060.integration/INDEX.md	exists	index already exists
/data/data/com.termux/files/home/02.ERP-system/51.audit	overview	/data/data/com.termux/files/home/02.ERP-system/51.audit/060.integration/OVERVIEW.md	/data/data/com.termux/files/home/02.ERP-system/51.audit/060.integration/OVERVIEW.md	exists	overview already exists
/data/data/com.termux/files/home/02.ERP-system/51.audit	dir	/data/data/com.termux/files/home/02.ERP-system/51.audit/070.operations	/data/data/com.termux/files/home/02.ERP-system/51.audit/070.operations	exists	directory already exists
/data/data/com.termux/files/home/02.ERP-system/51.audit	index	/data/data/com.termux/files/home/02.ERP-system/51.audit/070.operations/INDEX.md	/data/data/com.termux/files/home/02.ERP-system/51.audit/070.operations/INDEX.md	exists	index already exists
/data/data/com.termux/files/home/02.ERP-system/51.audit	overview	/data/data/com.termux/files/home/02.ERP-system/51.audit/070.operations/OVERVIEW.md	/data/data/com.termux/files/home/02.ERP-system/51.audit/070.operations/OVERVIEW.md	exists	overview already exists
/data/data/com.termux/files/home/02.ERP-system/51.audit	dir	/data/data/com.termux/files/home/02.ERP-system/51.audit/080.policy	/data/data/com.termux/files/home/02.ERP-system/51.audit/080.policy	exists	directory already exists
/data/data/com.termux/files/home/02.ERP-system/51.audit	index	/data/data/com.termux/files/home/02.ERP-system/51.audit/080.policy/INDEX.md	/data/data/com.termux/files/home/02.ERP-system/51.audit/080.policy/INDEX.md	exists	index already exists
/data/data/com.termux/files/home/02.ERP-system/51.audit	overview	/data/data/com.termux/files/home/02.ERP-system/51.audit/080.policy/OVERVIEW.md	/data/data/com.termux/files/home/02.ERP-system/51.audit/080.policy/OVERVIEW.md	exists	overview already exists
/data/data/com.termux/files/home/02.ERP-system/51.audit	dir	/data/data/com.termux/files/home/02.ERP-system/51.audit/100.security	/data/data/com.termux/files/home/02.ERP-system/51.audit/100.security	exists	directory already exists
/data/data/com.termux/files/home/02.ERP-system/51.audit	index	/data/data/com.termux/files/home/02.ERP-system/51.audit/100.security/INDEX.md	/data/data/com.termux/files/home/02.ERP-system/51.audit/100.security/INDEX.md	exists	index already exists
/data/data/com.termux/files/home/02.ERP-system/51.audit	overview	/data/data/com.termux/files/home/02.ERP-system/51.audit/100.security/OVERVIEW.md	/data/data/com.termux/files/home/02.ERP-system/51.audit/100.security/OVERVIEW.md	exists	overview already exists
/data/data/com.termux/files/home/02.ERP-system/51.audit	dir	/data/data/com.termux/files/home/02.ERP-system/51.audit/110.infrastructure	/data/data/com.termux/files/home/02.ERP-system/51.audit/110.infrastructure	exists	directory already exists
/data/data/com.termux/files/home/02.ERP-system/51.audit	index	/data/data/com.termux/files/home/02.ERP-system/51.audit/110.infrastructure/INDEX.md	/data/data/com.termux/files/home/02.ERP-system/51.audit/110.infrastructure/INDEX.md	exists	index already exists
/data/data/com.termux/files/home/02.ERP-system/51.audit	overview	/data/data/com.termux/files/home/02.ERP-system/51.audit/110.infrastructure/OVERVIEW.md	/data/data/com.termux/files/home/02.ERP-system/51.audit/110.infrastructure/OVERVIEW.md	exists	overview already exists
/data/data/com.termux/files/home/02.ERP-system/51.audit	dir	/data/data/com.termux/files/home/02.ERP-system/51.audit/120.implementation	/data/data/com.termux/files/home/02.ERP-system/51.audit/120.implementation	exists	directory already exists
/data/data/com.termux/files/home/02.ERP-system/51.audit	index	/data/data/com.termux/files/home/02.ERP-system/51.audit/120.implementation/INDEX.md	/data/data/com.termux/files/home/02.ERP-system/51.audit/120.implementation/INDEX.md	exists	index already exists
/data/data/com.termux/files/home/02.ERP-system/51.audit	overview	/data/data/com.termux/files/home/02.ERP-system/51.audit/120.implementation/OVERVIEW.md	/data/data/com.termux/files/home/02.ERP-system/51.audit/120.implementation/OVERVIEW.md	exists	overview already exists
/data/data/com.termux/files/home/02.ERP-system/51.audit	dir	/data/data/com.termux/files/home/02.ERP-system/51.audit/130.development	/data/data/com.termux/files/home/02.ERP-system/51.audit/130.development	exists	directory already exists
/data/data/com.termux/files/home/02.ERP-system/51.audit	index	/data/data/com.termux/files/home/02.ERP-system/51.audit/130.development/INDEX.md	/data/data/com.termux/files/home/02.ERP-system/51.audit/130.development/INDEX.md	exists	index already exists
/data/data/com.termux/files/home/02.ERP-system/51.audit	overview	/data/data/com.termux/files/home/02.ERP-system/51.audit/130.development/OVERVIEW.md	/data/data/com.termux/files/home/02.ERP-system/51.audit/130.development/OVERVIEW.md	exists	overview already exists
/data/data/com.termux/files/home/02.ERP-system/51.audit	dir	/data/data/com.termux/files/home/02.ERP-system/51.audit/900.meta	/data/data/com.termux/files/home/02.ERP-system/51.audit/900.meta	exists	directory already exists
/data/data/com.termux/files/home/02.ERP-system/51.audit	index	/data/data/com.termux/files/home/02.ERP-system/51.audit/900.meta/INDEX.md	/data/data/com.termux/files/home/02.ERP-system/51.audit/900.meta/INDEX.md	exists	index already exists
/data/data/com.termux/files/home/02.ERP-system/51.audit	overview	/data/data/com.termux/files/home/02.ERP-system/51.audit/900.meta/OVERVIEW.md	/data/data/com.termux/files/home/02.ERP-system/51.audit/900.meta/OVERVIEW.md	exists	overview already exists
/data/data/com.termux/files/home/02.ERP-system/51.audit	dir	/data/data/com.termux/files/home/02.ERP-system/51.audit/920.meta	/data/data/com.termux/files/home/02.ERP-system/51.audit/920.meta	exists	directory already exists
/data/data/com.termux/files/home/02.ERP-system/51.audit	index	/data/data/com.termux/files/home/02.ERP-system/51.audit/920.meta/INDEX.md	/data/data/com.termux/files/home/02.ERP-system/51.audit/920.meta/INDEX.md	exists	index already exists
/data/data/com.termux/files/home/02.ERP-system/51.audit	overview	/data/data/com.termux/files/home/02.ERP-system/51.audit/920.meta/OVERVIEW.md	/data/data/com.termux/files/home/02.ERP-system/51.audit/920.meta/OVERVIEW.md	exists	overview already exists
/data/data/com.termux/files/home/02.ERP-system/52.master-data	archive_payload	/data/data/com.termux/files/home/02.ERP-system/52.master-data/020.architecture/062_MASTER_DATA_ARCHITECTURE.md	/data/data/com.termux/files/home/02.ERP-system/99.archive/20260422_224743/module-design-reset/52.master-data/020.architecture/062_MASTER_DATA_ARCHITECTURE.md	moved	module payload archived during reset
/data/data/com.termux/files/home/02.ERP-system/52.master-data	archive_payload	/data/data/com.termux/files/home/02.ERP-system/52.master-data/020.architecture/1171_DESIGN_MASTER_INDEX_THREE_LAYER_INVENTORY_PATCH.md	/data/data/com.termux/files/home/02.ERP-system/99.archive/20260422_224743/module-design-reset/52.master-data/020.architecture/1171_DESIGN_MASTER_INDEX_THREE_LAYER_INVENTORY_PATCH.md	moved	module payload archived during reset
/data/data/com.termux/files/home/02.ERP-system/52.master-data	archive_payload	/data/data/com.termux/files/home/02.ERP-system/52.master-data/020.architecture/1202_DESIGN_MASTER_INDEX_BASE_LAYER_COMPLETION_PATCH.md	/data/data/com.termux/files/home/02.ERP-system/99.archive/20260422_224743/module-design-reset/52.master-data/020.architecture/1202_DESIGN_MASTER_INDEX_BASE_LAYER_COMPLETION_PATCH.md	moved	module payload archived during reset
/data/data/com.termux/files/home/02.ERP-system/52.master-data	archive_payload	/data/data/com.termux/files/home/02.ERP-system/52.master-data/020.architecture/1203_ERP_SYSTEM_MASTER_INDEX_BASE_LAYER_COMPLETION_PATCH.md	/data/data/com.termux/files/home/02.ERP-system/99.archive/20260422_224743/module-design-reset/52.master-data/020.architecture/1203_ERP_SYSTEM_MASTER_INDEX_BASE_LAYER_COMPLETION_PATCH.md	moved	module payload archived during reset
/data/data/com.termux/files/home/02.ERP-system/52.master-data	archive_payload	/data/data/com.termux/files/home/02.ERP-system/52.master-data/020.architecture/1237_DESIGN_MASTER_INDEX_BUSINESS_LAYER_COMPLETION_PATCH.md	/data/data/com.termux/files/home/02.ERP-system/99.archive/20260422_224743/module-design-reset/52.master-data/020.architecture/1237_DESIGN_MASTER_INDEX_BUSINESS_LAYER_COMPLETION_PATCH.md	moved	module payload archived during reset
/data/data/com.termux/files/home/02.ERP-system/52.master-data	archive_payload	/data/data/com.termux/files/home/02.ERP-system/52.master-data/020.architecture/1238_ERP_SYSTEM_MASTER_INDEX_BUSINESS_LAYER_COMPLETION_PATCH.md	/data/data/com.termux/files/home/02.ERP-system/99.archive/20260422_224743/module-design-reset/52.master-data/020.architecture/1238_ERP_SYSTEM_MASTER_INDEX_BUSINESS_LAYER_COMPLETION_PATCH.md	moved	module payload archived during reset
/data/data/com.termux/files/home/02.ERP-system/52.master-data	archive_payload	/data/data/com.termux/files/home/02.ERP-system/52.master-data/020.architecture/1305_DESIGN_MASTER_INDEX_CROSS_LAYER_RECONCILIATION_PATCH.md	/data/data/com.termux/files/home/02.ERP-system/99.archive/20260422_224743/module-design-reset/52.master-data/020.architecture/1305_DESIGN_MASTER_INDEX_CROSS_LAYER_RECONCILIATION_PATCH.md	moved	module payload archived during reset
/data/data/com.termux/files/home/02.ERP-system/52.master-data	archive_payload	/data/data/com.termux/files/home/02.ERP-system/52.master-data/020.architecture/1306_ERP_SYSTEM_MASTER_INDEX_CROSS_LAYER_RECONCILIATION_PATCH.md	/data/data/com.termux/files/home/02.ERP-system/99.archive/20260422_224743/module-design-reset/52.master-data/020.architecture/1306_ERP_SYSTEM_MASTER_INDEX_CROSS_LAYER_RECONCILIATION_PATCH.md	moved	module payload archived during reset
/data/data/com.termux/files/home/02.ERP-system/52.master-data	archive_payload	/data/data/com.termux/files/home/02.ERP-system/52.master-data/060.integration/1105_DESIGN_MASTER_INDEX_ADDITIONAL_SYSTEMS_OVERALL_PATCH.md	/data/data/com.termux/files/home/02.ERP-system/99.archive/20260422_224743/module-design-reset/52.master-data/060.integration/1105_DESIGN_MASTER_INDEX_ADDITIONAL_SYSTEMS_OVERALL_PATCH.md	moved	module payload archived during reset
/data/data/com.termux/files/home/02.ERP-system/52.master-data	archive_payload	/data/data/com.termux/files/home/02.ERP-system/52.master-data/080.policy/562_DESIGN_MASTER_INDEX_ADDITIONAL_SYSTEMS_PATCH.md	/data/data/com.termux/files/home/02.ERP-system/99.archive/20260422_224743/module-design-reset/52.master-data/080.policy/562_DESIGN_MASTER_INDEX_ADDITIONAL_SYSTEMS_PATCH.md	moved	module payload archived during reset
/data/data/com.termux/files/home/02.ERP-system/52.master-data	archive_payload	/data/data/com.termux/files/home/02.ERP-system/52.master-data/080.policy/563_ERP_SYSTEM_MASTER_INDEX_ADDITIONAL_SYSTEMS_PATCH.md	/data/data/com.termux/files/home/02.ERP-system/99.archive/20260422_224743/module-design-reset/52.master-data/080.policy/563_ERP_SYSTEM_MASTER_INDEX_ADDITIONAL_SYSTEMS_PATCH.md	moved	module payload archived during reset
/data/data/com.termux/files/home/02.ERP-system/52.master-data	archive_payload	/data/data/com.termux/files/home/02.ERP-system/52.master-data/120.implementation/1139_DESIGN_MASTER_INDEX_WHOLE_SYSTEM_FINAL_SUMMARY_PATCH.md	/data/data/com.termux/files/home/02.ERP-system/99.archive/20260422_224743/module-design-reset/52.master-data/120.implementation/1139_DESIGN_MASTER_INDEX_WHOLE_SYSTEM_FINAL_SUMMARY_PATCH.md	moved	module payload archived during reset
/data/data/com.termux/files/home/02.ERP-system/52.master-data	archive_payload	/data/data/com.termux/files/home/02.ERP-system/52.master-data/120.implementation/1140_ERP_SYSTEM_MASTER_INDEX_WHOLE_SYSTEM_FINAL_SUMMARY_PATCH.md	/data/data/com.termux/files/home/02.ERP-system/99.archive/20260422_224743/module-design-reset/52.master-data/120.implementation/1140_ERP_SYSTEM_MASTER_INDEX_WHOLE_SYSTEM_FINAL_SUMMARY_PATCH.md	moved	module payload archived during reset
/data/data/com.termux/files/home/02.ERP-system/52.master-data	archive_payload	/data/data/com.termux/files/home/02.ERP-system/52.master-data/120.implementation/1153_DESIGN_MASTER_INDEX_HANDOVER_REFRESH_PATCH.md	/data/data/com.termux/files/home/02.ERP-system/99.archive/20260422_224743/module-design-reset/52.master-data/120.implementation/1153_DESIGN_MASTER_INDEX_HANDOVER_REFRESH_PATCH.md	moved	module payload archived during reset
/data/data/com.termux/files/home/02.ERP-system/52.master-data	archive_payload	/data/data/com.termux/files/home/02.ERP-system/52.master-data/120.implementation/1337_DESIGN_MASTER_INDEX_FORMAL_ROADMAP_PATCH.md	/data/data/com.termux/files/home/02.ERP-system/99.archive/20260422_224743/module-design-reset/52.master-data/120.implementation/1337_DESIGN_MASTER_INDEX_FORMAL_ROADMAP_PATCH.md	moved	module payload archived during reset
/data/data/com.termux/files/home/02.ERP-system/52.master-data	archive_payload	/data/data/com.termux/files/home/02.ERP-system/52.master-data/120.implementation/1338_ERP_SYSTEM_MASTER_INDEX_FORMAL_ROADMAP_PATCH.md	/data/data/com.termux/files/home/02.ERP-system/99.archive/20260422_224743/module-design-reset/52.master-data/120.implementation/1338_ERP_SYSTEM_MASTER_INDEX_FORMAL_ROADMAP_PATCH.md	moved	module payload archived during reset
/data/data/com.termux/files/home/02.ERP-system/52.master-data	archive_payload	/data/data/com.termux/files/home/02.ERP-system/52.master-data/120.implementation/438_ERP_EXPANSION_PROGRAM_MASTER_ROADMAP.md	/data/data/com.termux/files/home/02.ERP-system/99.archive/20260422_224743/module-design-reset/52.master-data/120.implementation/438_ERP_EXPANSION_PROGRAM_MASTER_ROADMAP.md	moved	module payload archived during reset
/data/data/com.termux/files/home/02.ERP-system/52.master-data	archive_payload	/data/data/com.termux/files/home/02.ERP-system/52.master-data/120.implementation/547_DESIGN_MASTER_INDEX_FOLDER_REORGANIZATION_PATCH.md	/data/data/com.termux/files/home/02.ERP-system/99.archive/20260422_224743/module-design-reset/52.master-data/120.implementation/547_DESIGN_MASTER_INDEX_FOLDER_REORGANIZATION_PATCH.md	moved	module payload archived during reset
/data/data/com.termux/files/home/02.ERP-system/52.master-data	archive_payload	/data/data/com.termux/files/home/02.ERP-system/52.master-data/120.implementation/548_ERP_SYSTEM_MASTER_INDEX_FOLDER_REORGANIZATION_PATCH.md	/data/data/com.termux/files/home/02.ERP-system/99.archive/20260422_224743/module-design-reset/52.master-data/120.implementation/548_ERP_SYSTEM_MASTER_INDEX_FOLDER_REORGANIZATION_PATCH.md	moved	module payload archived during reset
/data/data/com.termux/files/home/02.ERP-system/52.master-data	dir	/data/data/com.termux/files/home/02.ERP-system/52.master-data/010.constitution	/data/data/com.termux/files/home/02.ERP-system/52.master-data/010.constitution	exists	directory already exists
/data/data/com.termux/files/home/02.ERP-system/52.master-data	dir	/data/data/com.termux/files/home/02.ERP-system/52.master-data/020.architecture	/data/data/com.termux/files/home/02.ERP-system/52.master-data/020.architecture	exists	directory already exists
/data/data/com.termux/files/home/02.ERP-system/52.master-data	dir	/data/data/com.termux/files/home/02.ERP-system/52.master-data/030.model	/data/data/com.termux/files/home/02.ERP-system/52.master-data/030.model	exists	directory already exists
/data/data/com.termux/files/home/02.ERP-system/52.master-data	dir	/data/data/com.termux/files/home/02.ERP-system/52.master-data/050.flow	/data/data/com.termux/files/home/02.ERP-system/52.master-data/050.flow	exists	directory already exists
/data/data/com.termux/files/home/02.ERP-system/52.master-data	dir	/data/data/com.termux/files/home/02.ERP-system/52.master-data/060.integration	/data/data/com.termux/files/home/02.ERP-system/52.master-data/060.integration	exists	directory already exists
/data/data/com.termux/files/home/02.ERP-system/52.master-data	dir	/data/data/com.termux/files/home/02.ERP-system/52.master-data/070.operations	/data/data/com.termux/files/home/02.ERP-system/52.master-data/070.operations	exists	directory already exists
/data/data/com.termux/files/home/02.ERP-system/52.master-data	dir	/data/data/com.termux/files/home/02.ERP-system/52.master-data/080.policy	/data/data/com.termux/files/home/02.ERP-system/52.master-data/080.policy	exists	directory already exists
/data/data/com.termux/files/home/02.ERP-system/52.master-data	dir	/data/data/com.termux/files/home/02.ERP-system/52.master-data/100.security	/data/data/com.termux/files/home/02.ERP-system/52.master-data/100.security	exists	directory already exists
/data/data/com.termux/files/home/02.ERP-system/52.master-data	dir	/data/data/com.termux/files/home/02.ERP-system/52.master-data/110.infrastructure	/data/data/com.termux/files/home/02.ERP-system/52.master-data/110.infrastructure	exists	directory already exists
/data/data/com.termux/files/home/02.ERP-system/52.master-data	dir	/data/data/com.termux/files/home/02.ERP-system/52.master-data/120.implementation	/data/data/com.termux/files/home/02.ERP-system/52.master-data/120.implementation	exists	directory already exists
/data/data/com.termux/files/home/02.ERP-system/52.master-data	dir	/data/data/com.termux/files/home/02.ERP-system/52.master-data/130.development	/data/data/com.termux/files/home/02.ERP-system/52.master-data/130.development	exists	directory already exists
/data/data/com.termux/files/home/02.ERP-system/52.master-data	dir	/data/data/com.termux/files/home/02.ERP-system/52.master-data/900.meta	/data/data/com.termux/files/home/02.ERP-system/52.master-data/900.meta	exists	directory already exists
/data/data/com.termux/files/home/02.ERP-system/52.master-data	dir	/data/data/com.termux/files/home/02.ERP-system/52.master-data/920.meta	/data/data/com.termux/files/home/02.ERP-system/52.master-data/920.meta	exists	directory already exists
/data/data/com.termux/files/home/02.ERP-system/52.master-data	index	/data/data/com.termux/files/home/02.ERP-system/52.master-data/INDEX.md	/data/data/com.termux/files/home/02.ERP-system/52.master-data/INDEX.md	exists	index already exists
/data/data/com.termux/files/home/02.ERP-system/52.master-data	overview	/data/data/com.termux/files/home/02.ERP-system/52.master-data/OVERVIEW.md	/data/data/com.termux/files/home/02.ERP-system/52.master-data/OVERVIEW.md	exists	overview already exists
/data/data/com.termux/files/home/02.ERP-system/52.master-data	dir	/data/data/com.termux/files/home/02.ERP-system/52.master-data/010.constitution	/data/data/com.termux/files/home/02.ERP-system/52.master-data/010.constitution	exists	directory already exists
/data/data/com.termux/files/home/02.ERP-system/52.master-data	index	/data/data/com.termux/files/home/02.ERP-system/52.master-data/010.constitution/INDEX.md	/data/data/com.termux/files/home/02.ERP-system/52.master-data/010.constitution/INDEX.md	exists	index already exists
/data/data/com.termux/files/home/02.ERP-system/52.master-data	overview	/data/data/com.termux/files/home/02.ERP-system/52.master-data/010.constitution/OVERVIEW.md	/data/data/com.termux/files/home/02.ERP-system/52.master-data/010.constitution/OVERVIEW.md	exists	overview already exists
/data/data/com.termux/files/home/02.ERP-system/52.master-data	dir	/data/data/com.termux/files/home/02.ERP-system/52.master-data/020.architecture	/data/data/com.termux/files/home/02.ERP-system/52.master-data/020.architecture	exists	directory already exists
/data/data/com.termux/files/home/02.ERP-system/52.master-data	index	/data/data/com.termux/files/home/02.ERP-system/52.master-data/020.architecture/INDEX.md	/data/data/com.termux/files/home/02.ERP-system/52.master-data/020.architecture/INDEX.md	exists	index already exists
/data/data/com.termux/files/home/02.ERP-system/52.master-data	overview	/data/data/com.termux/files/home/02.ERP-system/52.master-data/020.architecture/OVERVIEW.md	/data/data/com.termux/files/home/02.ERP-system/52.master-data/020.architecture/OVERVIEW.md	exists	overview already exists
/data/data/com.termux/files/home/02.ERP-system/52.master-data	dir	/data/data/com.termux/files/home/02.ERP-system/52.master-data/030.model	/data/data/com.termux/files/home/02.ERP-system/52.master-data/030.model	exists	directory already exists
/data/data/com.termux/files/home/02.ERP-system/52.master-data	index	/data/data/com.termux/files/home/02.ERP-system/52.master-data/030.model/INDEX.md	/data/data/com.termux/files/home/02.ERP-system/52.master-data/030.model/INDEX.md	exists	index already exists
/data/data/com.termux/files/home/02.ERP-system/52.master-data	overview	/data/data/com.termux/files/home/02.ERP-system/52.master-data/030.model/OVERVIEW.md	/data/data/com.termux/files/home/02.ERP-system/52.master-data/030.model/OVERVIEW.md	exists	overview already exists
/data/data/com.termux/files/home/02.ERP-system/52.master-data	dir	/data/data/com.termux/files/home/02.ERP-system/52.master-data/050.flow	/data/data/com.termux/files/home/02.ERP-system/52.master-data/050.flow	exists	directory already exists
/data/data/com.termux/files/home/02.ERP-system/52.master-data	index	/data/data/com.termux/files/home/02.ERP-system/52.master-data/050.flow/INDEX.md	/data/data/com.termux/files/home/02.ERP-system/52.master-data/050.flow/INDEX.md	exists	index already exists
/data/data/com.termux/files/home/02.ERP-system/52.master-data	overview	/data/data/com.termux/files/home/02.ERP-system/52.master-data/050.flow/OVERVIEW.md	/data/data/com.termux/files/home/02.ERP-system/52.master-data/050.flow/OVERVIEW.md	exists	overview already exists
/data/data/com.termux/files/home/02.ERP-system/52.master-data	dir	/data/data/com.termux/files/home/02.ERP-system/52.master-data/060.integration	/data/data/com.termux/files/home/02.ERP-system/52.master-data/060.integration	exists	directory already exists
/data/data/com.termux/files/home/02.ERP-system/52.master-data	index	/data/data/com.termux/files/home/02.ERP-system/52.master-data/060.integration/INDEX.md	/data/data/com.termux/files/home/02.ERP-system/52.master-data/060.integration/INDEX.md	exists	index already exists
/data/data/com.termux/files/home/02.ERP-system/52.master-data	overview	/data/data/com.termux/files/home/02.ERP-system/52.master-data/060.integration/OVERVIEW.md	/data/data/com.termux/files/home/02.ERP-system/52.master-data/060.integration/OVERVIEW.md	exists	overview already exists
/data/data/com.termux/files/home/02.ERP-system/52.master-data	dir	/data/data/com.termux/files/home/02.ERP-system/52.master-data/070.operations	/data/data/com.termux/files/home/02.ERP-system/52.master-data/070.operations	exists	directory already exists
/data/data/com.termux/files/home/02.ERP-system/52.master-data	index	/data/data/com.termux/files/home/02.ERP-system/52.master-data/070.operations/INDEX.md	/data/data/com.termux/files/home/02.ERP-system/52.master-data/070.operations/INDEX.md	exists	index already exists
/data/data/com.termux/files/home/02.ERP-system/52.master-data	overview	/data/data/com.termux/files/home/02.ERP-system/52.master-data/070.operations/OVERVIEW.md	/data/data/com.termux/files/home/02.ERP-system/52.master-data/070.operations/OVERVIEW.md	exists	overview already exists
/data/data/com.termux/files/home/02.ERP-system/52.master-data	dir	/data/data/com.termux/files/home/02.ERP-system/52.master-data/080.policy	/data/data/com.termux/files/home/02.ERP-system/52.master-data/080.policy	exists	directory already exists
/data/data/com.termux/files/home/02.ERP-system/52.master-data	index	/data/data/com.termux/files/home/02.ERP-system/52.master-data/080.policy/INDEX.md	/data/data/com.termux/files/home/02.ERP-system/52.master-data/080.policy/INDEX.md	exists	index already exists
/data/data/com.termux/files/home/02.ERP-system/52.master-data	overview	/data/data/com.termux/files/home/02.ERP-system/52.master-data/080.policy/OVERVIEW.md	/data/data/com.termux/files/home/02.ERP-system/52.master-data/080.policy/OVERVIEW.md	exists	overview already exists
/data/data/com.termux/files/home/02.ERP-system/52.master-data	dir	/data/data/com.termux/files/home/02.ERP-system/52.master-data/100.security	/data/data/com.termux/files/home/02.ERP-system/52.master-data/100.security	exists	directory already exists
/data/data/com.termux/files/home/02.ERP-system/52.master-data	index	/data/data/com.termux/files/home/02.ERP-system/52.master-data/100.security/INDEX.md	/data/data/com.termux/files/home/02.ERP-system/52.master-data/100.security/INDEX.md	exists	index already exists
/data/data/com.termux/files/home/02.ERP-system/52.master-data	overview	/data/data/com.termux/files/home/02.ERP-system/52.master-data/100.security/OVERVIEW.md	/data/data/com.termux/files/home/02.ERP-system/52.master-data/100.security/OVERVIEW.md	exists	overview already exists
/data/data/com.termux/files/home/02.ERP-system/52.master-data	dir	/data/data/com.termux/files/home/02.ERP-system/52.master-data/110.infrastructure	/data/data/com.termux/files/home/02.ERP-system/52.master-data/110.infrastructure	exists	directory already exists
/data/data/com.termux/files/home/02.ERP-system/52.master-data	index	/data/data/com.termux/files/home/02.ERP-system/52.master-data/110.infrastructure/INDEX.md	/data/data/com.termux/files/home/02.ERP-system/52.master-data/110.infrastructure/INDEX.md	exists	index already exists
/data/data/com.termux/files/home/02.ERP-system/52.master-data	overview	/data/data/com.termux/files/home/02.ERP-system/52.master-data/110.infrastructure/OVERVIEW.md	/data/data/com.termux/files/home/02.ERP-system/52.master-data/110.infrastructure/OVERVIEW.md	exists	overview already exists
/data/data/com.termux/files/home/02.ERP-system/52.master-data	dir	/data/data/com.termux/files/home/02.ERP-system/52.master-data/120.implementation	/data/data/com.termux/files/home/02.ERP-system/52.master-data/120.implementation	exists	directory already exists
/data/data/com.termux/files/home/02.ERP-system/52.master-data	index	/data/data/com.termux/files/home/02.ERP-system/52.master-data/120.implementation/INDEX.md	/data/data/com.termux/files/home/02.ERP-system/52.master-data/120.implementation/INDEX.md	exists	index already exists
/data/data/com.termux/files/home/02.ERP-system/52.master-data	overview	/data/data/com.termux/files/home/02.ERP-system/52.master-data/120.implementation/OVERVIEW.md	/data/data/com.termux/files/home/02.ERP-system/52.master-data/120.implementation/OVERVIEW.md	exists	overview already exists
/data/data/com.termux/files/home/02.ERP-system/52.master-data	dir	/data/data/com.termux/files/home/02.ERP-system/52.master-data/130.development	/data/data/com.termux/files/home/02.ERP-system/52.master-data/130.development	exists	directory already exists
/data/data/com.termux/files/home/02.ERP-system/52.master-data	index	/data/data/com.termux/files/home/02.ERP-system/52.master-data/130.development/INDEX.md	/data/data/com.termux/files/home/02.ERP-system/52.master-data/130.development/INDEX.md	exists	index already exists
/data/data/com.termux/files/home/02.ERP-system/52.master-data	overview	/data/data/com.termux/files/home/02.ERP-system/52.master-data/130.development/OVERVIEW.md	/data/data/com.termux/files/home/02.ERP-system/52.master-data/130.development/OVERVIEW.md	exists	overview already exists
/data/data/com.termux/files/home/02.ERP-system/52.master-data	dir	/data/data/com.termux/files/home/02.ERP-system/52.master-data/900.meta	/data/data/com.termux/files/home/02.ERP-system/52.master-data/900.meta	exists	directory already exists
/data/data/com.termux/files/home/02.ERP-system/52.master-data	index	/data/data/com.termux/files/home/02.ERP-system/52.master-data/900.meta/INDEX.md	/data/data/com.termux/files/home/02.ERP-system/52.master-data/900.meta/INDEX.md	exists	index already exists
/data/data/com.termux/files/home/02.ERP-system/52.master-data	overview	/data/data/com.termux/files/home/02.ERP-system/52.master-data/900.meta/OVERVIEW.md	/data/data/com.termux/files/home/02.ERP-system/52.master-data/900.meta/OVERVIEW.md	exists	overview already exists
/data/data/com.termux/files/home/02.ERP-system/52.master-data	dir	/data/data/com.termux/files/home/02.ERP-system/52.master-data/920.meta	/data/data/com.termux/files/home/02.ERP-system/52.master-data/920.meta	exists	directory already exists
/data/data/com.termux/files/home/02.ERP-system/52.master-data	index	/data/data/com.termux/files/home/02.ERP-system/52.master-data/920.meta/INDEX.md	/data/data/com.termux/files/home/02.ERP-system/52.master-data/920.meta/INDEX.md	exists	index already exists
/data/data/com.termux/files/home/02.ERP-system/52.master-data	overview	/data/data/com.termux/files/home/02.ERP-system/52.master-data/920.meta/OVERVIEW.md	/data/data/com.termux/files/home/02.ERP-system/52.master-data/920.meta/OVERVIEW.md	exists	overview already exists
