unit_path	source_kind	source_path	target_path	result	note
/data/data/com.termux/files/home/02.ERP-system/00.foundation	legacy_file	/data/data/com.termux/files/home/02.ERP-system/00.foundation/900.meta/910.transition-inbox/legacy-root-files/000_ERP_NUMBERED_FOLDER_CANON.md	/data/data/com.termux/files/home/02.ERP-system/00.foundation/010.constitution/000_ERP_NUMBERED_FOLDER_CANON.md	distributed	moved into canonical layer
/data/data/com.termux/files/home/02.ERP-system/00.foundation	legacy_file	/data/data/com.termux/files/home/02.ERP-system/00.foundation/900.meta/910.transition-inbox/legacy-root-files/010_ERP_NUMBERING_MAP.tsv	/data/data/com.termux/files/home/02.ERP-system/00.foundation/900.meta/912.transition-unclassified/unclassified-files/010_ERP_NUMBERING_MAP.tsv	moved_unclassified	file name has no canonical mapping
/data/data/com.termux/files/home/02.ERP-system/00.foundation	legacy_file	/data/data/com.termux/files/home/02.ERP-system/00.foundation/900.meta/910.transition-inbox/legacy-root-files/020_ERP_FOLDER_BOUNDARY_AND_TRANSITION_RULE.md	/data/data/com.termux/files/home/02.ERP-system/00.foundation/080.policy/020_ERP_FOLDER_BOUNDARY_AND_TRANSITION_RULE.md	distributed	moved into canonical layer
/data/data/com.termux/files/home/02.ERP-system/00.foundation	legacy_file	/data/data/com.termux/files/home/02.ERP-system/00.foundation/900.meta/910.transition-inbox/legacy-root-files/030_ERP_UNNUMBERED_TO_NUMBERED_TRANSITION_LEDGER.md	/data/data/com.termux/files/home/02.ERP-system/00.foundation/900.meta/912.transition-unclassified/unclassified-files/030_ERP_UNNUMBERED_TO_NUMBERED_TRANSITION_LEDGER.md	moved_unclassified	file name has no canonical mapping
/data/data/com.termux/files/home/02.ERP-system/00.foundation	legacy_file	/data/data/com.termux/files/home/02.ERP-system/00.foundation/900.meta/910.transition-inbox/legacy-root-files/031_ERP_UNNUMBERED_TO_NUMBERED_TRANSITION_LEDGER.tsv	/data/data/com.termux/files/home/02.ERP-system/00.foundation/900.meta/912.transition-unclassified/unclassified-files/031_ERP_UNNUMBERED_TO_NUMBERED_TRANSITION_LEDGER.tsv	moved_unclassified	file name has no canonical mapping
/data/data/com.termux/files/home/02.ERP-system/00.foundation	legacy_file	/data/data/com.termux/files/home/02.ERP-system/00.foundation/900.meta/910.transition-inbox/legacy-root-files/032_ERP_UNNUMBERED_TO_NUMBERED_TRANSITION_SUMMARY.txt	/data/data/com.termux/files/home/02.ERP-system/00.foundation/900.meta/912.transition-unclassified/unclassified-files/032_ERP_UNNUMBERED_TO_NUMBERED_TRANSITION_SUMMARY.txt	moved_unclassified	file name has no canonical mapping
/data/data/com.termux/files/home/02.ERP-system/00.foundation	legacy_file	/data/data/com.termux/files/home/02.ERP-system/00.foundation/900.meta/910.transition-inbox/legacy-root-files/040_ERP_DESIGN_CIVILIZATIONOS_STRUCTURE_AND_DISTRIBUTION_RULE.md	/data/data/com.termux/files/home/02.ERP-system/00.foundation/080.policy/040_ERP_DESIGN_CIVILIZATIONOS_STRUCTURE_AND_DISTRIBUTION_RULE.md	distributed	moved into canonical layer
/data/data/com.termux/files/home/02.ERP-system/01.sales	legacy_dir	/data/data/com.termux/files/home/02.ERP-system/01.sales/900.meta/910.transition-inbox/legacy-root-dirs/api	/data/data/com.termux/files/home/02.ERP-system/01.sales/060.integration	distributed	directory distributed successfully; archived at /data/data/com.termux/files/home/02.ERP-system/01.sales/900.meta/911.transition-distributed-archive/dirs/api
/data/data/com.termux/files/home/02.ERP-system/01.sales	legacy_dir	/data/data/com.termux/files/home/02.ERP-system/01.sales/900.meta/910.transition-inbox/legacy-root-dirs/architecture	/data/data/com.termux/files/home/02.ERP-system/01.sales/020.architecture	distributed	directory distributed successfully; archived at /data/data/com.termux/files/home/02.ERP-system/01.sales/900.meta/911.transition-distributed-archive/dirs/architecture
/data/data/com.termux/files/home/02.ERP-system/01.sales	legacy_dir	/data/data/com.termux/files/home/02.ERP-system/01.sales/900.meta/910.transition-inbox/legacy-root-dirs/flow	/data/data/com.termux/files/home/02.ERP-system/01.sales/050.flow	distributed	directory distributed successfully; archived at /data/data/com.termux/files/home/02.ERP-system/01.sales/900.meta/911.transition-distributed-archive/dirs/flow
/data/data/com.termux/files/home/02.ERP-system/01.sales	legacy_dir	/data/data/com.termux/files/home/02.ERP-system/01.sales/900.meta/910.transition-inbox/legacy-root-dirs/implementation	/data/data/com.termux/files/home/02.ERP-system/01.sales/120.implementation	distributed	directory distributed successfully; archived at /data/data/com.termux/files/home/02.ERP-system/01.sales/900.meta/911.transition-distributed-archive/dirs/implementation
/data/data/com.termux/files/home/02.ERP-system/01.sales	legacy_dir	/data/data/com.termux/files/home/02.ERP-system/01.sales/900.meta/910.transition-inbox/legacy-root-dirs/model	/data/data/com.termux/files/home/02.ERP-system/01.sales/030.model	distributed	directory distributed successfully; archived at /data/data/com.termux/files/home/02.ERP-system/01.sales/900.meta/911.transition-distributed-archive/dirs/model
/data/data/com.termux/files/home/02.ERP-system/01.sales	legacy_dir	/data/data/com.termux/files/home/02.ERP-system/01.sales/900.meta/910.transition-inbox/legacy-root-dirs/screen	/data/data/com.termux/files/home/02.ERP-system/01.sales/120.implementation	distributed	directory distributed successfully; archived at /data/data/com.termux/files/home/02.ERP-system/01.sales/900.meta/911.transition-distributed-archive/dirs/screen
/data/data/com.termux/files/home/02.ERP-system/01.sales	legacy_dir	/data/data/com.termux/files/home/02.ERP-system/01.sales/900.meta/910.transition-inbox/legacy-root-dirs/security	/data/data/com.termux/files/home/02.ERP-system/01.sales/100.security	distributed	directory distributed successfully; archived at /data/data/com.termux/files/home/02.ERP-system/01.sales/900.meta/911.transition-distributed-archive/dirs/security
/data/data/com.termux/files/home/02.ERP-system/02.sfa	legacy_dir	/data/data/com.termux/files/home/02.ERP-system/02.sfa/900.meta/910.transition-inbox/legacy-root-dirs/api	/data/data/com.termux/files/home/02.ERP-system/02.sfa/060.integration	distributed	directory distributed successfully; archived at /data/data/com.termux/files/home/02.ERP-system/02.sfa/900.meta/911.transition-distributed-archive/dirs/api
/data/data/com.termux/files/home/02.ERP-system/02.sfa	legacy_dir	/data/data/com.termux/files/home/02.ERP-system/02.sfa/900.meta/910.transition-inbox/legacy-root-dirs/architecture	/data/data/com.termux/files/home/02.ERP-system/02.sfa/020.architecture	distributed	directory distributed successfully; archived at /data/data/com.termux/files/home/02.ERP-system/02.sfa/900.meta/911.transition-distributed-archive/dirs/architecture
/data/data/com.termux/files/home/02.ERP-system/02.sfa	legacy_dir	/data/data/com.termux/files/home/02.ERP-system/02.sfa/900.meta/910.transition-inbox/legacy-root-dirs/flow	/data/data/com.termux/files/home/02.ERP-system/02.sfa/050.flow	distributed	directory distributed successfully; archived at /data/data/com.termux/files/home/02.ERP-system/02.sfa/900.meta/911.transition-distributed-archive/dirs/flow
/data/data/com.termux/files/home/02.ERP-system/02.sfa	legacy_dir	/data/data/com.termux/files/home/02.ERP-system/02.sfa/900.meta/910.transition-inbox/legacy-root-dirs/implementation	/data/data/com.termux/files/home/02.ERP-system/02.sfa/120.implementation	distributed	directory distributed successfully; archived at /data/data/com.termux/files/home/02.ERP-system/02.sfa/900.meta/911.transition-distributed-archive/dirs/implementation
/data/data/com.termux/files/home/02.ERP-system/02.sfa	legacy_dir	/data/data/com.termux/files/home/02.ERP-system/02.sfa/900.meta/910.transition-inbox/legacy-root-dirs/model	/data/data/com.termux/files/home/02.ERP-system/02.sfa/030.model	distributed	directory distributed successfully; archived at /data/data/com.termux/files/home/02.ERP-system/02.sfa/900.meta/911.transition-distributed-archive/dirs/model
/data/data/com.termux/files/home/02.ERP-system/02.sfa	legacy_dir	/data/data/com.termux/files/home/02.ERP-system/02.sfa/900.meta/910.transition-inbox/legacy-root-dirs/screen	/data/data/com.termux/files/home/02.ERP-system/02.sfa/120.implementation	distributed	directory distributed successfully; archived at /data/data/com.termux/files/home/02.ERP-system/02.sfa/900.meta/911.transition-distributed-archive/dirs/screen
/data/data/com.termux/files/home/02.ERP-system/02.sfa	legacy_dir	/data/data/com.termux/files/home/02.ERP-system/02.sfa/900.meta/910.transition-inbox/legacy-root-dirs/security	/data/data/com.termux/files/home/02.ERP-system/02.sfa/100.security	distributed	directory distributed successfully; archived at /data/data/com.termux/files/home/02.ERP-system/02.sfa/900.meta/911.transition-distributed-archive/dirs/security
/data/data/com.termux/files/home/02.ERP-system/03.crm	legacy_dir	/data/data/com.termux/files/home/02.ERP-system/03.crm/900.meta/910.transition-inbox/legacy-root-dirs/api	/data/data/com.termux/files/home/02.ERP-system/03.crm/060.integration	distributed	directory distributed successfully; archived at /data/data/com.termux/files/home/02.ERP-system/03.crm/900.meta/911.transition-distributed-archive/dirs/api
/data/data/com.termux/files/home/02.ERP-system/03.crm	legacy_dir	/data/data/com.termux/files/home/02.ERP-system/03.crm/900.meta/910.transition-inbox/legacy-root-dirs/architecture	/data/data/com.termux/files/home/02.ERP-system/03.crm/020.architecture	distributed	directory distributed successfully; archived at /data/data/com.termux/files/home/02.ERP-system/03.crm/900.meta/911.transition-distributed-archive/dirs/architecture
/data/data/com.termux/files/home/02.ERP-system/03.crm	legacy_dir	/data/data/com.termux/files/home/02.ERP-system/03.crm/900.meta/910.transition-inbox/legacy-root-dirs/flow	/data/data/com.termux/files/home/02.ERP-system/03.crm/050.flow	distributed	directory distributed successfully; archived at /data/data/com.termux/files/home/02.ERP-system/03.crm/900.meta/911.transition-distributed-archive/dirs/flow
/data/data/com.termux/files/home/02.ERP-system/03.crm	legacy_dir	/data/data/com.termux/files/home/02.ERP-system/03.crm/900.meta/910.transition-inbox/legacy-root-dirs/implementation	/data/data/com.termux/files/home/02.ERP-system/03.crm/120.implementation	distributed	directory distributed successfully; archived at /data/data/com.termux/files/home/02.ERP-system/03.crm/900.meta/911.transition-distributed-archive/dirs/implementation
/data/data/com.termux/files/home/02.ERP-system/03.crm	legacy_dir	/data/data/com.termux/files/home/02.ERP-system/03.crm/900.meta/910.transition-inbox/legacy-root-dirs/model	/data/data/com.termux/files/home/02.ERP-system/03.crm/030.model	distributed	directory distributed successfully; archived at /data/data/com.termux/files/home/02.ERP-system/03.crm/900.meta/911.transition-distributed-archive/dirs/model
/data/data/com.termux/files/home/02.ERP-system/03.crm	legacy_dir	/data/data/com.termux/files/home/02.ERP-system/03.crm/900.meta/910.transition-inbox/legacy-root-dirs/screen	/data/data/com.termux/files/home/02.ERP-system/03.crm/120.implementation	distributed	directory distributed successfully; archived at /data/data/com.termux/files/home/02.ERP-system/03.crm/900.meta/911.transition-distributed-archive/dirs/screen
/data/data/com.termux/files/home/02.ERP-system/03.crm	legacy_dir	/data/data/com.termux/files/home/02.ERP-system/03.crm/900.meta/910.transition-inbox/legacy-root-dirs/security	/data/data/com.termux/files/home/02.ERP-system/03.crm/100.security	distributed	directory distributed successfully; archived at /data/data/com.termux/files/home/02.ERP-system/03.crm/900.meta/911.transition-distributed-archive/dirs/security
/data/data/com.termux/files/home/02.ERP-system/04.order-management	legacy_dir	/data/data/com.termux/files/home/02.ERP-system/04.order-management/900.meta/910.transition-inbox/legacy-root-dirs/api	/data/data/com.termux/files/home/02.ERP-system/04.order-management/060.integration	distributed	directory distributed successfully; archived at /data/data/com.termux/files/home/02.ERP-system/04.order-management/900.meta/911.transition-distributed-archive/dirs/api
/data/data/com.termux/files/home/02.ERP-system/04.order-management	legacy_dir	/data/data/com.termux/files/home/02.ERP-system/04.order-management/900.meta/910.transition-inbox/legacy-root-dirs/architecture	/data/data/com.termux/files/home/02.ERP-system/04.order-management/020.architecture	distributed	directory distributed successfully; archived at /data/data/com.termux/files/home/02.ERP-system/04.order-management/900.meta/911.transition-distributed-archive/dirs/architecture
/data/data/com.termux/files/home/02.ERP-system/04.order-management	legacy_dir	/data/data/com.termux/files/home/02.ERP-system/04.order-management/900.meta/910.transition-inbox/legacy-root-dirs/flow	/data/data/com.termux/files/home/02.ERP-system/04.order-management/050.flow	distributed	directory distributed successfully; archived at /data/data/com.termux/files/home/02.ERP-system/04.order-management/900.meta/911.transition-distributed-archive/dirs/flow
/data/data/com.termux/files/home/02.ERP-system/04.order-management	legacy_dir	/data/data/com.termux/files/home/02.ERP-system/04.order-management/900.meta/910.transition-inbox/legacy-root-dirs/implementation	/data/data/com.termux/files/home/02.ERP-system/04.order-management/120.implementation	distributed	directory distributed successfully; archived at /data/data/com.termux/files/home/02.ERP-system/04.order-management/900.meta/911.transition-distributed-archive/dirs/implementation
/data/data/com.termux/files/home/02.ERP-system/04.order-management	legacy_dir	/data/data/com.termux/files/home/02.ERP-system/04.order-management/900.meta/910.transition-inbox/legacy-root-dirs/model	/data/data/com.termux/files/home/02.ERP-system/04.order-management/030.model	distributed	directory distributed successfully; archived at /data/data/com.termux/files/home/02.ERP-system/04.order-management/900.meta/911.transition-distributed-archive/dirs/model
/data/data/com.termux/files/home/02.ERP-system/04.order-management	legacy_dir	/data/data/com.termux/files/home/02.ERP-system/04.order-management/900.meta/910.transition-inbox/legacy-root-dirs/screen	/data/data/com.termux/files/home/02.ERP-system/04.order-management/120.implementation	distributed	directory distributed successfully; archived at /data/data/com.termux/files/home/02.ERP-system/04.order-management/900.meta/911.transition-distributed-archive/dirs/screen
/data/data/com.termux/files/home/02.ERP-system/04.order-management	legacy_dir	/data/data/com.termux/files/home/02.ERP-system/04.order-management/900.meta/910.transition-inbox/legacy-root-dirs/security	/data/data/com.termux/files/home/02.ERP-system/04.order-management/100.security	distributed	directory distributed successfully; archived at /data/data/com.termux/files/home/02.ERP-system/04.order-management/900.meta/911.transition-distributed-archive/dirs/security
/data/data/com.termux/files/home/02.ERP-system/05.billing	legacy_dir	/data/data/com.termux/files/home/02.ERP-system/05.billing/900.meta/910.transition-inbox/legacy-root-dirs/api	/data/data/com.termux/files/home/02.ERP-system/05.billing/060.integration	distributed	directory distributed successfully; archived at /data/data/com.termux/files/home/02.ERP-system/05.billing/900.meta/911.transition-distributed-archive/dirs/api
/data/data/com.termux/files/home/02.ERP-system/05.billing	legacy_dir	/data/data/com.termux/files/home/02.ERP-system/05.billing/900.meta/910.transition-inbox/legacy-root-dirs/architecture	/data/data/com.termux/files/home/02.ERP-system/05.billing/020.architecture	distributed	directory distributed successfully; archived at /data/data/com.termux/files/home/02.ERP-system/05.billing/900.meta/911.transition-distributed-archive/dirs/architecture
/data/data/com.termux/files/home/02.ERP-system/05.billing	legacy_dir	/data/data/com.termux/files/home/02.ERP-system/05.billing/900.meta/910.transition-inbox/legacy-root-dirs/flow	/data/data/com.termux/files/home/02.ERP-system/05.billing/050.flow	distributed	directory distributed successfully; archived at /data/data/com.termux/files/home/02.ERP-system/05.billing/900.meta/911.transition-distributed-archive/dirs/flow
/data/data/com.termux/files/home/02.ERP-system/05.billing	legacy_dir	/data/data/com.termux/files/home/02.ERP-system/05.billing/900.meta/910.transition-inbox/legacy-root-dirs/implementation	/data/data/com.termux/files/home/02.ERP-system/05.billing/120.implementation	distributed	directory distributed successfully; archived at /data/data/com.termux/files/home/02.ERP-system/05.billing/900.meta/911.transition-distributed-archive/dirs/implementation
/data/data/com.termux/files/home/02.ERP-system/05.billing	legacy_dir	/data/data/com.termux/files/home/02.ERP-system/05.billing/900.meta/910.transition-inbox/legacy-root-dirs/model	/data/data/com.termux/files/home/02.ERP-system/05.billing/030.model	distributed	directory distributed successfully; archived at /data/data/com.termux/files/home/02.ERP-system/05.billing/900.meta/911.transition-distributed-archive/dirs/model
/data/data/com.termux/files/home/02.ERP-system/05.billing	legacy_dir	/data/data/com.termux/files/home/02.ERP-system/05.billing/900.meta/910.transition-inbox/legacy-root-dirs/screen	/data/data/com.termux/files/home/02.ERP-system/05.billing/120.implementation	distributed	directory distributed successfully; archived at /data/data/com.termux/files/home/02.ERP-system/05.billing/900.meta/911.transition-distributed-archive/dirs/screen
/data/data/com.termux/files/home/02.ERP-system/05.billing	legacy_dir	/data/data/com.termux/files/home/02.ERP-system/05.billing/900.meta/910.transition-inbox/legacy-root-dirs/security	/data/data/com.termux/files/home/02.ERP-system/05.billing/100.security	distributed	directory distributed successfully; archived at /data/data/com.termux/files/home/02.ERP-system/05.billing/900.meta/911.transition-distributed-archive/dirs/security
/data/data/com.termux/files/home/02.ERP-system/10.purchase	legacy_dir	/data/data/com.termux/files/home/02.ERP-system/10.purchase/900.meta/910.transition-inbox/legacy-root-dirs/api	/data/data/com.termux/files/home/02.ERP-system/10.purchase/060.integration	distributed	directory distributed successfully; archived at /data/data/com.termux/files/home/02.ERP-system/10.purchase/900.meta/911.transition-distributed-archive/dirs/api
/data/data/com.termux/files/home/02.ERP-system/10.purchase	legacy_dir	/data/data/com.termux/files/home/02.ERP-system/10.purchase/900.meta/910.transition-inbox/legacy-root-dirs/architecture	/data/data/com.termux/files/home/02.ERP-system/10.purchase/020.architecture	distributed	directory distributed successfully; archived at /data/data/com.termux/files/home/02.ERP-system/10.purchase/900.meta/911.transition-distributed-archive/dirs/architecture
/data/data/com.termux/files/home/02.ERP-system/10.purchase	legacy_dir	/data/data/com.termux/files/home/02.ERP-system/10.purchase/900.meta/910.transition-inbox/legacy-root-dirs/flow	/data/data/com.termux/files/home/02.ERP-system/10.purchase/050.flow	distributed	directory distributed successfully; archived at /data/data/com.termux/files/home/02.ERP-system/10.purchase/900.meta/911.transition-distributed-archive/dirs/flow
/data/data/com.termux/files/home/02.ERP-system/10.purchase	legacy_dir	/data/data/com.termux/files/home/02.ERP-system/10.purchase/900.meta/910.transition-inbox/legacy-root-dirs/implementation	/data/data/com.termux/files/home/02.ERP-system/10.purchase/120.implementation	distributed	directory distributed successfully; archived at /data/data/com.termux/files/home/02.ERP-system/10.purchase/900.meta/911.transition-distributed-archive/dirs/implementation
/data/data/com.termux/files/home/02.ERP-system/10.purchase	legacy_dir	/data/data/com.termux/files/home/02.ERP-system/10.purchase/900.meta/910.transition-inbox/legacy-root-dirs/model	/data/data/com.termux/files/home/02.ERP-system/10.purchase/030.model	distributed	directory distributed successfully; archived at /data/data/com.termux/files/home/02.ERP-system/10.purchase/900.meta/911.transition-distributed-archive/dirs/model
/data/data/com.termux/files/home/02.ERP-system/10.purchase	legacy_dir	/data/data/com.termux/files/home/02.ERP-system/10.purchase/900.meta/910.transition-inbox/legacy-root-dirs/screen	/data/data/com.termux/files/home/02.ERP-system/10.purchase/120.implementation	distributed	directory distributed successfully; archived at /data/data/com.termux/files/home/02.ERP-system/10.purchase/900.meta/911.transition-distributed-archive/dirs/screen
/data/data/com.termux/files/home/02.ERP-system/10.purchase	legacy_dir	/data/data/com.termux/files/home/02.ERP-system/10.purchase/900.meta/910.transition-inbox/legacy-root-dirs/security	/data/data/com.termux/files/home/02.ERP-system/10.purchase/100.security	distributed	directory distributed successfully; archived at /data/data/com.termux/files/home/02.ERP-system/10.purchase/900.meta/911.transition-distributed-archive/dirs/security
/data/data/com.termux/files/home/02.ERP-system/11.procurement	legacy_dir	/data/data/com.termux/files/home/02.ERP-system/11.procurement/900.meta/910.transition-inbox/legacy-root-dirs/api	/data/data/com.termux/files/home/02.ERP-system/11.procurement/060.integration	distributed	directory distributed successfully; archived at /data/data/com.termux/files/home/02.ERP-system/11.procurement/900.meta/911.transition-distributed-archive/dirs/api
/data/data/com.termux/files/home/02.ERP-system/11.procurement	legacy_dir	/data/data/com.termux/files/home/02.ERP-system/11.procurement/900.meta/910.transition-inbox/legacy-root-dirs/architecture	/data/data/com.termux/files/home/02.ERP-system/11.procurement/020.architecture	distributed	directory distributed successfully; archived at /data/data/com.termux/files/home/02.ERP-system/11.procurement/900.meta/911.transition-distributed-archive/dirs/architecture
/data/data/com.termux/files/home/02.ERP-system/11.procurement	legacy_dir	/data/data/com.termux/files/home/02.ERP-system/11.procurement/900.meta/910.transition-inbox/legacy-root-dirs/flow	/data/data/com.termux/files/home/02.ERP-system/11.procurement/050.flow	distributed	directory distributed successfully; archived at /data/data/com.termux/files/home/02.ERP-system/11.procurement/900.meta/911.transition-distributed-archive/dirs/flow
/data/data/com.termux/files/home/02.ERP-system/11.procurement	legacy_dir	/data/data/com.termux/files/home/02.ERP-system/11.procurement/900.meta/910.transition-inbox/legacy-root-dirs/implementation	/data/data/com.termux/files/home/02.ERP-system/11.procurement/120.implementation	distributed	directory distributed successfully; archived at /data/data/com.termux/files/home/02.ERP-system/11.procurement/900.meta/911.transition-distributed-archive/dirs/implementation
/data/data/com.termux/files/home/02.ERP-system/11.procurement	legacy_dir	/data/data/com.termux/files/home/02.ERP-system/11.procurement/900.meta/910.transition-inbox/legacy-root-dirs/model	/data/data/com.termux/files/home/02.ERP-system/11.procurement/030.model	distributed	directory distributed successfully; archived at /data/data/com.termux/files/home/02.ERP-system/11.procurement/900.meta/911.transition-distributed-archive/dirs/model
/data/data/com.termux/files/home/02.ERP-system/11.procurement	legacy_dir	/data/data/com.termux/files/home/02.ERP-system/11.procurement/900.meta/910.transition-inbox/legacy-root-dirs/screen	/data/data/com.termux/files/home/02.ERP-system/11.procurement/120.implementation	distributed	directory distributed successfully; archived at /data/data/com.termux/files/home/02.ERP-system/11.procurement/900.meta/911.transition-distributed-archive/dirs/screen
/data/data/com.termux/files/home/02.ERP-system/11.procurement	legacy_dir	/data/data/com.termux/files/home/02.ERP-system/11.procurement/900.meta/910.transition-inbox/legacy-root-dirs/security	/data/data/com.termux/files/home/02.ERP-system/11.procurement/100.security	distributed	directory distributed successfully; archived at /data/data/com.termux/files/home/02.ERP-system/11.procurement/900.meta/911.transition-distributed-archive/dirs/security
/data/data/com.termux/files/home/02.ERP-system/12.inventory	legacy_dir	/data/data/com.termux/files/home/02.ERP-system/12.inventory/900.meta/910.transition-inbox/legacy-root-dirs/api	/data/data/com.termux/files/home/02.ERP-system/12.inventory/060.integration	distributed	directory distributed successfully; archived at /data/data/com.termux/files/home/02.ERP-system/12.inventory/900.meta/911.transition-distributed-archive/dirs/api
/data/data/com.termux/files/home/02.ERP-system/12.inventory	legacy_dir	/data/data/com.termux/files/home/02.ERP-system/12.inventory/900.meta/910.transition-inbox/legacy-root-dirs/architecture	/data/data/com.termux/files/home/02.ERP-system/12.inventory/020.architecture	distributed	directory distributed successfully; archived at /data/data/com.termux/files/home/02.ERP-system/12.inventory/900.meta/911.transition-distributed-archive/dirs/architecture
/data/data/com.termux/files/home/02.ERP-system/12.inventory	legacy_dir	/data/data/com.termux/files/home/02.ERP-system/12.inventory/900.meta/910.transition-inbox/legacy-root-dirs/flow	/data/data/com.termux/files/home/02.ERP-system/12.inventory/050.flow	distributed	directory distributed successfully; archived at /data/data/com.termux/files/home/02.ERP-system/12.inventory/900.meta/911.transition-distributed-archive/dirs/flow
/data/data/com.termux/files/home/02.ERP-system/12.inventory	legacy_dir	/data/data/com.termux/files/home/02.ERP-system/12.inventory/900.meta/910.transition-inbox/legacy-root-dirs/implementation	/data/data/com.termux/files/home/02.ERP-system/12.inventory/120.implementation	distributed	directory distributed successfully; archived at /data/data/com.termux/files/home/02.ERP-system/12.inventory/900.meta/911.transition-distributed-archive/dirs/implementation
/data/data/com.termux/files/home/02.ERP-system/12.inventory	legacy_dir	/data/data/com.termux/files/home/02.ERP-system/12.inventory/900.meta/910.transition-inbox/legacy-root-dirs/model	/data/data/com.termux/files/home/02.ERP-system/12.inventory/030.model	distributed	directory distributed successfully; archived at /data/data/com.termux/files/home/02.ERP-system/12.inventory/900.meta/911.transition-distributed-archive/dirs/model
/data/data/com.termux/files/home/02.ERP-system/12.inventory	legacy_dir	/data/data/com.termux/files/home/02.ERP-system/12.inventory/900.meta/910.transition-inbox/legacy-root-dirs/screen	/data/data/com.termux/files/home/02.ERP-system/12.inventory/120.implementation	distributed	directory distributed successfully; archived at /data/data/com.termux/files/home/02.ERP-system/12.inventory/900.meta/911.transition-distributed-archive/dirs/screen
/data/data/com.termux/files/home/02.ERP-system/12.inventory	legacy_dir	/data/data/com.termux/files/home/02.ERP-system/12.inventory/900.meta/910.transition-inbox/legacy-root-dirs/security	/data/data/com.termux/files/home/02.ERP-system/12.inventory/100.security	distributed	directory distributed successfully; archived at /data/data/com.termux/files/home/02.ERP-system/12.inventory/900.meta/911.transition-distributed-archive/dirs/security
/data/data/com.termux/files/home/02.ERP-system/13.warehouse	legacy_dir	/data/data/com.termux/files/home/02.ERP-system/13.warehouse/900.meta/910.transition-inbox/legacy-root-dirs/api	/data/data/com.termux/files/home/02.ERP-system/13.warehouse/060.integration	distributed	directory distributed successfully; archived at /data/data/com.termux/files/home/02.ERP-system/13.warehouse/900.meta/911.transition-distributed-archive/dirs/api
/data/data/com.termux/files/home/02.ERP-system/13.warehouse	legacy_dir	/data/data/com.termux/files/home/02.ERP-system/13.warehouse/900.meta/910.transition-inbox/legacy-root-dirs/architecture	/data/data/com.termux/files/home/02.ERP-system/13.warehouse/020.architecture	distributed	directory distributed successfully; archived at /data/data/com.termux/files/home/02.ERP-system/13.warehouse/900.meta/911.transition-distributed-archive/dirs/architecture
/data/data/com.termux/files/home/02.ERP-system/13.warehouse	legacy_dir	/data/data/com.termux/files/home/02.ERP-system/13.warehouse/900.meta/910.transition-inbox/legacy-root-dirs/flow	/data/data/com.termux/files/home/02.ERP-system/13.warehouse/050.flow	distributed	directory distributed successfully; archived at /data/data/com.termux/files/home/02.ERP-system/13.warehouse/900.meta/911.transition-distributed-archive/dirs/flow
/data/data/com.termux/files/home/02.ERP-system/13.warehouse	legacy_dir	/data/data/com.termux/files/home/02.ERP-system/13.warehouse/900.meta/910.transition-inbox/legacy-root-dirs/implementation	/data/data/com.termux/files/home/02.ERP-system/13.warehouse/120.implementation	distributed	directory distributed successfully; archived at /data/data/com.termux/files/home/02.ERP-system/13.warehouse/900.meta/911.transition-distributed-archive/dirs/implementation
/data/data/com.termux/files/home/02.ERP-system/13.warehouse	legacy_dir	/data/data/com.termux/files/home/02.ERP-system/13.warehouse/900.meta/910.transition-inbox/legacy-root-dirs/model	/data/data/com.termux/files/home/02.ERP-system/13.warehouse/030.model	distributed	directory distributed successfully; archived at /data/data/com.termux/files/home/02.ERP-system/13.warehouse/900.meta/911.transition-distributed-archive/dirs/model
/data/data/com.termux/files/home/02.ERP-system/13.warehouse	legacy_dir	/data/data/com.termux/files/home/02.ERP-system/13.warehouse/900.meta/910.transition-inbox/legacy-root-dirs/screen	/data/data/com.termux/files/home/02.ERP-system/13.warehouse/120.implementation	distributed	directory distributed successfully; archived at /data/data/com.termux/files/home/02.ERP-system/13.warehouse/900.meta/911.transition-distributed-archive/dirs/screen
/data/data/com.termux/files/home/02.ERP-system/13.warehouse	legacy_dir	/data/data/com.termux/files/home/02.ERP-system/13.warehouse/900.meta/910.transition-inbox/legacy-root-dirs/security	/data/data/com.termux/files/home/02.ERP-system/13.warehouse/100.security	distributed	directory distributed successfully; archived at /data/data/com.termux/files/home/02.ERP-system/13.warehouse/900.meta/911.transition-distributed-archive/dirs/security
/data/data/com.termux/files/home/02.ERP-system/13.warehouse/01.inbound	legacy_dir	/data/data/com.termux/files/home/02.ERP-system/13.warehouse/01.inbound/900.meta/910.transition-inbox/legacy-root-dirs/api	/data/data/com.termux/files/home/02.ERP-system/13.warehouse/01.inbound/060.integration	distributed	directory distributed successfully; archived at /data/data/com.termux/files/home/02.ERP-system/13.warehouse/01.inbound/900.meta/911.transition-distributed-archive/dirs/api
/data/data/com.termux/files/home/02.ERP-system/13.warehouse/01.inbound	legacy_dir	/data/data/com.termux/files/home/02.ERP-system/13.warehouse/01.inbound/900.meta/910.transition-inbox/legacy-root-dirs/architecture	/data/data/com.termux/files/home/02.ERP-system/13.warehouse/01.inbound/020.architecture	distributed	directory distributed successfully; archived at /data/data/com.termux/files/home/02.ERP-system/13.warehouse/01.inbound/900.meta/911.transition-distributed-archive/dirs/architecture
/data/data/com.termux/files/home/02.ERP-system/13.warehouse/01.inbound	legacy_dir	/data/data/com.termux/files/home/02.ERP-system/13.warehouse/01.inbound/900.meta/910.transition-inbox/legacy-root-dirs/flow	/data/data/com.termux/files/home/02.ERP-system/13.warehouse/01.inbound/050.flow	distributed	directory distributed successfully; archived at /data/data/com.termux/files/home/02.ERP-system/13.warehouse/01.inbound/900.meta/911.transition-distributed-archive/dirs/flow
/data/data/com.termux/files/home/02.ERP-system/13.warehouse/01.inbound	legacy_dir	/data/data/com.termux/files/home/02.ERP-system/13.warehouse/01.inbound/900.meta/910.transition-inbox/legacy-root-dirs/implementation	/data/data/com.termux/files/home/02.ERP-system/13.warehouse/01.inbound/120.implementation	distributed	directory distributed successfully; archived at /data/data/com.termux/files/home/02.ERP-system/13.warehouse/01.inbound/900.meta/911.transition-distributed-archive/dirs/implementation
/data/data/com.termux/files/home/02.ERP-system/13.warehouse/01.inbound	legacy_dir	/data/data/com.termux/files/home/02.ERP-system/13.warehouse/01.inbound/900.meta/910.transition-inbox/legacy-root-dirs/model	/data/data/com.termux/files/home/02.ERP-system/13.warehouse/01.inbound/030.model	distributed	directory distributed successfully; archived at /data/data/com.termux/files/home/02.ERP-system/13.warehouse/01.inbound/900.meta/911.transition-distributed-archive/dirs/model
/data/data/com.termux/files/home/02.ERP-system/13.warehouse/01.inbound	legacy_dir	/data/data/com.termux/files/home/02.ERP-system/13.warehouse/01.inbound/900.meta/910.transition-inbox/legacy-root-dirs/screen	/data/data/com.termux/files/home/02.ERP-system/13.warehouse/01.inbound/120.implementation	distributed	directory distributed successfully; archived at /data/data/com.termux/files/home/02.ERP-system/13.warehouse/01.inbound/900.meta/911.transition-distributed-archive/dirs/screen
/data/data/com.termux/files/home/02.ERP-system/13.warehouse/01.inbound	legacy_dir	/data/data/com.termux/files/home/02.ERP-system/13.warehouse/01.inbound/900.meta/910.transition-inbox/legacy-root-dirs/security	/data/data/com.termux/files/home/02.ERP-system/13.warehouse/01.inbound/100.security	distributed	directory distributed successfully; archived at /data/data/com.termux/files/home/02.ERP-system/13.warehouse/01.inbound/900.meta/911.transition-distributed-archive/dirs/security
/data/data/com.termux/files/home/02.ERP-system/13.warehouse/02.outbound	legacy_dir	/data/data/com.termux/files/home/02.ERP-system/13.warehouse/02.outbound/900.meta/910.transition-inbox/legacy-root-dirs/api	/data/data/com.termux/files/home/02.ERP-system/13.warehouse/02.outbound/060.integration	distributed	directory distributed successfully; archived at /data/data/com.termux/files/home/02.ERP-system/13.warehouse/02.outbound/900.meta/911.transition-distributed-archive/dirs/api
/data/data/com.termux/files/home/02.ERP-system/13.warehouse/02.outbound	legacy_dir	/data/data/com.termux/files/home/02.ERP-system/13.warehouse/02.outbound/900.meta/910.transition-inbox/legacy-root-dirs/architecture	/data/data/com.termux/files/home/02.ERP-system/13.warehouse/02.outbound/020.architecture	distributed	directory distributed successfully; archived at /data/data/com.termux/files/home/02.ERP-system/13.warehouse/02.outbound/900.meta/911.transition-distributed-archive/dirs/architecture
/data/data/com.termux/files/home/02.ERP-system/13.warehouse/02.outbound	legacy_dir	/data/data/com.termux/files/home/02.ERP-system/13.warehouse/02.outbound/900.meta/910.transition-inbox/legacy-root-dirs/flow	/data/data/com.termux/files/home/02.ERP-system/13.warehouse/02.outbound/050.flow	distributed	directory distributed successfully; archived at /data/data/com.termux/files/home/02.ERP-system/13.warehouse/02.outbound/900.meta/911.transition-distributed-archive/dirs/flow
/data/data/com.termux/files/home/02.ERP-system/13.warehouse/02.outbound	legacy_dir	/data/data/com.termux/files/home/02.ERP-system/13.warehouse/02.outbound/900.meta/910.transition-inbox/legacy-root-dirs/implementation	/data/data/com.termux/files/home/02.ERP-system/13.warehouse/02.outbound/120.implementation	distributed	directory distributed successfully; archived at /data/data/com.termux/files/home/02.ERP-system/13.warehouse/02.outbound/900.meta/911.transition-distributed-archive/dirs/implementation
/data/data/com.termux/files/home/02.ERP-system/13.warehouse/02.outbound	legacy_dir	/data/data/com.termux/files/home/02.ERP-system/13.warehouse/02.outbound/900.meta/910.transition-inbox/legacy-root-dirs/model	/data/data/com.termux/files/home/02.ERP-system/13.warehouse/02.outbound/030.model	distributed	directory distributed successfully; archived at /data/data/com.termux/files/home/02.ERP-system/13.warehouse/02.outbound/900.meta/911.transition-distributed-archive/dirs/model
/data/data/com.termux/files/home/02.ERP-system/13.warehouse/02.outbound	legacy_dir	/data/data/com.termux/files/home/02.ERP-system/13.warehouse/02.outbound/900.meta/910.transition-inbox/legacy-root-dirs/screen	/data/data/com.termux/files/home/02.ERP-system/13.warehouse/02.outbound/120.implementation	distributed	directory distributed successfully; archived at /data/data/com.termux/files/home/02.ERP-system/13.warehouse/02.outbound/900.meta/911.transition-distributed-archive/dirs/screen
/data/data/com.termux/files/home/02.ERP-system/13.warehouse/02.outbound	legacy_dir	/data/data/com.termux/files/home/02.ERP-system/13.warehouse/02.outbound/900.meta/910.transition-inbox/legacy-root-dirs/security	/data/data/com.termux/files/home/02.ERP-system/13.warehouse/02.outbound/100.security	distributed	directory distributed successfully; archived at /data/data/com.termux/files/home/02.ERP-system/13.warehouse/02.outbound/900.meta/911.transition-distributed-archive/dirs/security
/data/data/com.termux/files/home/02.ERP-system/13.warehouse/03.allocation	legacy_dir	/data/data/com.termux/files/home/02.ERP-system/13.warehouse/03.allocation/900.meta/910.transition-inbox/legacy-root-dirs/api	/data/data/com.termux/files/home/02.ERP-system/13.warehouse/03.allocation/060.integration	distributed	directory distributed successfully; archived at /data/data/com.termux/files/home/02.ERP-system/13.warehouse/03.allocation/900.meta/911.transition-distributed-archive/dirs/api
/data/data/com.termux/files/home/02.ERP-system/13.warehouse/03.allocation	legacy_dir	/data/data/com.termux/files/home/02.ERP-system/13.warehouse/03.allocation/900.meta/910.transition-inbox/legacy-root-dirs/architecture	/data/data/com.termux/files/home/02.ERP-system/13.warehouse/03.allocation/020.architecture	distributed	directory distributed successfully; archived at /data/data/com.termux/files/home/02.ERP-system/13.warehouse/03.allocation/900.meta/911.transition-distributed-archive/dirs/architecture
/data/data/com.termux/files/home/02.ERP-system/13.warehouse/03.allocation	legacy_dir	/data/data/com.termux/files/home/02.ERP-system/13.warehouse/03.allocation/900.meta/910.transition-inbox/legacy-root-dirs/flow	/data/data/com.termux/files/home/02.ERP-system/13.warehouse/03.allocation/050.flow	distributed	directory distributed successfully; archived at /data/data/com.termux/files/home/02.ERP-system/13.warehouse/03.allocation/900.meta/911.transition-distributed-archive/dirs/flow
/data/data/com.termux/files/home/02.ERP-system/13.warehouse/03.allocation	legacy_dir	/data/data/com.termux/files/home/02.ERP-system/13.warehouse/03.allocation/900.meta/910.transition-inbox/legacy-root-dirs/implementation	/data/data/com.termux/files/home/02.ERP-system/13.warehouse/03.allocation/120.implementation	distributed	directory distributed successfully; archived at /data/data/com.termux/files/home/02.ERP-system/13.warehouse/03.allocation/900.meta/911.transition-distributed-archive/dirs/implementation
/data/data/com.termux/files/home/02.ERP-system/13.warehouse/03.allocation	legacy_dir	/data/data/com.termux/files/home/02.ERP-system/13.warehouse/03.allocation/900.meta/910.transition-inbox/legacy-root-dirs/model	/data/data/com.termux/files/home/02.ERP-system/13.warehouse/03.allocation/030.model	distributed	directory distributed successfully; archived at /data/data/com.termux/files/home/02.ERP-system/13.warehouse/03.allocation/900.meta/911.transition-distributed-archive/dirs/model
/data/data/com.termux/files/home/02.ERP-system/13.warehouse/03.allocation	legacy_dir	/data/data/com.termux/files/home/02.ERP-system/13.warehouse/03.allocation/900.meta/910.transition-inbox/legacy-root-dirs/screen	/data/data/com.termux/files/home/02.ERP-system/13.warehouse/03.allocation/120.implementation	distributed	directory distributed successfully; archived at /data/data/com.termux/files/home/02.ERP-system/13.warehouse/03.allocation/900.meta/911.transition-distributed-archive/dirs/screen
/data/data/com.termux/files/home/02.ERP-system/13.warehouse/03.allocation	legacy_dir	/data/data/com.termux/files/home/02.ERP-system/13.warehouse/03.allocation/900.meta/910.transition-inbox/legacy-root-dirs/security	/data/data/com.termux/files/home/02.ERP-system/13.warehouse/03.allocation/100.security	distributed	directory distributed successfully; archived at /data/data/com.termux/files/home/02.ERP-system/13.warehouse/03.allocation/900.meta/911.transition-distributed-archive/dirs/security
/data/data/com.termux/files/home/02.ERP-system/13.warehouse/04.picking	legacy_dir	/data/data/com.termux/files/home/02.ERP-system/13.warehouse/04.picking/900.meta/910.transition-inbox/legacy-root-dirs/api	/data/data/com.termux/files/home/02.ERP-system/13.warehouse/04.picking/060.integration	distributed	directory distributed successfully; archived at /data/data/com.termux/files/home/02.ERP-system/13.warehouse/04.picking/900.meta/911.transition-distributed-archive/dirs/api
/data/data/com.termux/files/home/02.ERP-system/13.warehouse/04.picking	legacy_dir	/data/data/com.termux/files/home/02.ERP-system/13.warehouse/04.picking/900.meta/910.transition-inbox/legacy-root-dirs/architecture	/data/data/com.termux/files/home/02.ERP-system/13.warehouse/04.picking/020.architecture	distributed	directory distributed successfully; archived at /data/data/com.termux/files/home/02.ERP-system/13.warehouse/04.picking/900.meta/911.transition-distributed-archive/dirs/architecture
/data/data/com.termux/files/home/02.ERP-system/13.warehouse/04.picking	legacy_dir	/data/data/com.termux/files/home/02.ERP-system/13.warehouse/04.picking/900.meta/910.transition-inbox/legacy-root-dirs/flow	/data/data/com.termux/files/home/02.ERP-system/13.warehouse/04.picking/050.flow	distributed	directory distributed successfully; archived at /data/data/com.termux/files/home/02.ERP-system/13.warehouse/04.picking/900.meta/911.transition-distributed-archive/dirs/flow
/data/data/com.termux/files/home/02.ERP-system/13.warehouse/04.picking	legacy_dir	/data/data/com.termux/files/home/02.ERP-system/13.warehouse/04.picking/900.meta/910.transition-inbox/legacy-root-dirs/implementation	/data/data/com.termux/files/home/02.ERP-system/13.warehouse/04.picking/120.implementation	distributed	directory distributed successfully; archived at /data/data/com.termux/files/home/02.ERP-system/13.warehouse/04.picking/900.meta/911.transition-distributed-archive/dirs/implementation
/data/data/com.termux/files/home/02.ERP-system/13.warehouse/04.picking	legacy_dir	/data/data/com.termux/files/home/02.ERP-system/13.warehouse/04.picking/900.meta/910.transition-inbox/legacy-root-dirs/model	/data/data/com.termux/files/home/02.ERP-system/13.warehouse/04.picking/030.model	distributed	directory distributed successfully; archived at /data/data/com.termux/files/home/02.ERP-system/13.warehouse/04.picking/900.meta/911.transition-distributed-archive/dirs/model
/data/data/com.termux/files/home/02.ERP-system/13.warehouse/04.picking	legacy_dir	/data/data/com.termux/files/home/02.ERP-system/13.warehouse/04.picking/900.meta/910.transition-inbox/legacy-root-dirs/screen	/data/data/com.termux/files/home/02.ERP-system/13.warehouse/04.picking/120.implementation	distributed	directory distributed successfully; archived at /data/data/com.termux/files/home/02.ERP-system/13.warehouse/04.picking/900.meta/911.transition-distributed-archive/dirs/screen
/data/data/com.termux/files/home/02.ERP-system/13.warehouse/04.picking	legacy_dir	/data/data/com.termux/files/home/02.ERP-system/13.warehouse/04.picking/900.meta/910.transition-inbox/legacy-root-dirs/security	/data/data/com.termux/files/home/02.ERP-system/13.warehouse/04.picking/100.security	distributed	directory distributed successfully; archived at /data/data/com.termux/files/home/02.ERP-system/13.warehouse/04.picking/900.meta/911.transition-distributed-archive/dirs/security
/data/data/com.termux/files/home/02.ERP-system/13.warehouse/05.shipping	legacy_dir	/data/data/com.termux/files/home/02.ERP-system/13.warehouse/05.shipping/900.meta/910.transition-inbox/legacy-root-dirs/api	/data/data/com.termux/files/home/02.ERP-system/13.warehouse/05.shipping/060.integration	distributed	directory distributed successfully; archived at /data/data/com.termux/files/home/02.ERP-system/13.warehouse/05.shipping/900.meta/911.transition-distributed-archive/dirs/api
/data/data/com.termux/files/home/02.ERP-system/13.warehouse/05.shipping	legacy_dir	/data/data/com.termux/files/home/02.ERP-system/13.warehouse/05.shipping/900.meta/910.transition-inbox/legacy-root-dirs/architecture	/data/data/com.termux/files/home/02.ERP-system/13.warehouse/05.shipping/020.architecture	distributed	directory distributed successfully; archived at /data/data/com.termux/files/home/02.ERP-system/13.warehouse/05.shipping/900.meta/911.transition-distributed-archive/dirs/architecture
/data/data/com.termux/files/home/02.ERP-system/13.warehouse/05.shipping	legacy_dir	/data/data/com.termux/files/home/02.ERP-system/13.warehouse/05.shipping/900.meta/910.transition-inbox/legacy-root-dirs/flow	/data/data/com.termux/files/home/02.ERP-system/13.warehouse/05.shipping/050.flow	distributed	directory distributed successfully; archived at /data/data/com.termux/files/home/02.ERP-system/13.warehouse/05.shipping/900.meta/911.transition-distributed-archive/dirs/flow
/data/data/com.termux/files/home/02.ERP-system/13.warehouse/05.shipping	legacy_dir	/data/data/com.termux/files/home/02.ERP-system/13.warehouse/05.shipping/900.meta/910.transition-inbox/legacy-root-dirs/implementation	/data/data/com.termux/files/home/02.ERP-system/13.warehouse/05.shipping/120.implementation	distributed	directory distributed successfully; archived at /data/data/com.termux/files/home/02.ERP-system/13.warehouse/05.shipping/900.meta/911.transition-distributed-archive/dirs/implementation
/data/data/com.termux/files/home/02.ERP-system/13.warehouse/05.shipping	legacy_dir	/data/data/com.termux/files/home/02.ERP-system/13.warehouse/05.shipping/900.meta/910.transition-inbox/legacy-root-dirs/model	/data/data/com.termux/files/home/02.ERP-system/13.warehouse/05.shipping/030.model	distributed	directory distributed successfully; archived at /data/data/com.termux/files/home/02.ERP-system/13.warehouse/05.shipping/900.meta/911.transition-distributed-archive/dirs/model
/data/data/com.termux/files/home/02.ERP-system/13.warehouse/05.shipping	legacy_dir	/data/data/com.termux/files/home/02.ERP-system/13.warehouse/05.shipping/900.meta/910.transition-inbox/legacy-root-dirs/screen	/data/data/com.termux/files/home/02.ERP-system/13.warehouse/05.shipping/120.implementation	distributed	directory distributed successfully; archived at /data/data/com.termux/files/home/02.ERP-system/13.warehouse/05.shipping/900.meta/911.transition-distributed-archive/dirs/screen
/data/data/com.termux/files/home/02.ERP-system/13.warehouse/05.shipping	legacy_dir	/data/data/com.termux/files/home/02.ERP-system/13.warehouse/05.shipping/900.meta/910.transition-inbox/legacy-root-dirs/security	/data/data/com.termux/files/home/02.ERP-system/13.warehouse/05.shipping/100.security	distributed	directory distributed successfully; archived at /data/data/com.termux/files/home/02.ERP-system/13.warehouse/05.shipping/900.meta/911.transition-distributed-archive/dirs/security
/data/data/com.termux/files/home/02.ERP-system/13.warehouse/06.receiving	legacy_dir	/data/data/com.termux/files/home/02.ERP-system/13.warehouse/06.receiving/900.meta/910.transition-inbox/legacy-root-dirs/api	/data/data/com.termux/files/home/02.ERP-system/13.warehouse/06.receiving/060.integration	distributed	directory distributed successfully; archived at /data/data/com.termux/files/home/02.ERP-system/13.warehouse/06.receiving/900.meta/911.transition-distributed-archive/dirs/api
/data/data/com.termux/files/home/02.ERP-system/13.warehouse/06.receiving	legacy_dir	/data/data/com.termux/files/home/02.ERP-system/13.warehouse/06.receiving/900.meta/910.transition-inbox/legacy-root-dirs/architecture	/data/data/com.termux/files/home/02.ERP-system/13.warehouse/06.receiving/020.architecture	distributed	directory distributed successfully; archived at /data/data/com.termux/files/home/02.ERP-system/13.warehouse/06.receiving/900.meta/911.transition-distributed-archive/dirs/architecture
/data/data/com.termux/files/home/02.ERP-system/13.warehouse/06.receiving	legacy_dir	/data/data/com.termux/files/home/02.ERP-system/13.warehouse/06.receiving/900.meta/910.transition-inbox/legacy-root-dirs/flow	/data/data/com.termux/files/home/02.ERP-system/13.warehouse/06.receiving/050.flow	distributed	directory distributed successfully; archived at /data/data/com.termux/files/home/02.ERP-system/13.warehouse/06.receiving/900.meta/911.transition-distributed-archive/dirs/flow
/data/data/com.termux/files/home/02.ERP-system/13.warehouse/06.receiving	legacy_dir	/data/data/com.termux/files/home/02.ERP-system/13.warehouse/06.receiving/900.meta/910.transition-inbox/legacy-root-dirs/implementation	/data/data/com.termux/files/home/02.ERP-system/13.warehouse/06.receiving/120.implementation	distributed	directory distributed successfully; archived at /data/data/com.termux/files/home/02.ERP-system/13.warehouse/06.receiving/900.meta/911.transition-distributed-archive/dirs/implementation
/data/data/com.termux/files/home/02.ERP-system/13.warehouse/06.receiving	legacy_dir	/data/data/com.termux/files/home/02.ERP-system/13.warehouse/06.receiving/900.meta/910.transition-inbox/legacy-root-dirs/model	/data/data/com.termux/files/home/02.ERP-system/13.warehouse/06.receiving/030.model	distributed	directory distributed successfully; archived at /data/data/com.termux/files/home/02.ERP-system/13.warehouse/06.receiving/900.meta/911.transition-distributed-archive/dirs/model
/data/data/com.termux/files/home/02.ERP-system/13.warehouse/06.receiving	legacy_dir	/data/data/com.termux/files/home/02.ERP-system/13.warehouse/06.receiving/900.meta/910.transition-inbox/legacy-root-dirs/screen	/data/data/com.termux/files/home/02.ERP-system/13.warehouse/06.receiving/120.implementation	distributed	directory distributed successfully; archived at /data/data/com.termux/files/home/02.ERP-system/13.warehouse/06.receiving/900.meta/911.transition-distributed-archive/dirs/screen
/data/data/com.termux/files/home/02.ERP-system/13.warehouse/06.receiving	legacy_dir	/data/data/com.termux/files/home/02.ERP-system/13.warehouse/06.receiving/900.meta/910.transition-inbox/legacy-root-dirs/security	/data/data/com.termux/files/home/02.ERP-system/13.warehouse/06.receiving/100.security	distributed	directory distributed successfully; archived at /data/data/com.termux/files/home/02.ERP-system/13.warehouse/06.receiving/900.meta/911.transition-distributed-archive/dirs/security
/data/data/com.termux/files/home/02.ERP-system/14.logistics	legacy_dir	/data/data/com.termux/files/home/02.ERP-system/14.logistics/900.meta/910.transition-inbox/legacy-root-dirs/api	/data/data/com.termux/files/home/02.ERP-system/14.logistics/060.integration	distributed	directory distributed successfully; archived at /data/data/com.termux/files/home/02.ERP-system/14.logistics/900.meta/911.transition-distributed-archive/dirs/api
/data/data/com.termux/files/home/02.ERP-system/14.logistics	legacy_dir	/data/data/com.termux/files/home/02.ERP-system/14.logistics/900.meta/910.transition-inbox/legacy-root-dirs/architecture	/data/data/com.termux/files/home/02.ERP-system/14.logistics/020.architecture	distributed	directory distributed successfully; archived at /data/data/com.termux/files/home/02.ERP-system/14.logistics/900.meta/911.transition-distributed-archive/dirs/architecture
/data/data/com.termux/files/home/02.ERP-system/14.logistics	legacy_dir	/data/data/com.termux/files/home/02.ERP-system/14.logistics/900.meta/910.transition-inbox/legacy-root-dirs/flow	/data/data/com.termux/files/home/02.ERP-system/14.logistics/050.flow	distributed	directory distributed successfully; archived at /data/data/com.termux/files/home/02.ERP-system/14.logistics/900.meta/911.transition-distributed-archive/dirs/flow
/data/data/com.termux/files/home/02.ERP-system/14.logistics	legacy_dir	/data/data/com.termux/files/home/02.ERP-system/14.logistics/900.meta/910.transition-inbox/legacy-root-dirs/implementation	/data/data/com.termux/files/home/02.ERP-system/14.logistics/120.implementation	distributed	directory distributed successfully; archived at /data/data/com.termux/files/home/02.ERP-system/14.logistics/900.meta/911.transition-distributed-archive/dirs/implementation
/data/data/com.termux/files/home/02.ERP-system/14.logistics	legacy_dir	/data/data/com.termux/files/home/02.ERP-system/14.logistics/900.meta/910.transition-inbox/legacy-root-dirs/model	/data/data/com.termux/files/home/02.ERP-system/14.logistics/030.model	distributed	directory distributed successfully; archived at /data/data/com.termux/files/home/02.ERP-system/14.logistics/900.meta/911.transition-distributed-archive/dirs/model
/data/data/com.termux/files/home/02.ERP-system/14.logistics	legacy_dir	/data/data/com.termux/files/home/02.ERP-system/14.logistics/900.meta/910.transition-inbox/legacy-root-dirs/screen	/data/data/com.termux/files/home/02.ERP-system/14.logistics/120.implementation	distributed	directory distributed successfully; archived at /data/data/com.termux/files/home/02.ERP-system/14.logistics/900.meta/911.transition-distributed-archive/dirs/screen
/data/data/com.termux/files/home/02.ERP-system/14.logistics	legacy_dir	/data/data/com.termux/files/home/02.ERP-system/14.logistics/900.meta/910.transition-inbox/legacy-root-dirs/security	/data/data/com.termux/files/home/02.ERP-system/14.logistics/100.security	distributed	directory distributed successfully; archived at /data/data/com.termux/files/home/02.ERP-system/14.logistics/900.meta/911.transition-distributed-archive/dirs/security
/data/data/com.termux/files/home/02.ERP-system/14.logistics/01.transportation	legacy_dir	/data/data/com.termux/files/home/02.ERP-system/14.logistics/01.transportation/900.meta/910.transition-inbox/legacy-root-dirs/api	/data/data/com.termux/files/home/02.ERP-system/14.logistics/01.transportation/060.integration	distributed	directory distributed successfully; archived at /data/data/com.termux/files/home/02.ERP-system/14.logistics/01.transportation/900.meta/911.transition-distributed-archive/dirs/api
/data/data/com.termux/files/home/02.ERP-system/14.logistics/01.transportation	legacy_dir	/data/data/com.termux/files/home/02.ERP-system/14.logistics/01.transportation/900.meta/910.transition-inbox/legacy-root-dirs/architecture	/data/data/com.termux/files/home/02.ERP-system/14.logistics/01.transportation/020.architecture	distributed	directory distributed successfully; archived at /data/data/com.termux/files/home/02.ERP-system/14.logistics/01.transportation/900.meta/911.transition-distributed-archive/dirs/architecture
/data/data/com.termux/files/home/02.ERP-system/14.logistics/01.transportation	legacy_dir	/data/data/com.termux/files/home/02.ERP-system/14.logistics/01.transportation/900.meta/910.transition-inbox/legacy-root-dirs/flow	/data/data/com.termux/files/home/02.ERP-system/14.logistics/01.transportation/050.flow	distributed	directory distributed successfully; archived at /data/data/com.termux/files/home/02.ERP-system/14.logistics/01.transportation/900.meta/911.transition-distributed-archive/dirs/flow
/data/data/com.termux/files/home/02.ERP-system/14.logistics/01.transportation	legacy_dir	/data/data/com.termux/files/home/02.ERP-system/14.logistics/01.transportation/900.meta/910.transition-inbox/legacy-root-dirs/implementation	/data/data/com.termux/files/home/02.ERP-system/14.logistics/01.transportation/120.implementation	distributed	directory distributed successfully; archived at /data/data/com.termux/files/home/02.ERP-system/14.logistics/01.transportation/900.meta/911.transition-distributed-archive/dirs/implementation
/data/data/com.termux/files/home/02.ERP-system/14.logistics/01.transportation	legacy_dir	/data/data/com.termux/files/home/02.ERP-system/14.logistics/01.transportation/900.meta/910.transition-inbox/legacy-root-dirs/model	/data/data/com.termux/files/home/02.ERP-system/14.logistics/01.transportation/030.model	distributed	directory distributed successfully; archived at /data/data/com.termux/files/home/02.ERP-system/14.logistics/01.transportation/900.meta/911.transition-distributed-archive/dirs/model
/data/data/com.termux/files/home/02.ERP-system/14.logistics/01.transportation	legacy_dir	/data/data/com.termux/files/home/02.ERP-system/14.logistics/01.transportation/900.meta/910.transition-inbox/legacy-root-dirs/screen	/data/data/com.termux/files/home/02.ERP-system/14.logistics/01.transportation/120.implementation	distributed	directory distributed successfully; archived at /data/data/com.termux/files/home/02.ERP-system/14.logistics/01.transportation/900.meta/911.transition-distributed-archive/dirs/screen
/data/data/com.termux/files/home/02.ERP-system/14.logistics/01.transportation	legacy_dir	/data/data/com.termux/files/home/02.ERP-system/14.logistics/01.transportation/900.meta/910.transition-inbox/legacy-root-dirs/security	/data/data/com.termux/files/home/02.ERP-system/14.logistics/01.transportation/100.security	distributed	directory distributed successfully; archived at /data/data/com.termux/files/home/02.ERP-system/14.logistics/01.transportation/900.meta/911.transition-distributed-archive/dirs/security
/data/data/com.termux/files/home/02.ERP-system/14.logistics/02.delivery	legacy_dir	/data/data/com.termux/files/home/02.ERP-system/14.logistics/02.delivery/900.meta/910.transition-inbox/legacy-root-dirs/api	/data/data/com.termux/files/home/02.ERP-system/14.logistics/02.delivery/060.integration	distributed	directory distributed successfully; archived at /data/data/com.termux/files/home/02.ERP-system/14.logistics/02.delivery/900.meta/911.transition-distributed-archive/dirs/api
/data/data/com.termux/files/home/02.ERP-system/14.logistics/02.delivery	legacy_dir	/data/data/com.termux/files/home/02.ERP-system/14.logistics/02.delivery/900.meta/910.transition-inbox/legacy-root-dirs/architecture	/data/data/com.termux/files/home/02.ERP-system/14.logistics/02.delivery/020.architecture	distributed	directory distributed successfully; archived at /data/data/com.termux/files/home/02.ERP-system/14.logistics/02.delivery/900.meta/911.transition-distributed-archive/dirs/architecture
/data/data/com.termux/files/home/02.ERP-system/14.logistics/02.delivery	legacy_dir	/data/data/com.termux/files/home/02.ERP-system/14.logistics/02.delivery/900.meta/910.transition-inbox/legacy-root-dirs/flow	/data/data/com.termux/files/home/02.ERP-system/14.logistics/02.delivery/050.flow	distributed	directory distributed successfully; archived at /data/data/com.termux/files/home/02.ERP-system/14.logistics/02.delivery/900.meta/911.transition-distributed-archive/dirs/flow
/data/data/com.termux/files/home/02.ERP-system/14.logistics/02.delivery	legacy_dir	/data/data/com.termux/files/home/02.ERP-system/14.logistics/02.delivery/900.meta/910.transition-inbox/legacy-root-dirs/implementation	/data/data/com.termux/files/home/02.ERP-system/14.logistics/02.delivery/120.implementation	distributed	directory distributed successfully; archived at /data/data/com.termux/files/home/02.ERP-system/14.logistics/02.delivery/900.meta/911.transition-distributed-archive/dirs/implementation
/data/data/com.termux/files/home/02.ERP-system/14.logistics/02.delivery	legacy_dir	/data/data/com.termux/files/home/02.ERP-system/14.logistics/02.delivery/900.meta/910.transition-inbox/legacy-root-dirs/model	/data/data/com.termux/files/home/02.ERP-system/14.logistics/02.delivery/030.model	distributed	directory distributed successfully; archived at /data/data/com.termux/files/home/02.ERP-system/14.logistics/02.delivery/900.meta/911.transition-distributed-archive/dirs/model
/data/data/com.termux/files/home/02.ERP-system/14.logistics/02.delivery	legacy_dir	/data/data/com.termux/files/home/02.ERP-system/14.logistics/02.delivery/900.meta/910.transition-inbox/legacy-root-dirs/screen	/data/data/com.termux/files/home/02.ERP-system/14.logistics/02.delivery/120.implementation	distributed	directory distributed successfully; archived at /data/data/com.termux/files/home/02.ERP-system/14.logistics/02.delivery/900.meta/911.transition-distributed-archive/dirs/screen
/data/data/com.termux/files/home/02.ERP-system/14.logistics/02.delivery	legacy_dir	/data/data/com.termux/files/home/02.ERP-system/14.logistics/02.delivery/900.meta/910.transition-inbox/legacy-root-dirs/security	/data/data/com.termux/files/home/02.ERP-system/14.logistics/02.delivery/100.security	distributed	directory distributed successfully; archived at /data/data/com.termux/files/home/02.ERP-system/14.logistics/02.delivery/900.meta/911.transition-distributed-archive/dirs/security
/data/data/com.termux/files/home/02.ERP-system/14.logistics/03.route-planning	legacy_dir	/data/data/com.termux/files/home/02.ERP-system/14.logistics/03.route-planning/900.meta/910.transition-inbox/legacy-root-dirs/api	/data/data/com.termux/files/home/02.ERP-system/14.logistics/03.route-planning/060.integration	distributed	directory distributed successfully; archived at /data/data/com.termux/files/home/02.ERP-system/14.logistics/03.route-planning/900.meta/911.transition-distributed-archive/dirs/api
/data/data/com.termux/files/home/02.ERP-system/14.logistics/03.route-planning	legacy_dir	/data/data/com.termux/files/home/02.ERP-system/14.logistics/03.route-planning/900.meta/910.transition-inbox/legacy-root-dirs/architecture	/data/data/com.termux/files/home/02.ERP-system/14.logistics/03.route-planning/020.architecture	distributed	directory distributed successfully; archived at /data/data/com.termux/files/home/02.ERP-system/14.logistics/03.route-planning/900.meta/911.transition-distributed-archive/dirs/architecture
/data/data/com.termux/files/home/02.ERP-system/14.logistics/03.route-planning	legacy_dir	/data/data/com.termux/files/home/02.ERP-system/14.logistics/03.route-planning/900.meta/910.transition-inbox/legacy-root-dirs/flow	/data/data/com.termux/files/home/02.ERP-system/14.logistics/03.route-planning/050.flow	distributed	directory distributed successfully; archived at /data/data/com.termux/files/home/02.ERP-system/14.logistics/03.route-planning/900.meta/911.transition-distributed-archive/dirs/flow
/data/data/com.termux/files/home/02.ERP-system/14.logistics/03.route-planning	legacy_dir	/data/data/com.termux/files/home/02.ERP-system/14.logistics/03.route-planning/900.meta/910.transition-inbox/legacy-root-dirs/implementation	/data/data/com.termux/files/home/02.ERP-system/14.logistics/03.route-planning/120.implementation	distributed	directory distributed successfully; archived at /data/data/com.termux/files/home/02.ERP-system/14.logistics/03.route-planning/900.meta/911.transition-distributed-archive/dirs/implementation
/data/data/com.termux/files/home/02.ERP-system/14.logistics/03.route-planning	legacy_dir	/data/data/com.termux/files/home/02.ERP-system/14.logistics/03.route-planning/900.meta/910.transition-inbox/legacy-root-dirs/model	/data/data/com.termux/files/home/02.ERP-system/14.logistics/03.route-planning/030.model	distributed	directory distributed successfully; archived at /data/data/com.termux/files/home/02.ERP-system/14.logistics/03.route-planning/900.meta/911.transition-distributed-archive/dirs/model
/data/data/com.termux/files/home/02.ERP-system/14.logistics/03.route-planning	legacy_dir	/data/data/com.termux/files/home/02.ERP-system/14.logistics/03.route-planning/900.meta/910.transition-inbox/legacy-root-dirs/screen	/data/data/com.termux/files/home/02.ERP-system/14.logistics/03.route-planning/120.implementation	distributed	directory distributed successfully; archived at /data/data/com.termux/files/home/02.ERP-system/14.logistics/03.route-planning/900.meta/911.transition-distributed-archive/dirs/screen
/data/data/com.termux/files/home/02.ERP-system/14.logistics/03.route-planning	legacy_dir	/data/data/com.termux/files/home/02.ERP-system/14.logistics/03.route-planning/900.meta/910.transition-inbox/legacy-root-dirs/security	/data/data/com.termux/files/home/02.ERP-system/14.logistics/03.route-planning/100.security	distributed	directory distributed successfully; archived at /data/data/com.termux/files/home/02.ERP-system/14.logistics/03.route-planning/900.meta/911.transition-distributed-archive/dirs/security
/data/data/com.termux/files/home/02.ERP-system/15.manufacturing	legacy_dir	/data/data/com.termux/files/home/02.ERP-system/15.manufacturing/900.meta/910.transition-inbox/legacy-root-dirs/api	/data/data/com.termux/files/home/02.ERP-system/15.manufacturing/060.integration	distributed	directory distributed successfully; archived at /data/data/com.termux/files/home/02.ERP-system/15.manufacturing/900.meta/911.transition-distributed-archive/dirs/api
/data/data/com.termux/files/home/02.ERP-system/15.manufacturing	legacy_dir	/data/data/com.termux/files/home/02.ERP-system/15.manufacturing/900.meta/910.transition-inbox/legacy-root-dirs/architecture	/data/data/com.termux/files/home/02.ERP-system/15.manufacturing/020.architecture	distributed	directory distributed successfully; archived at /data/data/com.termux/files/home/02.ERP-system/15.manufacturing/900.meta/911.transition-distributed-archive/dirs/architecture
/data/data/com.termux/files/home/02.ERP-system/15.manufacturing	legacy_dir	/data/data/com.termux/files/home/02.ERP-system/15.manufacturing/900.meta/910.transition-inbox/legacy-root-dirs/flow	/data/data/com.termux/files/home/02.ERP-system/15.manufacturing/050.flow	distributed	directory distributed successfully; archived at /data/data/com.termux/files/home/02.ERP-system/15.manufacturing/900.meta/911.transition-distributed-archive/dirs/flow
/data/data/com.termux/files/home/02.ERP-system/15.manufacturing	legacy_dir	/data/data/com.termux/files/home/02.ERP-system/15.manufacturing/900.meta/910.transition-inbox/legacy-root-dirs/implementation	/data/data/com.termux/files/home/02.ERP-system/15.manufacturing/120.implementation	distributed	directory distributed successfully; archived at /data/data/com.termux/files/home/02.ERP-system/15.manufacturing/900.meta/911.transition-distributed-archive/dirs/implementation
/data/data/com.termux/files/home/02.ERP-system/15.manufacturing	legacy_dir	/data/data/com.termux/files/home/02.ERP-system/15.manufacturing/900.meta/910.transition-inbox/legacy-root-dirs/model	/data/data/com.termux/files/home/02.ERP-system/15.manufacturing/030.model	distributed	directory distributed successfully; archived at /data/data/com.termux/files/home/02.ERP-system/15.manufacturing/900.meta/911.transition-distributed-archive/dirs/model
/data/data/com.termux/files/home/02.ERP-system/15.manufacturing	legacy_dir	/data/data/com.termux/files/home/02.ERP-system/15.manufacturing/900.meta/910.transition-inbox/legacy-root-dirs/screen	/data/data/com.termux/files/home/02.ERP-system/15.manufacturing/120.implementation	distributed	directory distributed successfully; archived at /data/data/com.termux/files/home/02.ERP-system/15.manufacturing/900.meta/911.transition-distributed-archive/dirs/screen
/data/data/com.termux/files/home/02.ERP-system/15.manufacturing	legacy_dir	/data/data/com.termux/files/home/02.ERP-system/15.manufacturing/900.meta/910.transition-inbox/legacy-root-dirs/security	/data/data/com.termux/files/home/02.ERP-system/15.manufacturing/100.security	distributed	directory distributed successfully; archived at /data/data/com.termux/files/home/02.ERP-system/15.manufacturing/900.meta/911.transition-distributed-archive/dirs/security
/data/data/com.termux/files/home/02.ERP-system/16.production-planning	legacy_dir	/data/data/com.termux/files/home/02.ERP-system/16.production-planning/900.meta/910.transition-inbox/legacy-root-dirs/api	/data/data/com.termux/files/home/02.ERP-system/16.production-planning/060.integration	distributed	directory distributed successfully; archived at /data/data/com.termux/files/home/02.ERP-system/16.production-planning/900.meta/911.transition-distributed-archive/dirs/api
/data/data/com.termux/files/home/02.ERP-system/16.production-planning	legacy_dir	/data/data/com.termux/files/home/02.ERP-system/16.production-planning/900.meta/910.transition-inbox/legacy-root-dirs/architecture	/data/data/com.termux/files/home/02.ERP-system/16.production-planning/020.architecture	distributed	directory distributed successfully; archived at /data/data/com.termux/files/home/02.ERP-system/16.production-planning/900.meta/911.transition-distributed-archive/dirs/architecture
/data/data/com.termux/files/home/02.ERP-system/16.production-planning	legacy_dir	/data/data/com.termux/files/home/02.ERP-system/16.production-planning/900.meta/910.transition-inbox/legacy-root-dirs/flow	/data/data/com.termux/files/home/02.ERP-system/16.production-planning/050.flow	distributed	directory distributed successfully; archived at /data/data/com.termux/files/home/02.ERP-system/16.production-planning/900.meta/911.transition-distributed-archive/dirs/flow
/data/data/com.termux/files/home/02.ERP-system/16.production-planning	legacy_dir	/data/data/com.termux/files/home/02.ERP-system/16.production-planning/900.meta/910.transition-inbox/legacy-root-dirs/implementation	/data/data/com.termux/files/home/02.ERP-system/16.production-planning/120.implementation	distributed	directory distributed successfully; archived at /data/data/com.termux/files/home/02.ERP-system/16.production-planning/900.meta/911.transition-distributed-archive/dirs/implementation
/data/data/com.termux/files/home/02.ERP-system/16.production-planning	legacy_dir	/data/data/com.termux/files/home/02.ERP-system/16.production-planning/900.meta/910.transition-inbox/legacy-root-dirs/model	/data/data/com.termux/files/home/02.ERP-system/16.production-planning/030.model	distributed	directory distributed successfully; archived at /data/data/com.termux/files/home/02.ERP-system/16.production-planning/900.meta/911.transition-distributed-archive/dirs/model
/data/data/com.termux/files/home/02.ERP-system/16.production-planning	legacy_dir	/data/data/com.termux/files/home/02.ERP-system/16.production-planning/900.meta/910.transition-inbox/legacy-root-dirs/screen	/data/data/com.termux/files/home/02.ERP-system/16.production-planning/120.implementation	distributed	directory distributed successfully; archived at /data/data/com.termux/files/home/02.ERP-system/16.production-planning/900.meta/911.transition-distributed-archive/dirs/screen
/data/data/com.termux/files/home/02.ERP-system/16.production-planning	legacy_dir	/data/data/com.termux/files/home/02.ERP-system/16.production-planning/900.meta/910.transition-inbox/legacy-root-dirs/security	/data/data/com.termux/files/home/02.ERP-system/16.production-planning/100.security	distributed	directory distributed successfully; archived at /data/data/com.termux/files/home/02.ERP-system/16.production-planning/900.meta/911.transition-distributed-archive/dirs/security
/data/data/com.termux/files/home/02.ERP-system/16.production-planning/01.mrp	legacy_dir	/data/data/com.termux/files/home/02.ERP-system/16.production-planning/01.mrp/900.meta/910.transition-inbox/legacy-root-dirs/api	/data/data/com.termux/files/home/02.ERP-system/16.production-planning/01.mrp/060.integration	distributed	directory distributed successfully; archived at /data/data/com.termux/files/home/02.ERP-system/16.production-planning/01.mrp/900.meta/911.transition-distributed-archive/dirs/api
/data/data/com.termux/files/home/02.ERP-system/16.production-planning/01.mrp	legacy_dir	/data/data/com.termux/files/home/02.ERP-system/16.production-planning/01.mrp/900.meta/910.transition-inbox/legacy-root-dirs/architecture	/data/data/com.termux/files/home/02.ERP-system/16.production-planning/01.mrp/020.architecture	distributed	directory distributed successfully; archived at /data/data/com.termux/files/home/02.ERP-system/16.production-planning/01.mrp/900.meta/911.transition-distributed-archive/dirs/architecture
/data/data/com.termux/files/home/02.ERP-system/16.production-planning/01.mrp	legacy_dir	/data/data/com.termux/files/home/02.ERP-system/16.production-planning/01.mrp/900.meta/910.transition-inbox/legacy-root-dirs/flow	/data/data/com.termux/files/home/02.ERP-system/16.production-planning/01.mrp/050.flow	distributed	directory distributed successfully; archived at /data/data/com.termux/files/home/02.ERP-system/16.production-planning/01.mrp/900.meta/911.transition-distributed-archive/dirs/flow
/data/data/com.termux/files/home/02.ERP-system/16.production-planning/01.mrp	legacy_dir	/data/data/com.termux/files/home/02.ERP-system/16.production-planning/01.mrp/900.meta/910.transition-inbox/legacy-root-dirs/implementation	/data/data/com.termux/files/home/02.ERP-system/16.production-planning/01.mrp/120.implementation	distributed	directory distributed successfully; archived at /data/data/com.termux/files/home/02.ERP-system/16.production-planning/01.mrp/900.meta/911.transition-distributed-archive/dirs/implementation
/data/data/com.termux/files/home/02.ERP-system/16.production-planning/01.mrp	legacy_dir	/data/data/com.termux/files/home/02.ERP-system/16.production-planning/01.mrp/900.meta/910.transition-inbox/legacy-root-dirs/model	/data/data/com.termux/files/home/02.ERP-system/16.production-planning/01.mrp/030.model	distributed	directory distributed successfully; archived at /data/data/com.termux/files/home/02.ERP-system/16.production-planning/01.mrp/900.meta/911.transition-distributed-archive/dirs/model
/data/data/com.termux/files/home/02.ERP-system/16.production-planning/01.mrp	legacy_dir	/data/data/com.termux/files/home/02.ERP-system/16.production-planning/01.mrp/900.meta/910.transition-inbox/legacy-root-dirs/screen	/data/data/com.termux/files/home/02.ERP-system/16.production-planning/01.mrp/120.implementation	distributed	directory distributed successfully; archived at /data/data/com.termux/files/home/02.ERP-system/16.production-planning/01.mrp/900.meta/911.transition-distributed-archive/dirs/screen
/data/data/com.termux/files/home/02.ERP-system/16.production-planning/01.mrp	legacy_dir	/data/data/com.termux/files/home/02.ERP-system/16.production-planning/01.mrp/900.meta/910.transition-inbox/legacy-root-dirs/security	/data/data/com.termux/files/home/02.ERP-system/16.production-planning/01.mrp/100.security	distributed	directory distributed successfully; archived at /data/data/com.termux/files/home/02.ERP-system/16.production-planning/01.mrp/900.meta/911.transition-distributed-archive/dirs/security
/data/data/com.termux/files/home/02.ERP-system/16.production-planning/02.crp	legacy_dir	/data/data/com.termux/files/home/02.ERP-system/16.production-planning/02.crp/900.meta/910.transition-inbox/legacy-root-dirs/api	/data/data/com.termux/files/home/02.ERP-system/16.production-planning/02.crp/060.integration	distributed	directory distributed successfully; archived at /data/data/com.termux/files/home/02.ERP-system/16.production-planning/02.crp/900.meta/911.transition-distributed-archive/dirs/api
/data/data/com.termux/files/home/02.ERP-system/16.production-planning/02.crp	legacy_dir	/data/data/com.termux/files/home/02.ERP-system/16.production-planning/02.crp/900.meta/910.transition-inbox/legacy-root-dirs/architecture	/data/data/com.termux/files/home/02.ERP-system/16.production-planning/02.crp/020.architecture	distributed	directory distributed successfully; archived at /data/data/com.termux/files/home/02.ERP-system/16.production-planning/02.crp/900.meta/911.transition-distributed-archive/dirs/architecture
/data/data/com.termux/files/home/02.ERP-system/16.production-planning/02.crp	legacy_dir	/data/data/com.termux/files/home/02.ERP-system/16.production-planning/02.crp/900.meta/910.transition-inbox/legacy-root-dirs/flow	/data/data/com.termux/files/home/02.ERP-system/16.production-planning/02.crp/050.flow	distributed	directory distributed successfully; archived at /data/data/com.termux/files/home/02.ERP-system/16.production-planning/02.crp/900.meta/911.transition-distributed-archive/dirs/flow
/data/data/com.termux/files/home/02.ERP-system/16.production-planning/02.crp	legacy_dir	/data/data/com.termux/files/home/02.ERP-system/16.production-planning/02.crp/900.meta/910.transition-inbox/legacy-root-dirs/implementation	/data/data/com.termux/files/home/02.ERP-system/16.production-planning/02.crp/120.implementation	distributed	directory distributed successfully; archived at /data/data/com.termux/files/home/02.ERP-system/16.production-planning/02.crp/900.meta/911.transition-distributed-archive/dirs/implementation
/data/data/com.termux/files/home/02.ERP-system/16.production-planning/02.crp	legacy_dir	/data/data/com.termux/files/home/02.ERP-system/16.production-planning/02.crp/900.meta/910.transition-inbox/legacy-root-dirs/model	/data/data/com.termux/files/home/02.ERP-system/16.production-planning/02.crp/030.model	distributed	directory distributed successfully; archived at /data/data/com.termux/files/home/02.ERP-system/16.production-planning/02.crp/900.meta/911.transition-distributed-archive/dirs/model
/data/data/com.termux/files/home/02.ERP-system/16.production-planning/02.crp	legacy_dir	/data/data/com.termux/files/home/02.ERP-system/16.production-planning/02.crp/900.meta/910.transition-inbox/legacy-root-dirs/screen	/data/data/com.termux/files/home/02.ERP-system/16.production-planning/02.crp/120.implementation	distributed	directory distributed successfully; archived at /data/data/com.termux/files/home/02.ERP-system/16.production-planning/02.crp/900.meta/911.transition-distributed-archive/dirs/screen
/data/data/com.termux/files/home/02.ERP-system/16.production-planning/02.crp	legacy_dir	/data/data/com.termux/files/home/02.ERP-system/16.production-planning/02.crp/900.meta/910.transition-inbox/legacy-root-dirs/security	/data/data/com.termux/files/home/02.ERP-system/16.production-planning/02.crp/100.security	distributed	directory distributed successfully; archived at /data/data/com.termux/files/home/02.ERP-system/16.production-planning/02.crp/900.meta/911.transition-distributed-archive/dirs/security
/data/data/com.termux/files/home/02.ERP-system/16.production-planning/03.scheduling	legacy_dir	/data/data/com.termux/files/home/02.ERP-system/16.production-planning/03.scheduling/900.meta/910.transition-inbox/legacy-root-dirs/api	/data/data/com.termux/files/home/02.ERP-system/16.production-planning/03.scheduling/060.integration	distributed	directory distributed successfully; archived at /data/data/com.termux/files/home/02.ERP-system/16.production-planning/03.scheduling/900.meta/911.transition-distributed-archive/dirs/api
/data/data/com.termux/files/home/02.ERP-system/16.production-planning/03.scheduling	legacy_dir	/data/data/com.termux/files/home/02.ERP-system/16.production-planning/03.scheduling/900.meta/910.transition-inbox/legacy-root-dirs/architecture	/data/data/com.termux/files/home/02.ERP-system/16.production-planning/03.scheduling/020.architecture	distributed	directory distributed successfully; archived at /data/data/com.termux/files/home/02.ERP-system/16.production-planning/03.scheduling/900.meta/911.transition-distributed-archive/dirs/architecture
/data/data/com.termux/files/home/02.ERP-system/16.production-planning/03.scheduling	legacy_dir	/data/data/com.termux/files/home/02.ERP-system/16.production-planning/03.scheduling/900.meta/910.transition-inbox/legacy-root-dirs/flow	/data/data/com.termux/files/home/02.ERP-system/16.production-planning/03.scheduling/050.flow	distributed	directory distributed successfully; archived at /data/data/com.termux/files/home/02.ERP-system/16.production-planning/03.scheduling/900.meta/911.transition-distributed-archive/dirs/flow
/data/data/com.termux/files/home/02.ERP-system/16.production-planning/03.scheduling	legacy_dir	/data/data/com.termux/files/home/02.ERP-system/16.production-planning/03.scheduling/900.meta/910.transition-inbox/legacy-root-dirs/implementation	/data/data/com.termux/files/home/02.ERP-system/16.production-planning/03.scheduling/120.implementation	distributed	directory distributed successfully; archived at /data/data/com.termux/files/home/02.ERP-system/16.production-planning/03.scheduling/900.meta/911.transition-distributed-archive/dirs/implementation
/data/data/com.termux/files/home/02.ERP-system/16.production-planning/03.scheduling	legacy_dir	/data/data/com.termux/files/home/02.ERP-system/16.production-planning/03.scheduling/900.meta/910.transition-inbox/legacy-root-dirs/model	/data/data/com.termux/files/home/02.ERP-system/16.production-planning/03.scheduling/030.model	distributed	directory distributed successfully; archived at /data/data/com.termux/files/home/02.ERP-system/16.production-planning/03.scheduling/900.meta/911.transition-distributed-archive/dirs/model
/data/data/com.termux/files/home/02.ERP-system/16.production-planning/03.scheduling	legacy_dir	/data/data/com.termux/files/home/02.ERP-system/16.production-planning/03.scheduling/900.meta/910.transition-inbox/legacy-root-dirs/screen	/data/data/com.termux/files/home/02.ERP-system/16.production-planning/03.scheduling/120.implementation	distributed	directory distributed successfully; archived at /data/data/com.termux/files/home/02.ERP-system/16.production-planning/03.scheduling/900.meta/911.transition-distributed-archive/dirs/screen
/data/data/com.termux/files/home/02.ERP-system/16.production-planning/03.scheduling	legacy_dir	/data/data/com.termux/files/home/02.ERP-system/16.production-planning/03.scheduling/900.meta/910.transition-inbox/legacy-root-dirs/security	/data/data/com.termux/files/home/02.ERP-system/16.production-planning/03.scheduling/100.security	distributed	directory distributed successfully; archived at /data/data/com.termux/files/home/02.ERP-system/16.production-planning/03.scheduling/900.meta/911.transition-distributed-archive/dirs/security
/data/data/com.termux/files/home/02.ERP-system/17.quality	legacy_dir	/data/data/com.termux/files/home/02.ERP-system/17.quality/900.meta/910.transition-inbox/legacy-root-dirs/api	/data/data/com.termux/files/home/02.ERP-system/17.quality/060.integration	distributed	directory distributed successfully; archived at /data/data/com.termux/files/home/02.ERP-system/17.quality/900.meta/911.transition-distributed-archive/dirs/api
/data/data/com.termux/files/home/02.ERP-system/17.quality	legacy_dir	/data/data/com.termux/files/home/02.ERP-system/17.quality/900.meta/910.transition-inbox/legacy-root-dirs/architecture	/data/data/com.termux/files/home/02.ERP-system/17.quality/020.architecture	distributed	directory distributed successfully; archived at /data/data/com.termux/files/home/02.ERP-system/17.quality/900.meta/911.transition-distributed-archive/dirs/architecture
/data/data/com.termux/files/home/02.ERP-system/17.quality	legacy_dir	/data/data/com.termux/files/home/02.ERP-system/17.quality/900.meta/910.transition-inbox/legacy-root-dirs/flow	/data/data/com.termux/files/home/02.ERP-system/17.quality/050.flow	distributed	directory distributed successfully; archived at /data/data/com.termux/files/home/02.ERP-system/17.quality/900.meta/911.transition-distributed-archive/dirs/flow
/data/data/com.termux/files/home/02.ERP-system/17.quality	legacy_dir	/data/data/com.termux/files/home/02.ERP-system/17.quality/900.meta/910.transition-inbox/legacy-root-dirs/implementation	/data/data/com.termux/files/home/02.ERP-system/17.quality/120.implementation	distributed	directory distributed successfully; archived at /data/data/com.termux/files/home/02.ERP-system/17.quality/900.meta/911.transition-distributed-archive/dirs/implementation
/data/data/com.termux/files/home/02.ERP-system/17.quality	legacy_dir	/data/data/com.termux/files/home/02.ERP-system/17.quality/900.meta/910.transition-inbox/legacy-root-dirs/model	/data/data/com.termux/files/home/02.ERP-system/17.quality/030.model	distributed	directory distributed successfully; archived at /data/data/com.termux/files/home/02.ERP-system/17.quality/900.meta/911.transition-distributed-archive/dirs/model
/data/data/com.termux/files/home/02.ERP-system/17.quality	legacy_dir	/data/data/com.termux/files/home/02.ERP-system/17.quality/900.meta/910.transition-inbox/legacy-root-dirs/screen	/data/data/com.termux/files/home/02.ERP-system/17.quality/120.implementation	distributed	directory distributed successfully; archived at /data/data/com.termux/files/home/02.ERP-system/17.quality/900.meta/911.transition-distributed-archive/dirs/screen
/data/data/com.termux/files/home/02.ERP-system/17.quality	legacy_dir	/data/data/com.termux/files/home/02.ERP-system/17.quality/900.meta/910.transition-inbox/legacy-root-dirs/security	/data/data/com.termux/files/home/02.ERP-system/17.quality/100.security	distributed	directory distributed successfully; archived at /data/data/com.termux/files/home/02.ERP-system/17.quality/900.meta/911.transition-distributed-archive/dirs/security
/data/data/com.termux/files/home/02.ERP-system/18.costing	legacy_dir	/data/data/com.termux/files/home/02.ERP-system/18.costing/900.meta/910.transition-inbox/legacy-root-dirs/api	/data/data/com.termux/files/home/02.ERP-system/18.costing/060.integration	distributed	directory distributed successfully; archived at /data/data/com.termux/files/home/02.ERP-system/18.costing/900.meta/911.transition-distributed-archive/dirs/api
/data/data/com.termux/files/home/02.ERP-system/18.costing	legacy_dir	/data/data/com.termux/files/home/02.ERP-system/18.costing/900.meta/910.transition-inbox/legacy-root-dirs/architecture	/data/data/com.termux/files/home/02.ERP-system/18.costing/020.architecture	distributed	directory distributed successfully; archived at /data/data/com.termux/files/home/02.ERP-system/18.costing/900.meta/911.transition-distributed-archive/dirs/architecture
/data/data/com.termux/files/home/02.ERP-system/18.costing	legacy_dir	/data/data/com.termux/files/home/02.ERP-system/18.costing/900.meta/910.transition-inbox/legacy-root-dirs/flow	/data/data/com.termux/files/home/02.ERP-system/18.costing/050.flow	distributed	directory distributed successfully; archived at /data/data/com.termux/files/home/02.ERP-system/18.costing/900.meta/911.transition-distributed-archive/dirs/flow
/data/data/com.termux/files/home/02.ERP-system/18.costing	legacy_dir	/data/data/com.termux/files/home/02.ERP-system/18.costing/900.meta/910.transition-inbox/legacy-root-dirs/implementation	/data/data/com.termux/files/home/02.ERP-system/18.costing/120.implementation	distributed	directory distributed successfully; archived at /data/data/com.termux/files/home/02.ERP-system/18.costing/900.meta/911.transition-distributed-archive/dirs/implementation
/data/data/com.termux/files/home/02.ERP-system/18.costing	legacy_dir	/data/data/com.termux/files/home/02.ERP-system/18.costing/900.meta/910.transition-inbox/legacy-root-dirs/model	/data/data/com.termux/files/home/02.ERP-system/18.costing/030.model	distributed	directory distributed successfully; archived at /data/data/com.termux/files/home/02.ERP-system/18.costing/900.meta/911.transition-distributed-archive/dirs/model
/data/data/com.termux/files/home/02.ERP-system/18.costing	legacy_dir	/data/data/com.termux/files/home/02.ERP-system/18.costing/900.meta/910.transition-inbox/legacy-root-dirs/screen	/data/data/com.termux/files/home/02.ERP-system/18.costing/120.implementation	distributed	directory distributed successfully; archived at /data/data/com.termux/files/home/02.ERP-system/18.costing/900.meta/911.transition-distributed-archive/dirs/screen
/data/data/com.termux/files/home/02.ERP-system/18.costing	legacy_dir	/data/data/com.termux/files/home/02.ERP-system/18.costing/900.meta/910.transition-inbox/legacy-root-dirs/security	/data/data/com.termux/files/home/02.ERP-system/18.costing/100.security	distributed	directory distributed successfully; archived at /data/data/com.termux/files/home/02.ERP-system/18.costing/900.meta/911.transition-distributed-archive/dirs/security
/data/data/com.termux/files/home/02.ERP-system/19.asset-management	legacy_dir	/data/data/com.termux/files/home/02.ERP-system/19.asset-management/900.meta/910.transition-inbox/legacy-root-dirs/api	/data/data/com.termux/files/home/02.ERP-system/19.asset-management/060.integration	distributed	directory distributed successfully; archived at /data/data/com.termux/files/home/02.ERP-system/19.asset-management/900.meta/911.transition-distributed-archive/dirs/api
/data/data/com.termux/files/home/02.ERP-system/19.asset-management	legacy_dir	/data/data/com.termux/files/home/02.ERP-system/19.asset-management/900.meta/910.transition-inbox/legacy-root-dirs/architecture	/data/data/com.termux/files/home/02.ERP-system/19.asset-management/020.architecture	distributed	directory distributed successfully; archived at /data/data/com.termux/files/home/02.ERP-system/19.asset-management/900.meta/911.transition-distributed-archive/dirs/architecture
/data/data/com.termux/files/home/02.ERP-system/19.asset-management	legacy_dir	/data/data/com.termux/files/home/02.ERP-system/19.asset-management/900.meta/910.transition-inbox/legacy-root-dirs/flow	/data/data/com.termux/files/home/02.ERP-system/19.asset-management/050.flow	distributed	directory distributed successfully; archived at /data/data/com.termux/files/home/02.ERP-system/19.asset-management/900.meta/911.transition-distributed-archive/dirs/flow
/data/data/com.termux/files/home/02.ERP-system/19.asset-management	legacy_dir	/data/data/com.termux/files/home/02.ERP-system/19.asset-management/900.meta/910.transition-inbox/legacy-root-dirs/implementation	/data/data/com.termux/files/home/02.ERP-system/19.asset-management/120.implementation	distributed	directory distributed successfully; archived at /data/data/com.termux/files/home/02.ERP-system/19.asset-management/900.meta/911.transition-distributed-archive/dirs/implementation
/data/data/com.termux/files/home/02.ERP-system/19.asset-management	legacy_dir	/data/data/com.termux/files/home/02.ERP-system/19.asset-management/900.meta/910.transition-inbox/legacy-root-dirs/model	/data/data/com.termux/files/home/02.ERP-system/19.asset-management/030.model	distributed	directory distributed successfully; archived at /data/data/com.termux/files/home/02.ERP-system/19.asset-management/900.meta/911.transition-distributed-archive/dirs/model
/data/data/com.termux/files/home/02.ERP-system/19.asset-management	legacy_dir	/data/data/com.termux/files/home/02.ERP-system/19.asset-management/900.meta/910.transition-inbox/legacy-root-dirs/screen	/data/data/com.termux/files/home/02.ERP-system/19.asset-management/120.implementation	distributed	directory distributed successfully; archived at /data/data/com.termux/files/home/02.ERP-system/19.asset-management/900.meta/911.transition-distributed-archive/dirs/screen
/data/data/com.termux/files/home/02.ERP-system/19.asset-management	legacy_dir	/data/data/com.termux/files/home/02.ERP-system/19.asset-management/900.meta/910.transition-inbox/legacy-root-dirs/security	/data/data/com.termux/files/home/02.ERP-system/19.asset-management/100.security	distributed	directory distributed successfully; archived at /data/data/com.termux/files/home/02.ERP-system/19.asset-management/900.meta/911.transition-distributed-archive/dirs/security
/data/data/com.termux/files/home/02.ERP-system/19.asset-management/01.asset-register	legacy_dir	/data/data/com.termux/files/home/02.ERP-system/19.asset-management/01.asset-register/900.meta/910.transition-inbox/legacy-root-dirs/api	/data/data/com.termux/files/home/02.ERP-system/19.asset-management/01.asset-register/060.integration	distributed	directory distributed successfully; archived at /data/data/com.termux/files/home/02.ERP-system/19.asset-management/01.asset-register/900.meta/911.transition-distributed-archive/dirs/api
/data/data/com.termux/files/home/02.ERP-system/19.asset-management/01.asset-register	legacy_dir	/data/data/com.termux/files/home/02.ERP-system/19.asset-management/01.asset-register/900.meta/910.transition-inbox/legacy-root-dirs/architecture	/data/data/com.termux/files/home/02.ERP-system/19.asset-management/01.asset-register/020.architecture	distributed	directory distributed successfully; archived at /data/data/com.termux/files/home/02.ERP-system/19.asset-management/01.asset-register/900.meta/911.transition-distributed-archive/dirs/architecture
/data/data/com.termux/files/home/02.ERP-system/19.asset-management/01.asset-register	legacy_dir	/data/data/com.termux/files/home/02.ERP-system/19.asset-management/01.asset-register/900.meta/910.transition-inbox/legacy-root-dirs/flow	/data/data/com.termux/files/home/02.ERP-system/19.asset-management/01.asset-register/050.flow	distributed	directory distributed successfully; archived at /data/data/com.termux/files/home/02.ERP-system/19.asset-management/01.asset-register/900.meta/911.transition-distributed-archive/dirs/flow
/data/data/com.termux/files/home/02.ERP-system/19.asset-management/01.asset-register	legacy_dir	/data/data/com.termux/files/home/02.ERP-system/19.asset-management/01.asset-register/900.meta/910.transition-inbox/legacy-root-dirs/implementation	/data/data/com.termux/files/home/02.ERP-system/19.asset-management/01.asset-register/120.implementation	distributed	directory distributed successfully; archived at /data/data/com.termux/files/home/02.ERP-system/19.asset-management/01.asset-register/900.meta/911.transition-distributed-archive/dirs/implementation
/data/data/com.termux/files/home/02.ERP-system/19.asset-management/01.asset-register	legacy_dir	/data/data/com.termux/files/home/02.ERP-system/19.asset-management/01.asset-register/900.meta/910.transition-inbox/legacy-root-dirs/model	/data/data/com.termux/files/home/02.ERP-system/19.asset-management/01.asset-register/030.model	distributed	directory distributed successfully; archived at /data/data/com.termux/files/home/02.ERP-system/19.asset-management/01.asset-register/900.meta/911.transition-distributed-archive/dirs/model
/data/data/com.termux/files/home/02.ERP-system/19.asset-management/01.asset-register	legacy_dir	/data/data/com.termux/files/home/02.ERP-system/19.asset-management/01.asset-register/900.meta/910.transition-inbox/legacy-root-dirs/screen	/data/data/com.termux/files/home/02.ERP-system/19.asset-management/01.asset-register/120.implementation	distributed	directory distributed successfully; archived at /data/data/com.termux/files/home/02.ERP-system/19.asset-management/01.asset-register/900.meta/911.transition-distributed-archive/dirs/screen
/data/data/com.termux/files/home/02.ERP-system/19.asset-management/01.asset-register	legacy_dir	/data/data/com.termux/files/home/02.ERP-system/19.asset-management/01.asset-register/900.meta/910.transition-inbox/legacy-root-dirs/security	/data/data/com.termux/files/home/02.ERP-system/19.asset-management/01.asset-register/100.security	distributed	directory distributed successfully; archived at /data/data/com.termux/files/home/02.ERP-system/19.asset-management/01.asset-register/900.meta/911.transition-distributed-archive/dirs/security
/data/data/com.termux/files/home/02.ERP-system/19.asset-management/02.maintenance-planning	legacy_dir	/data/data/com.termux/files/home/02.ERP-system/19.asset-management/02.maintenance-planning/900.meta/910.transition-inbox/legacy-root-dirs/api	/data/data/com.termux/files/home/02.ERP-system/19.asset-management/02.maintenance-planning/060.integration	distributed	directory distributed successfully; archived at /data/data/com.termux/files/home/02.ERP-system/19.asset-management/02.maintenance-planning/900.meta/911.transition-distributed-archive/dirs/api
/data/data/com.termux/files/home/02.ERP-system/19.asset-management/02.maintenance-planning	legacy_dir	/data/data/com.termux/files/home/02.ERP-system/19.asset-management/02.maintenance-planning/900.meta/910.transition-inbox/legacy-root-dirs/architecture	/data/data/com.termux/files/home/02.ERP-system/19.asset-management/02.maintenance-planning/020.architecture	distributed	directory distributed successfully; archived at /data/data/com.termux/files/home/02.ERP-system/19.asset-management/02.maintenance-planning/900.meta/911.transition-distributed-archive/dirs/architecture
/data/data/com.termux/files/home/02.ERP-system/19.asset-management/02.maintenance-planning	legacy_dir	/data/data/com.termux/files/home/02.ERP-system/19.asset-management/02.maintenance-planning/900.meta/910.transition-inbox/legacy-root-dirs/flow	/data/data/com.termux/files/home/02.ERP-system/19.asset-management/02.maintenance-planning/050.flow	distributed	directory distributed successfully; archived at /data/data/com.termux/files/home/02.ERP-system/19.asset-management/02.maintenance-planning/900.meta/911.transition-distributed-archive/dirs/flow
/data/data/com.termux/files/home/02.ERP-system/19.asset-management/02.maintenance-planning	legacy_dir	/data/data/com.termux/files/home/02.ERP-system/19.asset-management/02.maintenance-planning/900.meta/910.transition-inbox/legacy-root-dirs/implementation	/data/data/com.termux/files/home/02.ERP-system/19.asset-management/02.maintenance-planning/120.implementation	distributed	directory distributed successfully; archived at /data/data/com.termux/files/home/02.ERP-system/19.asset-management/02.maintenance-planning/900.meta/911.transition-distributed-archive/dirs/implementation
/data/data/com.termux/files/home/02.ERP-system/19.asset-management/02.maintenance-planning	legacy_dir	/data/data/com.termux/files/home/02.ERP-system/19.asset-management/02.maintenance-planning/900.meta/910.transition-inbox/legacy-root-dirs/model	/data/data/com.termux/files/home/02.ERP-system/19.asset-management/02.maintenance-planning/030.model	distributed	directory distributed successfully; archived at /data/data/com.termux/files/home/02.ERP-system/19.asset-management/02.maintenance-planning/900.meta/911.transition-distributed-archive/dirs/model
/data/data/com.termux/files/home/02.ERP-system/19.asset-management/02.maintenance-planning	legacy_dir	/data/data/com.termux/files/home/02.ERP-system/19.asset-management/02.maintenance-planning/900.meta/910.transition-inbox/legacy-root-dirs/screen	/data/data/com.termux/files/home/02.ERP-system/19.asset-management/02.maintenance-planning/120.implementation	distributed	directory distributed successfully; archived at /data/data/com.termux/files/home/02.ERP-system/19.asset-management/02.maintenance-planning/900.meta/911.transition-distributed-archive/dirs/screen
/data/data/com.termux/files/home/02.ERP-system/19.asset-management/02.maintenance-planning	legacy_dir	/data/data/com.termux/files/home/02.ERP-system/19.asset-management/02.maintenance-planning/900.meta/910.transition-inbox/legacy-root-dirs/security	/data/data/com.termux/files/home/02.ERP-system/19.asset-management/02.maintenance-planning/100.security	distributed	directory distributed successfully; archived at /data/data/com.termux/files/home/02.ERP-system/19.asset-management/02.maintenance-planning/900.meta/911.transition-distributed-archive/dirs/security
/data/data/com.termux/files/home/02.ERP-system/19.asset-management/03.utilization	legacy_dir	/data/data/com.termux/files/home/02.ERP-system/19.asset-management/03.utilization/900.meta/910.transition-inbox/legacy-root-dirs/api	/data/data/com.termux/files/home/02.ERP-system/19.asset-management/03.utilization/060.integration	distributed	directory distributed successfully; archived at /data/data/com.termux/files/home/02.ERP-system/19.asset-management/03.utilization/900.meta/911.transition-distributed-archive/dirs/api
/data/data/com.termux/files/home/02.ERP-system/19.asset-management/03.utilization	legacy_dir	/data/data/com.termux/files/home/02.ERP-system/19.asset-management/03.utilization/900.meta/910.transition-inbox/legacy-root-dirs/architecture	/data/data/com.termux/files/home/02.ERP-system/19.asset-management/03.utilization/020.architecture	distributed	directory distributed successfully; archived at /data/data/com.termux/files/home/02.ERP-system/19.asset-management/03.utilization/900.meta/911.transition-distributed-archive/dirs/architecture
/data/data/com.termux/files/home/02.ERP-system/19.asset-management/03.utilization	legacy_dir	/data/data/com.termux/files/home/02.ERP-system/19.asset-management/03.utilization/900.meta/910.transition-inbox/legacy-root-dirs/flow	/data/data/com.termux/files/home/02.ERP-system/19.asset-management/03.utilization/050.flow	distributed	directory distributed successfully; archived at /data/data/com.termux/files/home/02.ERP-system/19.asset-management/03.utilization/900.meta/911.transition-distributed-archive/dirs/flow
/data/data/com.termux/files/home/02.ERP-system/19.asset-management/03.utilization	legacy_dir	/data/data/com.termux/files/home/02.ERP-system/19.asset-management/03.utilization/900.meta/910.transition-inbox/legacy-root-dirs/implementation	/data/data/com.termux/files/home/02.ERP-system/19.asset-management/03.utilization/120.implementation	distributed	directory distributed successfully; archived at /data/data/com.termux/files/home/02.ERP-system/19.asset-management/03.utilization/900.meta/911.transition-distributed-archive/dirs/implementation
/data/data/com.termux/files/home/02.ERP-system/19.asset-management/03.utilization	legacy_dir	/data/data/com.termux/files/home/02.ERP-system/19.asset-management/03.utilization/900.meta/910.transition-inbox/legacy-root-dirs/model	/data/data/com.termux/files/home/02.ERP-system/19.asset-management/03.utilization/030.model	distributed	directory distributed successfully; archived at /data/data/com.termux/files/home/02.ERP-system/19.asset-management/03.utilization/900.meta/911.transition-distributed-archive/dirs/model
/data/data/com.termux/files/home/02.ERP-system/19.asset-management/03.utilization	legacy_dir	/data/data/com.termux/files/home/02.ERP-system/19.asset-management/03.utilization/900.meta/910.transition-inbox/legacy-root-dirs/screen	/data/data/com.termux/files/home/02.ERP-system/19.asset-management/03.utilization/120.implementation	distributed	directory distributed successfully; archived at /data/data/com.termux/files/home/02.ERP-system/19.asset-management/03.utilization/900.meta/911.transition-distributed-archive/dirs/screen
/data/data/com.termux/files/home/02.ERP-system/19.asset-management/03.utilization	legacy_dir	/data/data/com.termux/files/home/02.ERP-system/19.asset-management/03.utilization/900.meta/910.transition-inbox/legacy-root-dirs/security	/data/data/com.termux/files/home/02.ERP-system/19.asset-management/03.utilization/100.security	distributed	directory distributed successfully; archived at /data/data/com.termux/files/home/02.ERP-system/19.asset-management/03.utilization/900.meta/911.transition-distributed-archive/dirs/security
/data/data/com.termux/files/home/02.ERP-system/30.accounting	legacy_dir	/data/data/com.termux/files/home/02.ERP-system/30.accounting/900.meta/910.transition-inbox/legacy-root-dirs/api	/data/data/com.termux/files/home/02.ERP-system/30.accounting/060.integration	distributed	directory distributed successfully; archived at /data/data/com.termux/files/home/02.ERP-system/30.accounting/900.meta/911.transition-distributed-archive/dirs/api
/data/data/com.termux/files/home/02.ERP-system/30.accounting	legacy_dir	/data/data/com.termux/files/home/02.ERP-system/30.accounting/900.meta/910.transition-inbox/legacy-root-dirs/architecture	/data/data/com.termux/files/home/02.ERP-system/30.accounting/020.architecture	distributed	directory distributed successfully; archived at /data/data/com.termux/files/home/02.ERP-system/30.accounting/900.meta/911.transition-distributed-archive/dirs/architecture
/data/data/com.termux/files/home/02.ERP-system/30.accounting	legacy_dir	/data/data/com.termux/files/home/02.ERP-system/30.accounting/900.meta/910.transition-inbox/legacy-root-dirs/flow	/data/data/com.termux/files/home/02.ERP-system/30.accounting/050.flow	distributed	directory distributed successfully; archived at /data/data/com.termux/files/home/02.ERP-system/30.accounting/900.meta/911.transition-distributed-archive/dirs/flow
/data/data/com.termux/files/home/02.ERP-system/30.accounting	legacy_dir	/data/data/com.termux/files/home/02.ERP-system/30.accounting/900.meta/910.transition-inbox/legacy-root-dirs/implementation	/data/data/com.termux/files/home/02.ERP-system/30.accounting/120.implementation	distributed	directory distributed successfully; archived at /data/data/com.termux/files/home/02.ERP-system/30.accounting/900.meta/911.transition-distributed-archive/dirs/implementation
/data/data/com.termux/files/home/02.ERP-system/30.accounting	legacy_dir	/data/data/com.termux/files/home/02.ERP-system/30.accounting/900.meta/910.transition-inbox/legacy-root-dirs/model	/data/data/com.termux/files/home/02.ERP-system/30.accounting/030.model	distributed	directory distributed successfully; archived at /data/data/com.termux/files/home/02.ERP-system/30.accounting/900.meta/911.transition-distributed-archive/dirs/model
/data/data/com.termux/files/home/02.ERP-system/30.accounting	legacy_dir	/data/data/com.termux/files/home/02.ERP-system/30.accounting/900.meta/910.transition-inbox/legacy-root-dirs/screen	/data/data/com.termux/files/home/02.ERP-system/30.accounting/120.implementation	distributed	directory distributed successfully; archived at /data/data/com.termux/files/home/02.ERP-system/30.accounting/900.meta/911.transition-distributed-archive/dirs/screen
/data/data/com.termux/files/home/02.ERP-system/30.accounting	legacy_dir	/data/data/com.termux/files/home/02.ERP-system/30.accounting/900.meta/910.transition-inbox/legacy-root-dirs/security	/data/data/com.termux/files/home/02.ERP-system/30.accounting/100.security	distributed	directory distributed successfully; archived at /data/data/com.termux/files/home/02.ERP-system/30.accounting/900.meta/911.transition-distributed-archive/dirs/security
/data/data/com.termux/files/home/02.ERP-system/31.management-accounting	legacy_dir	/data/data/com.termux/files/home/02.ERP-system/31.management-accounting/900.meta/910.transition-inbox/legacy-root-dirs/api	/data/data/com.termux/files/home/02.ERP-system/31.management-accounting/060.integration	distributed	directory distributed successfully; archived at /data/data/com.termux/files/home/02.ERP-system/31.management-accounting/900.meta/911.transition-distributed-archive/dirs/api
/data/data/com.termux/files/home/02.ERP-system/31.management-accounting	legacy_dir	/data/data/com.termux/files/home/02.ERP-system/31.management-accounting/900.meta/910.transition-inbox/legacy-root-dirs/architecture	/data/data/com.termux/files/home/02.ERP-system/31.management-accounting/020.architecture	distributed	directory distributed successfully; archived at /data/data/com.termux/files/home/02.ERP-system/31.management-accounting/900.meta/911.transition-distributed-archive/dirs/architecture
/data/data/com.termux/files/home/02.ERP-system/31.management-accounting	legacy_dir	/data/data/com.termux/files/home/02.ERP-system/31.management-accounting/900.meta/910.transition-inbox/legacy-root-dirs/flow	/data/data/com.termux/files/home/02.ERP-system/31.management-accounting/050.flow	distributed	directory distributed successfully; archived at /data/data/com.termux/files/home/02.ERP-system/31.management-accounting/900.meta/911.transition-distributed-archive/dirs/flow
/data/data/com.termux/files/home/02.ERP-system/31.management-accounting	legacy_dir	/data/data/com.termux/files/home/02.ERP-system/31.management-accounting/900.meta/910.transition-inbox/legacy-root-dirs/implementation	/data/data/com.termux/files/home/02.ERP-system/31.management-accounting/120.implementation	distributed	directory distributed successfully; archived at /data/data/com.termux/files/home/02.ERP-system/31.management-accounting/900.meta/911.transition-distributed-archive/dirs/implementation
/data/data/com.termux/files/home/02.ERP-system/31.management-accounting	legacy_dir	/data/data/com.termux/files/home/02.ERP-system/31.management-accounting/900.meta/910.transition-inbox/legacy-root-dirs/model	/data/data/com.termux/files/home/02.ERP-system/31.management-accounting/030.model	distributed	directory distributed successfully; archived at /data/data/com.termux/files/home/02.ERP-system/31.management-accounting/900.meta/911.transition-distributed-archive/dirs/model
/data/data/com.termux/files/home/02.ERP-system/31.management-accounting	legacy_dir	/data/data/com.termux/files/home/02.ERP-system/31.management-accounting/900.meta/910.transition-inbox/legacy-root-dirs/screen	/data/data/com.termux/files/home/02.ERP-system/31.management-accounting/120.implementation	distributed	directory distributed successfully; archived at /data/data/com.termux/files/home/02.ERP-system/31.management-accounting/900.meta/911.transition-distributed-archive/dirs/screen
/data/data/com.termux/files/home/02.ERP-system/31.management-accounting	legacy_dir	/data/data/com.termux/files/home/02.ERP-system/31.management-accounting/900.meta/910.transition-inbox/legacy-root-dirs/security	/data/data/com.termux/files/home/02.ERP-system/31.management-accounting/100.security	distributed	directory distributed successfully; archived at /data/data/com.termux/files/home/02.ERP-system/31.management-accounting/900.meta/911.transition-distributed-archive/dirs/security
/data/data/com.termux/files/home/02.ERP-system/32.project-accounting	legacy_dir	/data/data/com.termux/files/home/02.ERP-system/32.project-accounting/900.meta/910.transition-inbox/legacy-root-dirs/api	/data/data/com.termux/files/home/02.ERP-system/32.project-accounting/060.integration	distributed	directory distributed successfully; archived at /data/data/com.termux/files/home/02.ERP-system/32.project-accounting/900.meta/911.transition-distributed-archive/dirs/api
/data/data/com.termux/files/home/02.ERP-system/32.project-accounting	legacy_dir	/data/data/com.termux/files/home/02.ERP-system/32.project-accounting/900.meta/910.transition-inbox/legacy-root-dirs/architecture	/data/data/com.termux/files/home/02.ERP-system/32.project-accounting/020.architecture	distributed	directory distributed successfully; archived at /data/data/com.termux/files/home/02.ERP-system/32.project-accounting/900.meta/911.transition-distributed-archive/dirs/architecture
/data/data/com.termux/files/home/02.ERP-system/32.project-accounting	legacy_dir	/data/data/com.termux/files/home/02.ERP-system/32.project-accounting/900.meta/910.transition-inbox/legacy-root-dirs/flow	/data/data/com.termux/files/home/02.ERP-system/32.project-accounting/050.flow	distributed	directory distributed successfully; archived at /data/data/com.termux/files/home/02.ERP-system/32.project-accounting/900.meta/911.transition-distributed-archive/dirs/flow
/data/data/com.termux/files/home/02.ERP-system/32.project-accounting	legacy_dir	/data/data/com.termux/files/home/02.ERP-system/32.project-accounting/900.meta/910.transition-inbox/legacy-root-dirs/implementation	/data/data/com.termux/files/home/02.ERP-system/32.project-accounting/120.implementation	distributed	directory distributed successfully; archived at /data/data/com.termux/files/home/02.ERP-system/32.project-accounting/900.meta/911.transition-distributed-archive/dirs/implementation
/data/data/com.termux/files/home/02.ERP-system/32.project-accounting	legacy_dir	/data/data/com.termux/files/home/02.ERP-system/32.project-accounting/900.meta/910.transition-inbox/legacy-root-dirs/model	/data/data/com.termux/files/home/02.ERP-system/32.project-accounting/030.model	distributed	directory distributed successfully; archived at /data/data/com.termux/files/home/02.ERP-system/32.project-accounting/900.meta/911.transition-distributed-archive/dirs/model
/data/data/com.termux/files/home/02.ERP-system/32.project-accounting	legacy_dir	/data/data/com.termux/files/home/02.ERP-system/32.project-accounting/900.meta/910.transition-inbox/legacy-root-dirs/screen	/data/data/com.termux/files/home/02.ERP-system/32.project-accounting/120.implementation	distributed	directory distributed successfully; archived at /data/data/com.termux/files/home/02.ERP-system/32.project-accounting/900.meta/911.transition-distributed-archive/dirs/screen
/data/data/com.termux/files/home/02.ERP-system/32.project-accounting	legacy_dir	/data/data/com.termux/files/home/02.ERP-system/32.project-accounting/900.meta/910.transition-inbox/legacy-root-dirs/security	/data/data/com.termux/files/home/02.ERP-system/32.project-accounting/100.security	distributed	directory distributed successfully; archived at /data/data/com.termux/files/home/02.ERP-system/32.project-accounting/900.meta/911.transition-distributed-archive/dirs/security
/data/data/com.termux/files/home/02.ERP-system/33.fixed-assets	legacy_dir	/data/data/com.termux/files/home/02.ERP-system/33.fixed-assets/900.meta/910.transition-inbox/legacy-root-dirs/api	/data/data/com.termux/files/home/02.ERP-system/33.fixed-assets/060.integration	distributed	directory distributed successfully; archived at /data/data/com.termux/files/home/02.ERP-system/33.fixed-assets/900.meta/911.transition-distributed-archive/dirs/api
/data/data/com.termux/files/home/02.ERP-system/33.fixed-assets	legacy_dir	/data/data/com.termux/files/home/02.ERP-system/33.fixed-assets/900.meta/910.transition-inbox/legacy-root-dirs/architecture	/data/data/com.termux/files/home/02.ERP-system/33.fixed-assets/020.architecture	distributed	directory distributed successfully; archived at /data/data/com.termux/files/home/02.ERP-system/33.fixed-assets/900.meta/911.transition-distributed-archive/dirs/architecture
/data/data/com.termux/files/home/02.ERP-system/33.fixed-assets	legacy_dir	/data/data/com.termux/files/home/02.ERP-system/33.fixed-assets/900.meta/910.transition-inbox/legacy-root-dirs/flow	/data/data/com.termux/files/home/02.ERP-system/33.fixed-assets/050.flow	distributed	directory distributed successfully; archived at /data/data/com.termux/files/home/02.ERP-system/33.fixed-assets/900.meta/911.transition-distributed-archive/dirs/flow
/data/data/com.termux/files/home/02.ERP-system/33.fixed-assets	legacy_dir	/data/data/com.termux/files/home/02.ERP-system/33.fixed-assets/900.meta/910.transition-inbox/legacy-root-dirs/implementation	/data/data/com.termux/files/home/02.ERP-system/33.fixed-assets/120.implementation	distributed	directory distributed successfully; archived at /data/data/com.termux/files/home/02.ERP-system/33.fixed-assets/900.meta/911.transition-distributed-archive/dirs/implementation
/data/data/com.termux/files/home/02.ERP-system/33.fixed-assets	legacy_dir	/data/data/com.termux/files/home/02.ERP-system/33.fixed-assets/900.meta/910.transition-inbox/legacy-root-dirs/model	/data/data/com.termux/files/home/02.ERP-system/33.fixed-assets/030.model	distributed	directory distributed successfully; archived at /data/data/com.termux/files/home/02.ERP-system/33.fixed-assets/900.meta/911.transition-distributed-archive/dirs/model
/data/data/com.termux/files/home/02.ERP-system/33.fixed-assets	legacy_dir	/data/data/com.termux/files/home/02.ERP-system/33.fixed-assets/900.meta/910.transition-inbox/legacy-root-dirs/screen	/data/data/com.termux/files/home/02.ERP-system/33.fixed-assets/120.implementation	distributed	directory distributed successfully; archived at /data/data/com.termux/files/home/02.ERP-system/33.fixed-assets/900.meta/911.transition-distributed-archive/dirs/screen
/data/data/com.termux/files/home/02.ERP-system/33.fixed-assets	legacy_dir	/data/data/com.termux/files/home/02.ERP-system/33.fixed-assets/900.meta/910.transition-inbox/legacy-root-dirs/security	/data/data/com.termux/files/home/02.ERP-system/33.fixed-assets/100.security	distributed	directory distributed successfully; archived at /data/data/com.termux/files/home/02.ERP-system/33.fixed-assets/900.meta/911.transition-distributed-archive/dirs/security
/data/data/com.termux/files/home/02.ERP-system/34.cash-management	legacy_dir	/data/data/com.termux/files/home/02.ERP-system/34.cash-management/900.meta/910.transition-inbox/legacy-root-dirs/api	/data/data/com.termux/files/home/02.ERP-system/34.cash-management/060.integration	distributed	directory distributed successfully; archived at /data/data/com.termux/files/home/02.ERP-system/34.cash-management/900.meta/911.transition-distributed-archive/dirs/api
/data/data/com.termux/files/home/02.ERP-system/34.cash-management	legacy_dir	/data/data/com.termux/files/home/02.ERP-system/34.cash-management/900.meta/910.transition-inbox/legacy-root-dirs/architecture	/data/data/com.termux/files/home/02.ERP-system/34.cash-management/020.architecture	distributed	directory distributed successfully; archived at /data/data/com.termux/files/home/02.ERP-system/34.cash-management/900.meta/911.transition-distributed-archive/dirs/architecture
/data/data/com.termux/files/home/02.ERP-system/34.cash-management	legacy_dir	/data/data/com.termux/files/home/02.ERP-system/34.cash-management/900.meta/910.transition-inbox/legacy-root-dirs/flow	/data/data/com.termux/files/home/02.ERP-system/34.cash-management/050.flow	distributed	directory distributed successfully; archived at /data/data/com.termux/files/home/02.ERP-system/34.cash-management/900.meta/911.transition-distributed-archive/dirs/flow
/data/data/com.termux/files/home/02.ERP-system/34.cash-management	legacy_dir	/data/data/com.termux/files/home/02.ERP-system/34.cash-management/900.meta/910.transition-inbox/legacy-root-dirs/implementation	/data/data/com.termux/files/home/02.ERP-system/34.cash-management/120.implementation	distributed	directory distributed successfully; archived at /data/data/com.termux/files/home/02.ERP-system/34.cash-management/900.meta/911.transition-distributed-archive/dirs/implementation
/data/data/com.termux/files/home/02.ERP-system/34.cash-management	legacy_dir	/data/data/com.termux/files/home/02.ERP-system/34.cash-management/900.meta/910.transition-inbox/legacy-root-dirs/model	/data/data/com.termux/files/home/02.ERP-system/34.cash-management/030.model	distributed	directory distributed successfully; archived at /data/data/com.termux/files/home/02.ERP-system/34.cash-management/900.meta/911.transition-distributed-archive/dirs/model
/data/data/com.termux/files/home/02.ERP-system/34.cash-management	legacy_dir	/data/data/com.termux/files/home/02.ERP-system/34.cash-management/900.meta/910.transition-inbox/legacy-root-dirs/screen	/data/data/com.termux/files/home/02.ERP-system/34.cash-management/120.implementation	distributed	directory distributed successfully; archived at /data/data/com.termux/files/home/02.ERP-system/34.cash-management/900.meta/911.transition-distributed-archive/dirs/screen
/data/data/com.termux/files/home/02.ERP-system/34.cash-management	legacy_dir	/data/data/com.termux/files/home/02.ERP-system/34.cash-management/900.meta/910.transition-inbox/legacy-root-dirs/security	/data/data/com.termux/files/home/02.ERP-system/34.cash-management/100.security	distributed	directory distributed successfully; archived at /data/data/com.termux/files/home/02.ERP-system/34.cash-management/900.meta/911.transition-distributed-archive/dirs/security
/data/data/com.termux/files/home/02.ERP-system/40.human-resources	legacy_dir	/data/data/com.termux/files/home/02.ERP-system/40.human-resources/900.meta/910.transition-inbox/legacy-root-dirs/api	/data/data/com.termux/files/home/02.ERP-system/40.human-resources/060.integration	distributed	directory distributed successfully; archived at /data/data/com.termux/files/home/02.ERP-system/40.human-resources/900.meta/911.transition-distributed-archive/dirs/api
/data/data/com.termux/files/home/02.ERP-system/40.human-resources	legacy_dir	/data/data/com.termux/files/home/02.ERP-system/40.human-resources/900.meta/910.transition-inbox/legacy-root-dirs/architecture	/data/data/com.termux/files/home/02.ERP-system/40.human-resources/020.architecture	distributed	directory distributed successfully; archived at /data/data/com.termux/files/home/02.ERP-system/40.human-resources/900.meta/911.transition-distributed-archive/dirs/architecture
/data/data/com.termux/files/home/02.ERP-system/40.human-resources	legacy_dir	/data/data/com.termux/files/home/02.ERP-system/40.human-resources/900.meta/910.transition-inbox/legacy-root-dirs/flow	/data/data/com.termux/files/home/02.ERP-system/40.human-resources/050.flow	distributed	directory distributed successfully; archived at /data/data/com.termux/files/home/02.ERP-system/40.human-resources/900.meta/911.transition-distributed-archive/dirs/flow
/data/data/com.termux/files/home/02.ERP-system/40.human-resources	legacy_dir	/data/data/com.termux/files/home/02.ERP-system/40.human-resources/900.meta/910.transition-inbox/legacy-root-dirs/implementation	/data/data/com.termux/files/home/02.ERP-system/40.human-resources/120.implementation	distributed	directory distributed successfully; archived at /data/data/com.termux/files/home/02.ERP-system/40.human-resources/900.meta/911.transition-distributed-archive/dirs/implementation
/data/data/com.termux/files/home/02.ERP-system/40.human-resources	legacy_dir	/data/data/com.termux/files/home/02.ERP-system/40.human-resources/900.meta/910.transition-inbox/legacy-root-dirs/model	/data/data/com.termux/files/home/02.ERP-system/40.human-resources/030.model	distributed	directory distributed successfully; archived at /data/data/com.termux/files/home/02.ERP-system/40.human-resources/900.meta/911.transition-distributed-archive/dirs/model
/data/data/com.termux/files/home/02.ERP-system/40.human-resources	legacy_dir	/data/data/com.termux/files/home/02.ERP-system/40.human-resources/900.meta/910.transition-inbox/legacy-root-dirs/screen	/data/data/com.termux/files/home/02.ERP-system/40.human-resources/120.implementation	distributed	directory distributed successfully; archived at /data/data/com.termux/files/home/02.ERP-system/40.human-resources/900.meta/911.transition-distributed-archive/dirs/screen
/data/data/com.termux/files/home/02.ERP-system/40.human-resources	legacy_dir	/data/data/com.termux/files/home/02.ERP-system/40.human-resources/900.meta/910.transition-inbox/legacy-root-dirs/security	/data/data/com.termux/files/home/02.ERP-system/40.human-resources/100.security	distributed	directory distributed successfully; archived at /data/data/com.termux/files/home/02.ERP-system/40.human-resources/900.meta/911.transition-distributed-archive/dirs/security
/data/data/com.termux/files/home/02.ERP-system/41.labor-management	legacy_dir	/data/data/com.termux/files/home/02.ERP-system/41.labor-management/900.meta/910.transition-inbox/legacy-root-dirs/api	/data/data/com.termux/files/home/02.ERP-system/41.labor-management/060.integration	distributed	directory distributed successfully; archived at /data/data/com.termux/files/home/02.ERP-system/41.labor-management/900.meta/911.transition-distributed-archive/dirs/api
/data/data/com.termux/files/home/02.ERP-system/41.labor-management	legacy_dir	/data/data/com.termux/files/home/02.ERP-system/41.labor-management/900.meta/910.transition-inbox/legacy-root-dirs/architecture	/data/data/com.termux/files/home/02.ERP-system/41.labor-management/020.architecture	distributed	directory distributed successfully; archived at /data/data/com.termux/files/home/02.ERP-system/41.labor-management/900.meta/911.transition-distributed-archive/dirs/architecture
/data/data/com.termux/files/home/02.ERP-system/41.labor-management	legacy_dir	/data/data/com.termux/files/home/02.ERP-system/41.labor-management/900.meta/910.transition-inbox/legacy-root-dirs/flow	/data/data/com.termux/files/home/02.ERP-system/41.labor-management/050.flow	distributed	directory distributed successfully; archived at /data/data/com.termux/files/home/02.ERP-system/41.labor-management/900.meta/911.transition-distributed-archive/dirs/flow
/data/data/com.termux/files/home/02.ERP-system/41.labor-management	legacy_dir	/data/data/com.termux/files/home/02.ERP-system/41.labor-management/900.meta/910.transition-inbox/legacy-root-dirs/implementation	/data/data/com.termux/files/home/02.ERP-system/41.labor-management/120.implementation	distributed	directory distributed successfully; archived at /data/data/com.termux/files/home/02.ERP-system/41.labor-management/900.meta/911.transition-distributed-archive/dirs/implementation
/data/data/com.termux/files/home/02.ERP-system/41.labor-management	legacy_dir	/data/data/com.termux/files/home/02.ERP-system/41.labor-management/900.meta/910.transition-inbox/legacy-root-dirs/model	/data/data/com.termux/files/home/02.ERP-system/41.labor-management/030.model	distributed	directory distributed successfully; archived at /data/data/com.termux/files/home/02.ERP-system/41.labor-management/900.meta/911.transition-distributed-archive/dirs/model
/data/data/com.termux/files/home/02.ERP-system/41.labor-management	legacy_dir	/data/data/com.termux/files/home/02.ERP-system/41.labor-management/900.meta/910.transition-inbox/legacy-root-dirs/screen	/data/data/com.termux/files/home/02.ERP-system/41.labor-management/120.implementation	distributed	directory distributed successfully; archived at /data/data/com.termux/files/home/02.ERP-system/41.labor-management/900.meta/911.transition-distributed-archive/dirs/screen
/data/data/com.termux/files/home/02.ERP-system/41.labor-management	legacy_dir	/data/data/com.termux/files/home/02.ERP-system/41.labor-management/900.meta/910.transition-inbox/legacy-root-dirs/security	/data/data/com.termux/files/home/02.ERP-system/41.labor-management/100.security	distributed	directory distributed successfully; archived at /data/data/com.termux/files/home/02.ERP-system/41.labor-management/900.meta/911.transition-distributed-archive/dirs/security
/data/data/com.termux/files/home/02.ERP-system/41.labor-management/01.attendance	legacy_dir	/data/data/com.termux/files/home/02.ERP-system/41.labor-management/01.attendance/900.meta/910.transition-inbox/legacy-root-dirs/api	/data/data/com.termux/files/home/02.ERP-system/41.labor-management/01.attendance/060.integration	distributed	directory distributed successfully; archived at /data/data/com.termux/files/home/02.ERP-system/41.labor-management/01.attendance/900.meta/911.transition-distributed-archive/dirs/api
/data/data/com.termux/files/home/02.ERP-system/41.labor-management/01.attendance	legacy_dir	/data/data/com.termux/files/home/02.ERP-system/41.labor-management/01.attendance/900.meta/910.transition-inbox/legacy-root-dirs/architecture	/data/data/com.termux/files/home/02.ERP-system/41.labor-management/01.attendance/020.architecture	distributed	directory distributed successfully; archived at /data/data/com.termux/files/home/02.ERP-system/41.labor-management/01.attendance/900.meta/911.transition-distributed-archive/dirs/architecture
/data/data/com.termux/files/home/02.ERP-system/41.labor-management/01.attendance	legacy_dir	/data/data/com.termux/files/home/02.ERP-system/41.labor-management/01.attendance/900.meta/910.transition-inbox/legacy-root-dirs/flow	/data/data/com.termux/files/home/02.ERP-system/41.labor-management/01.attendance/050.flow	distributed	directory distributed successfully; archived at /data/data/com.termux/files/home/02.ERP-system/41.labor-management/01.attendance/900.meta/911.transition-distributed-archive/dirs/flow
/data/data/com.termux/files/home/02.ERP-system/41.labor-management/01.attendance	legacy_dir	/data/data/com.termux/files/home/02.ERP-system/41.labor-management/01.attendance/900.meta/910.transition-inbox/legacy-root-dirs/implementation	/data/data/com.termux/files/home/02.ERP-system/41.labor-management/01.attendance/120.implementation	distributed	directory distributed successfully; archived at /data/data/com.termux/files/home/02.ERP-system/41.labor-management/01.attendance/900.meta/911.transition-distributed-archive/dirs/implementation
/data/data/com.termux/files/home/02.ERP-system/41.labor-management/01.attendance	legacy_dir	/data/data/com.termux/files/home/02.ERP-system/41.labor-management/01.attendance/900.meta/910.transition-inbox/legacy-root-dirs/model	/data/data/com.termux/files/home/02.ERP-system/41.labor-management/01.attendance/030.model	distributed	directory distributed successfully; archived at /data/data/com.termux/files/home/02.ERP-system/41.labor-management/01.attendance/900.meta/911.transition-distributed-archive/dirs/model
/data/data/com.termux/files/home/02.ERP-system/41.labor-management/01.attendance	legacy_dir	/data/data/com.termux/files/home/02.ERP-system/41.labor-management/01.attendance/900.meta/910.transition-inbox/legacy-root-dirs/screen	/data/data/com.termux/files/home/02.ERP-system/41.labor-management/01.attendance/120.implementation	distributed	directory distributed successfully; archived at /data/data/com.termux/files/home/02.ERP-system/41.labor-management/01.attendance/900.meta/911.transition-distributed-archive/dirs/screen
/data/data/com.termux/files/home/02.ERP-system/41.labor-management/01.attendance	legacy_dir	/data/data/com.termux/files/home/02.ERP-system/41.labor-management/01.attendance/900.meta/910.transition-inbox/legacy-root-dirs/security	/data/data/com.termux/files/home/02.ERP-system/41.labor-management/01.attendance/100.security	distributed	directory distributed successfully; archived at /data/data/com.termux/files/home/02.ERP-system/41.labor-management/01.attendance/900.meta/911.transition-distributed-archive/dirs/security
/data/data/com.termux/files/home/02.ERP-system/41.labor-management/02.shift	legacy_dir	/data/data/com.termux/files/home/02.ERP-system/41.labor-management/02.shift/900.meta/910.transition-inbox/legacy-root-dirs/api	/data/data/com.termux/files/home/02.ERP-system/41.labor-management/02.shift/060.integration	distributed	directory distributed successfully; archived at /data/data/com.termux/files/home/02.ERP-system/41.labor-management/02.shift/900.meta/911.transition-distributed-archive/dirs/api
/data/data/com.termux/files/home/02.ERP-system/41.labor-management/02.shift	legacy_dir	/data/data/com.termux/files/home/02.ERP-system/41.labor-management/02.shift/900.meta/910.transition-inbox/legacy-root-dirs/architecture	/data/data/com.termux/files/home/02.ERP-system/41.labor-management/02.shift/020.architecture	distributed	directory distributed successfully; archived at /data/data/com.termux/files/home/02.ERP-system/41.labor-management/02.shift/900.meta/911.transition-distributed-archive/dirs/architecture
/data/data/com.termux/files/home/02.ERP-system/41.labor-management/02.shift	legacy_dir	/data/data/com.termux/files/home/02.ERP-system/41.labor-management/02.shift/900.meta/910.transition-inbox/legacy-root-dirs/flow	/data/data/com.termux/files/home/02.ERP-system/41.labor-management/02.shift/050.flow	distributed	directory distributed successfully; archived at /data/data/com.termux/files/home/02.ERP-system/41.labor-management/02.shift/900.meta/911.transition-distributed-archive/dirs/flow
/data/data/com.termux/files/home/02.ERP-system/41.labor-management/02.shift	legacy_dir	/data/data/com.termux/files/home/02.ERP-system/41.labor-management/02.shift/900.meta/910.transition-inbox/legacy-root-dirs/implementation	/data/data/com.termux/files/home/02.ERP-system/41.labor-management/02.shift/120.implementation	distributed	directory distributed successfully; archived at /data/data/com.termux/files/home/02.ERP-system/41.labor-management/02.shift/900.meta/911.transition-distributed-archive/dirs/implementation
/data/data/com.termux/files/home/02.ERP-system/41.labor-management/02.shift	legacy_dir	/data/data/com.termux/files/home/02.ERP-system/41.labor-management/02.shift/900.meta/910.transition-inbox/legacy-root-dirs/model	/data/data/com.termux/files/home/02.ERP-system/41.labor-management/02.shift/030.model	distributed	directory distributed successfully; archived at /data/data/com.termux/files/home/02.ERP-system/41.labor-management/02.shift/900.meta/911.transition-distributed-archive/dirs/model
/data/data/com.termux/files/home/02.ERP-system/41.labor-management/02.shift	legacy_dir	/data/data/com.termux/files/home/02.ERP-system/41.labor-management/02.shift/900.meta/910.transition-inbox/legacy-root-dirs/screen	/data/data/com.termux/files/home/02.ERP-system/41.labor-management/02.shift/120.implementation	distributed	directory distributed successfully; archived at /data/data/com.termux/files/home/02.ERP-system/41.labor-management/02.shift/900.meta/911.transition-distributed-archive/dirs/screen
/data/data/com.termux/files/home/02.ERP-system/41.labor-management/02.shift	legacy_dir	/data/data/com.termux/files/home/02.ERP-system/41.labor-management/02.shift/900.meta/910.transition-inbox/legacy-root-dirs/security	/data/data/com.termux/files/home/02.ERP-system/41.labor-management/02.shift/100.security	distributed	directory distributed successfully; archived at /data/data/com.termux/files/home/02.ERP-system/41.labor-management/02.shift/900.meta/911.transition-distributed-archive/dirs/security
/data/data/com.termux/files/home/02.ERP-system/41.labor-management/03.leave	legacy_dir	/data/data/com.termux/files/home/02.ERP-system/41.labor-management/03.leave/900.meta/910.transition-inbox/legacy-root-dirs/api	/data/data/com.termux/files/home/02.ERP-system/41.labor-management/03.leave/060.integration	distributed	directory distributed successfully; archived at /data/data/com.termux/files/home/02.ERP-system/41.labor-management/03.leave/900.meta/911.transition-distributed-archive/dirs/api
/data/data/com.termux/files/home/02.ERP-system/41.labor-management/03.leave	legacy_dir	/data/data/com.termux/files/home/02.ERP-system/41.labor-management/03.leave/900.meta/910.transition-inbox/legacy-root-dirs/architecture	/data/data/com.termux/files/home/02.ERP-system/41.labor-management/03.leave/020.architecture	distributed	directory distributed successfully; archived at /data/data/com.termux/files/home/02.ERP-system/41.labor-management/03.leave/900.meta/911.transition-distributed-archive/dirs/architecture
/data/data/com.termux/files/home/02.ERP-system/41.labor-management/03.leave	legacy_dir	/data/data/com.termux/files/home/02.ERP-system/41.labor-management/03.leave/900.meta/910.transition-inbox/legacy-root-dirs/flow	/data/data/com.termux/files/home/02.ERP-system/41.labor-management/03.leave/050.flow	distributed	directory distributed successfully; archived at /data/data/com.termux/files/home/02.ERP-system/41.labor-management/03.leave/900.meta/911.transition-distributed-archive/dirs/flow
/data/data/com.termux/files/home/02.ERP-system/41.labor-management/03.leave	legacy_dir	/data/data/com.termux/files/home/02.ERP-system/41.labor-management/03.leave/900.meta/910.transition-inbox/legacy-root-dirs/implementation	/data/data/com.termux/files/home/02.ERP-system/41.labor-management/03.leave/120.implementation	distributed	directory distributed successfully; archived at /data/data/com.termux/files/home/02.ERP-system/41.labor-management/03.leave/900.meta/911.transition-distributed-archive/dirs/implementation
/data/data/com.termux/files/home/02.ERP-system/41.labor-management/03.leave	legacy_dir	/data/data/com.termux/files/home/02.ERP-system/41.labor-management/03.leave/900.meta/910.transition-inbox/legacy-root-dirs/model	/data/data/com.termux/files/home/02.ERP-system/41.labor-management/03.leave/030.model	distributed	directory distributed successfully; archived at /data/data/com.termux/files/home/02.ERP-system/41.labor-management/03.leave/900.meta/911.transition-distributed-archive/dirs/model
/data/data/com.termux/files/home/02.ERP-system/41.labor-management/03.leave	legacy_dir	/data/data/com.termux/files/home/02.ERP-system/41.labor-management/03.leave/900.meta/910.transition-inbox/legacy-root-dirs/screen	/data/data/com.termux/files/home/02.ERP-system/41.labor-management/03.leave/120.implementation	distributed	directory distributed successfully; archived at /data/data/com.termux/files/home/02.ERP-system/41.labor-management/03.leave/900.meta/911.transition-distributed-archive/dirs/screen
/data/data/com.termux/files/home/02.ERP-system/41.labor-management/03.leave	legacy_dir	/data/data/com.termux/files/home/02.ERP-system/41.labor-management/03.leave/900.meta/910.transition-inbox/legacy-root-dirs/security	/data/data/com.termux/files/home/02.ERP-system/41.labor-management/03.leave/100.security	distributed	directory distributed successfully; archived at /data/data/com.termux/files/home/02.ERP-system/41.labor-management/03.leave/900.meta/911.transition-distributed-archive/dirs/security
/data/data/com.termux/files/home/02.ERP-system/41.labor-management/04.overtime	legacy_dir	/data/data/com.termux/files/home/02.ERP-system/41.labor-management/04.overtime/900.meta/910.transition-inbox/legacy-root-dirs/api	/data/data/com.termux/files/home/02.ERP-system/41.labor-management/04.overtime/060.integration	distributed	directory distributed successfully; archived at /data/data/com.termux/files/home/02.ERP-system/41.labor-management/04.overtime/900.meta/911.transition-distributed-archive/dirs/api
/data/data/com.termux/files/home/02.ERP-system/41.labor-management/04.overtime	legacy_dir	/data/data/com.termux/files/home/02.ERP-system/41.labor-management/04.overtime/900.meta/910.transition-inbox/legacy-root-dirs/architecture	/data/data/com.termux/files/home/02.ERP-system/41.labor-management/04.overtime/020.architecture	distributed	directory distributed successfully; archived at /data/data/com.termux/files/home/02.ERP-system/41.labor-management/04.overtime/900.meta/911.transition-distributed-archive/dirs/architecture
/data/data/com.termux/files/home/02.ERP-system/41.labor-management/04.overtime	legacy_dir	/data/data/com.termux/files/home/02.ERP-system/41.labor-management/04.overtime/900.meta/910.transition-inbox/legacy-root-dirs/flow	/data/data/com.termux/files/home/02.ERP-system/41.labor-management/04.overtime/050.flow	distributed	directory distributed successfully; archived at /data/data/com.termux/files/home/02.ERP-system/41.labor-management/04.overtime/900.meta/911.transition-distributed-archive/dirs/flow
/data/data/com.termux/files/home/02.ERP-system/41.labor-management/04.overtime	legacy_dir	/data/data/com.termux/files/home/02.ERP-system/41.labor-management/04.overtime/900.meta/910.transition-inbox/legacy-root-dirs/implementation	/data/data/com.termux/files/home/02.ERP-system/41.labor-management/04.overtime/120.implementation	distributed	directory distributed successfully; archived at /data/data/com.termux/files/home/02.ERP-system/41.labor-management/04.overtime/900.meta/911.transition-distributed-archive/dirs/implementation
/data/data/com.termux/files/home/02.ERP-system/41.labor-management/04.overtime	legacy_dir	/data/data/com.termux/files/home/02.ERP-system/41.labor-management/04.overtime/900.meta/910.transition-inbox/legacy-root-dirs/model	/data/data/com.termux/files/home/02.ERP-system/41.labor-management/04.overtime/030.model	distributed	directory distributed successfully; archived at /data/data/com.termux/files/home/02.ERP-system/41.labor-management/04.overtime/900.meta/911.transition-distributed-archive/dirs/model
/data/data/com.termux/files/home/02.ERP-system/41.labor-management/04.overtime	legacy_dir	/data/data/com.termux/files/home/02.ERP-system/41.labor-management/04.overtime/900.meta/910.transition-inbox/legacy-root-dirs/screen	/data/data/com.termux/files/home/02.ERP-system/41.labor-management/04.overtime/120.implementation	distributed	directory distributed successfully; archived at /data/data/com.termux/files/home/02.ERP-system/41.labor-management/04.overtime/900.meta/911.transition-distributed-archive/dirs/screen
/data/data/com.termux/files/home/02.ERP-system/41.labor-management/04.overtime	legacy_dir	/data/data/com.termux/files/home/02.ERP-system/41.labor-management/04.overtime/900.meta/910.transition-inbox/legacy-root-dirs/security	/data/data/com.termux/files/home/02.ERP-system/41.labor-management/04.overtime/100.security	distributed	directory distributed successfully; archived at /data/data/com.termux/files/home/02.ERP-system/41.labor-management/04.overtime/900.meta/911.transition-distributed-archive/dirs/security
/data/data/com.termux/files/home/02.ERP-system/41.labor-management/05.work-record	legacy_dir	/data/data/com.termux/files/home/02.ERP-system/41.labor-management/05.work-record/900.meta/910.transition-inbox/legacy-root-dirs/api	/data/data/com.termux/files/home/02.ERP-system/41.labor-management/05.work-record/060.integration	distributed	directory distributed successfully; archived at /data/data/com.termux/files/home/02.ERP-system/41.labor-management/05.work-record/900.meta/911.transition-distributed-archive/dirs/api
/data/data/com.termux/files/home/02.ERP-system/41.labor-management/05.work-record	legacy_dir	/data/data/com.termux/files/home/02.ERP-system/41.labor-management/05.work-record/900.meta/910.transition-inbox/legacy-root-dirs/architecture	/data/data/com.termux/files/home/02.ERP-system/41.labor-management/05.work-record/020.architecture	distributed	directory distributed successfully; archived at /data/data/com.termux/files/home/02.ERP-system/41.labor-management/05.work-record/900.meta/911.transition-distributed-archive/dirs/architecture
/data/data/com.termux/files/home/02.ERP-system/41.labor-management/05.work-record	legacy_dir	/data/data/com.termux/files/home/02.ERP-system/41.labor-management/05.work-record/900.meta/910.transition-inbox/legacy-root-dirs/flow	/data/data/com.termux/files/home/02.ERP-system/41.labor-management/05.work-record/050.flow	distributed	directory distributed successfully; archived at /data/data/com.termux/files/home/02.ERP-system/41.labor-management/05.work-record/900.meta/911.transition-distributed-archive/dirs/flow
/data/data/com.termux/files/home/02.ERP-system/41.labor-management/05.work-record	legacy_dir	/data/data/com.termux/files/home/02.ERP-system/41.labor-management/05.work-record/900.meta/910.transition-inbox/legacy-root-dirs/implementation	/data/data/com.termux/files/home/02.ERP-system/41.labor-management/05.work-record/120.implementation	distributed	directory distributed successfully; archived at /data/data/com.termux/files/home/02.ERP-system/41.labor-management/05.work-record/900.meta/911.transition-distributed-archive/dirs/implementation
/data/data/com.termux/files/home/02.ERP-system/41.labor-management/05.work-record	legacy_dir	/data/data/com.termux/files/home/02.ERP-system/41.labor-management/05.work-record/900.meta/910.transition-inbox/legacy-root-dirs/model	/data/data/com.termux/files/home/02.ERP-system/41.labor-management/05.work-record/030.model	distributed	directory distributed successfully; archived at /data/data/com.termux/files/home/02.ERP-system/41.labor-management/05.work-record/900.meta/911.transition-distributed-archive/dirs/model
/data/data/com.termux/files/home/02.ERP-system/41.labor-management/05.work-record	legacy_dir	/data/data/com.termux/files/home/02.ERP-system/41.labor-management/05.work-record/900.meta/910.transition-inbox/legacy-root-dirs/screen	/data/data/com.termux/files/home/02.ERP-system/41.labor-management/05.work-record/120.implementation	distributed	directory distributed successfully; archived at /data/data/com.termux/files/home/02.ERP-system/41.labor-management/05.work-record/900.meta/911.transition-distributed-archive/dirs/screen
/data/data/com.termux/files/home/02.ERP-system/41.labor-management/05.work-record	legacy_dir	/data/data/com.termux/files/home/02.ERP-system/41.labor-management/05.work-record/900.meta/910.transition-inbox/legacy-root-dirs/security	/data/data/com.termux/files/home/02.ERP-system/41.labor-management/05.work-record/100.security	distributed	directory distributed successfully; archived at /data/data/com.termux/files/home/02.ERP-system/41.labor-management/05.work-record/900.meta/911.transition-distributed-archive/dirs/security
/data/data/com.termux/files/home/02.ERP-system/42.payroll	legacy_dir	/data/data/com.termux/files/home/02.ERP-system/42.payroll/900.meta/910.transition-inbox/legacy-root-dirs/api	/data/data/com.termux/files/home/02.ERP-system/42.payroll/060.integration	distributed	directory distributed successfully; archived at /data/data/com.termux/files/home/02.ERP-system/42.payroll/900.meta/911.transition-distributed-archive/dirs/api
/data/data/com.termux/files/home/02.ERP-system/42.payroll	legacy_dir	/data/data/com.termux/files/home/02.ERP-system/42.payroll/900.meta/910.transition-inbox/legacy-root-dirs/architecture	/data/data/com.termux/files/home/02.ERP-system/42.payroll/020.architecture	distributed	directory distributed successfully; archived at /data/data/com.termux/files/home/02.ERP-system/42.payroll/900.meta/911.transition-distributed-archive/dirs/architecture
/data/data/com.termux/files/home/02.ERP-system/42.payroll	legacy_dir	/data/data/com.termux/files/home/02.ERP-system/42.payroll/900.meta/910.transition-inbox/legacy-root-dirs/flow	/data/data/com.termux/files/home/02.ERP-system/42.payroll/050.flow	distributed	directory distributed successfully; archived at /data/data/com.termux/files/home/02.ERP-system/42.payroll/900.meta/911.transition-distributed-archive/dirs/flow
/data/data/com.termux/files/home/02.ERP-system/42.payroll	legacy_dir	/data/data/com.termux/files/home/02.ERP-system/42.payroll/900.meta/910.transition-inbox/legacy-root-dirs/implementation	/data/data/com.termux/files/home/02.ERP-system/42.payroll/120.implementation	distributed	directory distributed successfully; archived at /data/data/com.termux/files/home/02.ERP-system/42.payroll/900.meta/911.transition-distributed-archive/dirs/implementation
/data/data/com.termux/files/home/02.ERP-system/42.payroll	legacy_dir	/data/data/com.termux/files/home/02.ERP-system/42.payroll/900.meta/910.transition-inbox/legacy-root-dirs/model	/data/data/com.termux/files/home/02.ERP-system/42.payroll/030.model	distributed	directory distributed successfully; archived at /data/data/com.termux/files/home/02.ERP-system/42.payroll/900.meta/911.transition-distributed-archive/dirs/model
/data/data/com.termux/files/home/02.ERP-system/42.payroll	legacy_dir	/data/data/com.termux/files/home/02.ERP-system/42.payroll/900.meta/910.transition-inbox/legacy-root-dirs/screen	/data/data/com.termux/files/home/02.ERP-system/42.payroll/120.implementation	distributed	directory distributed successfully; archived at /data/data/com.termux/files/home/02.ERP-system/42.payroll/900.meta/911.transition-distributed-archive/dirs/screen
/data/data/com.termux/files/home/02.ERP-system/42.payroll	legacy_dir	/data/data/com.termux/files/home/02.ERP-system/42.payroll/900.meta/910.transition-inbox/legacy-root-dirs/security	/data/data/com.termux/files/home/02.ERP-system/42.payroll/100.security	distributed	directory distributed successfully; archived at /data/data/com.termux/files/home/02.ERP-system/42.payroll/900.meta/911.transition-distributed-archive/dirs/security
/data/data/com.termux/files/home/02.ERP-system/50.approval	legacy_dir	/data/data/com.termux/files/home/02.ERP-system/50.approval/900.meta/910.transition-inbox/legacy-root-dirs/api	/data/data/com.termux/files/home/02.ERP-system/50.approval/060.integration	distributed	directory distributed successfully; archived at /data/data/com.termux/files/home/02.ERP-system/50.approval/900.meta/911.transition-distributed-archive/dirs/api
/data/data/com.termux/files/home/02.ERP-system/50.approval	legacy_dir	/data/data/com.termux/files/home/02.ERP-system/50.approval/900.meta/910.transition-inbox/legacy-root-dirs/architecture	/data/data/com.termux/files/home/02.ERP-system/50.approval/020.architecture	distributed	directory distributed successfully; archived at /data/data/com.termux/files/home/02.ERP-system/50.approval/900.meta/911.transition-distributed-archive/dirs/architecture
/data/data/com.termux/files/home/02.ERP-system/50.approval	legacy_dir	/data/data/com.termux/files/home/02.ERP-system/50.approval/900.meta/910.transition-inbox/legacy-root-dirs/flow	/data/data/com.termux/files/home/02.ERP-system/50.approval/050.flow	distributed	directory distributed successfully; archived at /data/data/com.termux/files/home/02.ERP-system/50.approval/900.meta/911.transition-distributed-archive/dirs/flow
/data/data/com.termux/files/home/02.ERP-system/50.approval	legacy_dir	/data/data/com.termux/files/home/02.ERP-system/50.approval/900.meta/910.transition-inbox/legacy-root-dirs/implementation	/data/data/com.termux/files/home/02.ERP-system/50.approval/120.implementation	distributed	directory distributed successfully; archived at /data/data/com.termux/files/home/02.ERP-system/50.approval/900.meta/911.transition-distributed-archive/dirs/implementation
/data/data/com.termux/files/home/02.ERP-system/50.approval	legacy_dir	/data/data/com.termux/files/home/02.ERP-system/50.approval/900.meta/910.transition-inbox/legacy-root-dirs/model	/data/data/com.termux/files/home/02.ERP-system/50.approval/030.model	distributed	directory distributed successfully; archived at /data/data/com.termux/files/home/02.ERP-system/50.approval/900.meta/911.transition-distributed-archive/dirs/model
/data/data/com.termux/files/home/02.ERP-system/50.approval	legacy_dir	/data/data/com.termux/files/home/02.ERP-system/50.approval/900.meta/910.transition-inbox/legacy-root-dirs/screen	/data/data/com.termux/files/home/02.ERP-system/50.approval/120.implementation	distributed	directory distributed successfully; archived at /data/data/com.termux/files/home/02.ERP-system/50.approval/900.meta/911.transition-distributed-archive/dirs/screen
/data/data/com.termux/files/home/02.ERP-system/50.approval	legacy_dir	/data/data/com.termux/files/home/02.ERP-system/50.approval/900.meta/910.transition-inbox/legacy-root-dirs/security	/data/data/com.termux/files/home/02.ERP-system/50.approval/100.security	distributed	directory distributed successfully; archived at /data/data/com.termux/files/home/02.ERP-system/50.approval/900.meta/911.transition-distributed-archive/dirs/security
/data/data/com.termux/files/home/02.ERP-system/51.audit	legacy_dir	/data/data/com.termux/files/home/02.ERP-system/51.audit/900.meta/910.transition-inbox/legacy-root-dirs/api	/data/data/com.termux/files/home/02.ERP-system/51.audit/060.integration	distributed	directory distributed successfully; archived at /data/data/com.termux/files/home/02.ERP-system/51.audit/900.meta/911.transition-distributed-archive/dirs/api
/data/data/com.termux/files/home/02.ERP-system/51.audit	legacy_dir	/data/data/com.termux/files/home/02.ERP-system/51.audit/900.meta/910.transition-inbox/legacy-root-dirs/architecture	/data/data/com.termux/files/home/02.ERP-system/51.audit/020.architecture	distributed	directory distributed successfully; archived at /data/data/com.termux/files/home/02.ERP-system/51.audit/900.meta/911.transition-distributed-archive/dirs/architecture
/data/data/com.termux/files/home/02.ERP-system/51.audit	legacy_dir	/data/data/com.termux/files/home/02.ERP-system/51.audit/900.meta/910.transition-inbox/legacy-root-dirs/flow	/data/data/com.termux/files/home/02.ERP-system/51.audit/050.flow	distributed	directory distributed successfully; archived at /data/data/com.termux/files/home/02.ERP-system/51.audit/900.meta/911.transition-distributed-archive/dirs/flow
/data/data/com.termux/files/home/02.ERP-system/51.audit	legacy_dir	/data/data/com.termux/files/home/02.ERP-system/51.audit/900.meta/910.transition-inbox/legacy-root-dirs/implementation	/data/data/com.termux/files/home/02.ERP-system/51.audit/120.implementation	distributed	directory distributed successfully; archived at /data/data/com.termux/files/home/02.ERP-system/51.audit/900.meta/911.transition-distributed-archive/dirs/implementation
/data/data/com.termux/files/home/02.ERP-system/51.audit	legacy_dir	/data/data/com.termux/files/home/02.ERP-system/51.audit/900.meta/910.transition-inbox/legacy-root-dirs/model	/data/data/com.termux/files/home/02.ERP-system/51.audit/030.model	distributed	directory distributed successfully; archived at /data/data/com.termux/files/home/02.ERP-system/51.audit/900.meta/911.transition-distributed-archive/dirs/model
/data/data/com.termux/files/home/02.ERP-system/51.audit	legacy_dir	/data/data/com.termux/files/home/02.ERP-system/51.audit/900.meta/910.transition-inbox/legacy-root-dirs/screen	/data/data/com.termux/files/home/02.ERP-system/51.audit/120.implementation	distributed	directory distributed successfully; archived at /data/data/com.termux/files/home/02.ERP-system/51.audit/900.meta/911.transition-distributed-archive/dirs/screen
/data/data/com.termux/files/home/02.ERP-system/51.audit	legacy_dir	/data/data/com.termux/files/home/02.ERP-system/51.audit/900.meta/910.transition-inbox/legacy-root-dirs/security	/data/data/com.termux/files/home/02.ERP-system/51.audit/100.security	distributed	directory distributed successfully; archived at /data/data/com.termux/files/home/02.ERP-system/51.audit/900.meta/911.transition-distributed-archive/dirs/security
/data/data/com.termux/files/home/02.ERP-system/52.master-data	legacy_dir	/data/data/com.termux/files/home/02.ERP-system/52.master-data/900.meta/910.transition-inbox/legacy-root-dirs/api	/data/data/com.termux/files/home/02.ERP-system/52.master-data/060.integration	distributed	directory distributed successfully; archived at /data/data/com.termux/files/home/02.ERP-system/52.master-data/900.meta/911.transition-distributed-archive/dirs/api
/data/data/com.termux/files/home/02.ERP-system/52.master-data	legacy_dir	/data/data/com.termux/files/home/02.ERP-system/52.master-data/900.meta/910.transition-inbox/legacy-root-dirs/architecture	/data/data/com.termux/files/home/02.ERP-system/52.master-data/020.architecture	distributed	directory distributed successfully; archived at /data/data/com.termux/files/home/02.ERP-system/52.master-data/900.meta/911.transition-distributed-archive/dirs/architecture
/data/data/com.termux/files/home/02.ERP-system/52.master-data	legacy_dir	/data/data/com.termux/files/home/02.ERP-system/52.master-data/900.meta/910.transition-inbox/legacy-root-dirs/flow	/data/data/com.termux/files/home/02.ERP-system/52.master-data/050.flow	distributed	directory distributed successfully; archived at /data/data/com.termux/files/home/02.ERP-system/52.master-data/900.meta/911.transition-distributed-archive/dirs/flow
/data/data/com.termux/files/home/02.ERP-system/52.master-data	legacy_dir	/data/data/com.termux/files/home/02.ERP-system/52.master-data/900.meta/910.transition-inbox/legacy-root-dirs/implementation	/data/data/com.termux/files/home/02.ERP-system/52.master-data/120.implementation	distributed	directory distributed successfully; archived at /data/data/com.termux/files/home/02.ERP-system/52.master-data/900.meta/911.transition-distributed-archive/dirs/implementation
/data/data/com.termux/files/home/02.ERP-system/52.master-data	legacy_dir	/data/data/com.termux/files/home/02.ERP-system/52.master-data/900.meta/910.transition-inbox/legacy-root-dirs/model	/data/data/com.termux/files/home/02.ERP-system/52.master-data/030.model	distributed	directory distributed successfully; archived at /data/data/com.termux/files/home/02.ERP-system/52.master-data/900.meta/911.transition-distributed-archive/dirs/model
/data/data/com.termux/files/home/02.ERP-system/52.master-data	legacy_dir	/data/data/com.termux/files/home/02.ERP-system/52.master-data/900.meta/910.transition-inbox/legacy-root-dirs/screen	/data/data/com.termux/files/home/02.ERP-system/52.master-data/120.implementation	distributed	directory distributed successfully; archived at /data/data/com.termux/files/home/02.ERP-system/52.master-data/900.meta/911.transition-distributed-archive/dirs/screen
/data/data/com.termux/files/home/02.ERP-system/52.master-data	legacy_dir	/data/data/com.termux/files/home/02.ERP-system/52.master-data/900.meta/910.transition-inbox/legacy-root-dirs/security	/data/data/com.termux/files/home/02.ERP-system/52.master-data/100.security	distributed	directory distributed successfully; archived at /data/data/com.termux/files/home/02.ERP-system/52.master-data/900.meta/911.transition-distributed-archive/dirs/security
/data/data/com.termux/files/home/02.ERP-system/90.transition-triage/00.root-files	legacy_file	/data/data/com.termux/files/home/02.ERP-system/90.transition-triage/00.root-files/900.meta/910.transition-inbox/legacy-root-files/000_COMMON_DESIGN_INDEX.md	/data/data/com.termux/files/home/02.ERP-system/90.transition-triage/00.root-files/900.meta/912.transition-unclassified/unclassified-files/000_COMMON_DESIGN_INDEX.md	moved_unclassified	file name has no canonical mapping
/data/data/com.termux/files/home/02.ERP-system/90.transition-triage/00.root-files	legacy_file	/data/data/com.termux/files/home/02.ERP-system/90.transition-triage/00.root-files/900.meta/910.transition-inbox/legacy-root-files/000_COMMON_DESIGN_OVERVIEW.md	/data/data/com.termux/files/home/02.ERP-system/90.transition-triage/00.root-files/120.implementation/000_COMMON_DESIGN_OVERVIEW.md	distributed	moved into canonical layer
/data/data/com.termux/files/home/02.ERP-system/90.transition-triage/00.root-files	legacy_file	/data/data/com.termux/files/home/02.ERP-system/90.transition-triage/00.root-files/900.meta/910.transition-inbox/legacy-root-files/001_COMMON_DESIGN_SET_INTEGRATION_NOTE.md	/data/data/com.termux/files/home/02.ERP-system/90.transition-triage/00.root-files/060.integration/001_COMMON_DESIGN_SET_INTEGRATION_NOTE.md	distributed	moved into canonical layer
/data/data/com.termux/files/home/02.ERP-system/90.transition-triage/00.root-files	legacy_file	/data/data/com.termux/files/home/02.ERP-system/90.transition-triage/00.root-files/900.meta/910.transition-inbox/legacy-root-files/002_COMMON_DESIGN_SET_NAVIGATION_RULE.md	/data/data/com.termux/files/home/02.ERP-system/90.transition-triage/00.root-files/080.policy/002_COMMON_DESIGN_SET_NAVIGATION_RULE.md	distributed	moved into canonical layer
/data/data/com.termux/files/home/02.ERP-system/90.transition-triage/00.root-files	legacy_file	/data/data/com.termux/files/home/02.ERP-system/90.transition-triage/00.root-files/900.meta/910.transition-inbox/legacy-root-files/124_ERP_DEEP_REVIEW_SET_INDEX.md	/data/data/com.termux/files/home/02.ERP-system/90.transition-triage/00.root-files/120.implementation/124_ERP_DEEP_REVIEW_SET_INDEX.md	distributed	moved into canonical layer
/data/data/com.termux/files/home/02.ERP-system/90.transition-triage/00.root-files	legacy_file	/data/data/com.termux/files/home/02.ERP-system/90.transition-triage/00.root-files/900.meta/910.transition-inbox/legacy-root-files/125_ERP_DEEP_REVIEW_SET_OVERVIEW.md	/data/data/com.termux/files/home/02.ERP-system/90.transition-triage/00.root-files/120.implementation/125_ERP_DEEP_REVIEW_SET_OVERVIEW.md	distributed	moved into canonical layer
/data/data/com.termux/files/home/02.ERP-system/90.transition-triage/00.root-files	legacy_file	/data/data/com.termux/files/home/02.ERP-system/90.transition-triage/00.root-files/900.meta/910.transition-inbox/legacy-root-files/126_ERP_RECONCILIATION_ROADMAP.md	/data/data/com.termux/files/home/02.ERP-system/90.transition-triage/00.root-files/900.meta/912.transition-unclassified/unclassified-files/126_ERP_RECONCILIATION_ROADMAP.md	moved_unclassified	file name has no canonical mapping
/data/data/com.termux/files/home/02.ERP-system/90.transition-triage/00.root-files	legacy_file	/data/data/com.termux/files/home/02.ERP-system/90.transition-triage/00.root-files/900.meta/910.transition-inbox/legacy-root-files/127_ERP_RECONCILIATION_CURRENT_STATE.md	/data/data/com.termux/files/home/02.ERP-system/90.transition-triage/00.root-files/900.meta/912.transition-unclassified/unclassified-files/127_ERP_RECONCILIATION_CURRENT_STATE.md	moved_unclassified	file name has no canonical mapping
/data/data/com.termux/files/home/02.ERP-system/90.transition-triage/00.root-files	legacy_file	/data/data/com.termux/files/home/02.ERP-system/90.transition-triage/00.root-files/900.meta/910.transition-inbox/legacy-root-files/128_ERP_RECONCILIATION_NEXT_ACTIONS.md	/data/data/com.termux/files/home/02.ERP-system/90.transition-triage/00.root-files/900.meta/912.transition-unclassified/unclassified-files/128_ERP_RECONCILIATION_NEXT_ACTIONS.md	moved_unclassified	file name has no canonical mapping
/data/data/com.termux/files/home/02.ERP-system/90.transition-triage/00.root-files	legacy_file	/data/data/com.termux/files/home/02.ERP-system/90.transition-triage/00.root-files/900.meta/910.transition-inbox/legacy-root-files/129_ERP_RECONCILIATION_DECISION_LOG_SUMMARY.md	/data/data/com.termux/files/home/02.ERP-system/90.transition-triage/00.root-files/900.meta/912.transition-unclassified/unclassified-files/129_ERP_RECONCILIATION_DECISION_LOG_SUMMARY.md	moved_unclassified	file name has no canonical mapping
/data/data/com.termux/files/home/02.ERP-system/90.transition-triage/00.root-files	legacy_file	/data/data/com.termux/files/home/02.ERP-system/90.transition-triage/00.root-files/900.meta/910.transition-inbox/legacy-root-files/130_DESIGN_MASTER_INDEX_RECONCILIATION_PATCH.md	/data/data/com.termux/files/home/02.ERP-system/90.transition-triage/00.root-files/900.meta/912.transition-unclassified/unclassified-files/130_DESIGN_MASTER_INDEX_RECONCILIATION_PATCH.md	moved_unclassified	file name has no canonical mapping
/data/data/com.termux/files/home/02.ERP-system/90.transition-triage/00.root-files	legacy_file	/data/data/com.termux/files/home/02.ERP-system/90.transition-triage/00.root-files/900.meta/910.transition-inbox/legacy-root-files/131_ERP_SYSTEM_MASTER_INDEX_RECONCILIATION_PATCH.md	/data/data/com.termux/files/home/02.ERP-system/90.transition-triage/00.root-files/900.meta/912.transition-unclassified/unclassified-files/131_ERP_SYSTEM_MASTER_INDEX_RECONCILIATION_PATCH.md	moved_unclassified	file name has no canonical mapping
/data/data/com.termux/files/home/02.ERP-system/90.transition-triage/00.root-files	legacy_file	/data/data/com.termux/files/home/02.ERP-system/90.transition-triage/00.root-files/900.meta/910.transition-inbox/legacy-root-files/132_ERP_RECONCILIATION_ROOT_NAVIGATION_RULE.md	/data/data/com.termux/files/home/02.ERP-system/90.transition-triage/00.root-files/080.policy/132_ERP_RECONCILIATION_ROOT_NAVIGATION_RULE.md	distributed	moved into canonical layer
/data/data/com.termux/files/home/02.ERP-system/90.transition-triage/00.root-files	legacy_file	/data/data/com.termux/files/home/02.ERP-system/90.transition-triage/00.root-files/900.meta/910.transition-inbox/legacy-root-files/133_ERP_DESIGN_BIBLE_RECONCILIATION_PATCH.md	/data/data/com.termux/files/home/02.ERP-system/90.transition-triage/00.root-files/900.meta/912.transition-unclassified/unclassified-files/133_ERP_DESIGN_BIBLE_RECONCILIATION_PATCH.md	moved_unclassified	file name has no canonical mapping
/data/data/com.termux/files/home/02.ERP-system/90.transition-triage/00.root-files	legacy_file	/data/data/com.termux/files/home/02.ERP-system/90.transition-triage/00.root-files/900.meta/910.transition-inbox/legacy-root-files/134_ERP_RUNTIME_WRITE_PATH_EVIDENCE_CAPTURE_RULE.md	/data/data/com.termux/files/home/02.ERP-system/90.transition-triage/00.root-files/080.policy/134_ERP_RUNTIME_WRITE_PATH_EVIDENCE_CAPTURE_RULE.md	distributed	moved into canonical layer
/data/data/com.termux/files/home/02.ERP-system/90.transition-triage/00.root-files	legacy_file	/data/data/com.termux/files/home/02.ERP-system/90.transition-triage/00.root-files/900.meta/910.transition-inbox/legacy-root-files/135_ERP_RUNTIME_WRITE_PATH_EVIDENCE_LOG_TEMPLATE.md	/data/data/com.termux/files/home/02.ERP-system/90.transition-triage/00.root-files/900.meta/912.transition-unclassified/unclassified-files/135_ERP_RUNTIME_WRITE_PATH_EVIDENCE_LOG_TEMPLATE.md	moved_unclassified	file name has no canonical mapping
/data/data/com.termux/files/home/02.ERP-system/90.transition-triage/00.root-files	legacy_file	/data/data/com.termux/files/home/02.ERP-system/90.transition-triage/00.root-files/900.meta/910.transition-inbox/legacy-root-files/136_ERP_RUNTIME_WRITE_PATH_TARGET_MATRIX.md	/data/data/com.termux/files/home/02.ERP-system/90.transition-triage/00.root-files/900.meta/912.transition-unclassified/unclassified-files/136_ERP_RUNTIME_WRITE_PATH_TARGET_MATRIX.md	moved_unclassified	file name has no canonical mapping
/data/data/com.termux/files/home/02.ERP-system/90.transition-triage/00.root-files	legacy_file	/data/data/com.termux/files/home/02.ERP-system/90.transition-triage/00.root-files/900.meta/910.transition-inbox/legacy-root-files/137_ERP_RUNTIME_WRITE_PATH_FIRST_CAPTURE_PLAN.md	/data/data/com.termux/files/home/02.ERP-system/90.transition-triage/00.root-files/900.meta/912.transition-unclassified/unclassified-files/137_ERP_RUNTIME_WRITE_PATH_FIRST_CAPTURE_PLAN.md	moved_unclassified	file name has no canonical mapping
/data/data/com.termux/files/home/02.ERP-system/90.transition-triage/00.root-files	legacy_file	/data/data/com.termux/files/home/02.ERP-system/90.transition-triage/00.root-files/900.meta/910.transition-inbox/legacy-root-files/138_ERP_HEADER_WRITE_EVIDENCE_CAPTURE_RULE.md	/data/data/com.termux/files/home/02.ERP-system/90.transition-triage/00.root-files/080.policy/138_ERP_HEADER_WRITE_EVIDENCE_CAPTURE_RULE.md	distributed	moved into canonical layer
/data/data/com.termux/files/home/02.ERP-system/90.transition-triage/00.root-files	legacy_file	/data/data/com.termux/files/home/02.ERP-system/90.transition-triage/00.root-files/900.meta/910.transition-inbox/legacy-root-files/139_ERP_HEADER_WRITE_EVIDENCE_LOG_TEMPLATE.md	/data/data/com.termux/files/home/02.ERP-system/90.transition-triage/00.root-files/900.meta/912.transition-unclassified/unclassified-files/139_ERP_HEADER_WRITE_EVIDENCE_LOG_TEMPLATE.md	moved_unclassified	file name has no canonical mapping
/data/data/com.termux/files/home/02.ERP-system/90.transition-triage/00.root-files	legacy_file	/data/data/com.termux/files/home/02.ERP-system/90.transition-triage/00.root-files/900.meta/910.transition-inbox/legacy-root-files/140_ERP_HEADER_WRITE_TARGET_MATRIX.md	/data/data/com.termux/files/home/02.ERP-system/90.transition-triage/00.root-files/900.meta/912.transition-unclassified/unclassified-files/140_ERP_HEADER_WRITE_TARGET_MATRIX.md	moved_unclassified	file name has no canonical mapping
/data/data/com.termux/files/home/02.ERP-system/90.transition-triage/00.root-files	legacy_file	/data/data/com.termux/files/home/02.ERP-system/90.transition-triage/00.root-files/900.meta/910.transition-inbox/legacy-root-files/141_ERP_HEADER_WRITE_FIRST_CAPTURE_PLAN.md	/data/data/com.termux/files/home/02.ERP-system/90.transition-triage/00.root-files/900.meta/912.transition-unclassified/unclassified-files/141_ERP_HEADER_WRITE_FIRST_CAPTURE_PLAN.md	moved_unclassified	file name has no canonical mapping
/data/data/com.termux/files/home/02.ERP-system/90.transition-triage/00.root-files	legacy_file	/data/data/com.termux/files/home/02.ERP-system/90.transition-triage/00.root-files/900.meta/910.transition-inbox/legacy-root-files/142_ERP_SETTLEMENT_EVIDENCE_CAPTURE_RULE.md	/data/data/com.termux/files/home/02.ERP-system/90.transition-triage/00.root-files/080.policy/142_ERP_SETTLEMENT_EVIDENCE_CAPTURE_RULE.md	distributed	moved into canonical layer
/data/data/com.termux/files/home/02.ERP-system/90.transition-triage/00.root-files	legacy_file	/data/data/com.termux/files/home/02.ERP-system/90.transition-triage/00.root-files/900.meta/910.transition-inbox/legacy-root-files/143_ERP_AR_AP_EVIDENCE_CAPTURE_RULE.md	/data/data/com.termux/files/home/02.ERP-system/90.transition-triage/00.root-files/080.policy/143_ERP_AR_AP_EVIDENCE_CAPTURE_RULE.md	distributed	moved into canonical layer
/data/data/com.termux/files/home/02.ERP-system/90.transition-triage/00.root-files	legacy_file	/data/data/com.termux/files/home/02.ERP-system/90.transition-triage/00.root-files/900.meta/910.transition-inbox/legacy-root-files/144_ERP_SETTLEMENT_AND_AR_AP_EVIDENCE_LOG_TEMPLATE.md	/data/data/com.termux/files/home/02.ERP-system/90.transition-triage/00.root-files/900.meta/912.transition-unclassified/unclassified-files/144_ERP_SETTLEMENT_AND_AR_AP_EVIDENCE_LOG_TEMPLATE.md	moved_unclassified	file name has no canonical mapping
/data/data/com.termux/files/home/02.ERP-system/90.transition-triage/00.root-files	legacy_file	/data/data/com.termux/files/home/02.ERP-system/90.transition-triage/00.root-files/900.meta/910.transition-inbox/legacy-root-files/145_ERP_SETTLEMENT_AND_AR_AP_FIRST_CAPTURE_PLAN.md	/data/data/com.termux/files/home/02.ERP-system/90.transition-triage/00.root-files/900.meta/912.transition-unclassified/unclassified-files/145_ERP_SETTLEMENT_AND_AR_AP_FIRST_CAPTURE_PLAN.md	moved_unclassified	file name has no canonical mapping
/data/data/com.termux/files/home/02.ERP-system/90.transition-triage/00.root-files	legacy_file	/data/data/com.termux/files/home/02.ERP-system/90.transition-triage/00.root-files/900.meta/910.transition-inbox/legacy-root-files/146_ERP_APPROVAL_REQUEST_SUBFAMILY_EVIDENCE_CAPTURE_RULE.md	/data/data/com.termux/files/home/02.ERP-system/90.transition-triage/00.root-files/080.policy/146_ERP_APPROVAL_REQUEST_SUBFAMILY_EVIDENCE_CAPTURE_RULE.md	distributed	moved into canonical layer
/data/data/com.termux/files/home/02.ERP-system/90.transition-triage/00.root-files	legacy_file	/data/data/com.termux/files/home/02.ERP-system/90.transition-triage/00.root-files/900.meta/910.transition-inbox/legacy-root-files/147_ERP_APPROVAL_REQUEST_SUBFAMILY_EVIDENCE_LOG_TEMPLATE.md	/data/data/com.termux/files/home/02.ERP-system/90.transition-triage/00.root-files/900.meta/912.transition-unclassified/unclassified-files/147_ERP_APPROVAL_REQUEST_SUBFAMILY_EVIDENCE_LOG_TEMPLATE.md	moved_unclassified	file name has no canonical mapping
/data/data/com.termux/files/home/02.ERP-system/90.transition-triage/00.root-files	legacy_file	/data/data/com.termux/files/home/02.ERP-system/90.transition-triage/00.root-files/900.meta/910.transition-inbox/legacy-root-files/148_ERP_APPROVAL_REQUEST_SUBFAMILY_TARGET_MATRIX.md	/data/data/com.termux/files/home/02.ERP-system/90.transition-triage/00.root-files/900.meta/912.transition-unclassified/unclassified-files/148_ERP_APPROVAL_REQUEST_SUBFAMILY_TARGET_MATRIX.md	moved_unclassified	file name has no canonical mapping
/data/data/com.termux/files/home/02.ERP-system/90.transition-triage/00.root-files	legacy_file	/data/data/com.termux/files/home/02.ERP-system/90.transition-triage/00.root-files/900.meta/910.transition-inbox/legacy-root-files/149_ERP_APPROVAL_REQUEST_SUBFAMILY_FIRST_CAPTURE_PLAN.md	/data/data/com.termux/files/home/02.ERP-system/90.transition-triage/00.root-files/900.meta/912.transition-unclassified/unclassified-files/149_ERP_APPROVAL_REQUEST_SUBFAMILY_FIRST_CAPTURE_PLAN.md	moved_unclassified	file name has no canonical mapping
/data/data/com.termux/files/home/02.ERP-system/90.transition-triage/00.root-files	legacy_file	/data/data/com.termux/files/home/02.ERP-system/90.transition-triage/00.root-files/900.meta/910.transition-inbox/legacy-root-files/150_ERP_EVIDENCE_CAPTURE_SET_INDEX.md	/data/data/com.termux/files/home/02.ERP-system/90.transition-triage/00.root-files/900.meta/912.transition-unclassified/unclassified-files/150_ERP_EVIDENCE_CAPTURE_SET_INDEX.md	moved_unclassified	file name has no canonical mapping
/data/data/com.termux/files/home/02.ERP-system/90.transition-triage/00.root-files	legacy_file	/data/data/com.termux/files/home/02.ERP-system/90.transition-triage/00.root-files/900.meta/910.transition-inbox/legacy-root-files/151_ERP_EVIDENCE_CAPTURE_SET_OVERVIEW.md	/data/data/com.termux/files/home/02.ERP-system/90.transition-triage/00.root-files/120.implementation/151_ERP_EVIDENCE_CAPTURE_SET_OVERVIEW.md	distributed	moved into canonical layer
/data/data/com.termux/files/home/02.ERP-system/90.transition-triage/00.root-files	legacy_file	/data/data/com.termux/files/home/02.ERP-system/90.transition-triage/00.root-files/900.meta/910.transition-inbox/legacy-root-files/152_DESIGN_MASTER_INDEX_EVIDENCE_CAPTURE_PATCH.md	/data/data/com.termux/files/home/02.ERP-system/90.transition-triage/00.root-files/900.meta/912.transition-unclassified/unclassified-files/152_DESIGN_MASTER_INDEX_EVIDENCE_CAPTURE_PATCH.md	moved_unclassified	file name has no canonical mapping
/data/data/com.termux/files/home/02.ERP-system/90.transition-triage/00.root-files	legacy_file	/data/data/com.termux/files/home/02.ERP-system/90.transition-triage/00.root-files/900.meta/910.transition-inbox/legacy-root-files/153_ERP_SYSTEM_MASTER_INDEX_EVIDENCE_CAPTURE_PATCH.md	/data/data/com.termux/files/home/02.ERP-system/90.transition-triage/00.root-files/900.meta/912.transition-unclassified/unclassified-files/153_ERP_SYSTEM_MASTER_INDEX_EVIDENCE_CAPTURE_PATCH.md	moved_unclassified	file name has no canonical mapping
/data/data/com.termux/files/home/02.ERP-system/90.transition-triage/00.root-files	legacy_file	/data/data/com.termux/files/home/02.ERP-system/90.transition-triage/00.root-files/900.meta/910.transition-inbox/legacy-root-files/154_ERP_EVIDENCE_CAPTURE_ROOT_NAVIGATION_RULE.md	/data/data/com.termux/files/home/02.ERP-system/90.transition-triage/00.root-files/080.policy/154_ERP_EVIDENCE_CAPTURE_ROOT_NAVIGATION_RULE.md	distributed	moved into canonical layer
/data/data/com.termux/files/home/02.ERP-system/90.transition-triage/00.root-files	legacy_file	/data/data/com.termux/files/home/02.ERP-system/90.transition-triage/00.root-files/900.meta/910.transition-inbox/legacy-root-files/155_ERP_RUNTIME_EVIDENCE_ACTUAL_RESULTS.md	/data/data/com.termux/files/home/02.ERP-system/90.transition-triage/00.root-files/900.meta/912.transition-unclassified/unclassified-files/155_ERP_RUNTIME_EVIDENCE_ACTUAL_RESULTS.md	moved_unclassified	file name has no canonical mapping
/data/data/com.termux/files/home/02.ERP-system/90.transition-triage/00.root-files	legacy_file	/data/data/com.termux/files/home/02.ERP-system/90.transition-triage/00.root-files/900.meta/910.transition-inbox/legacy-root-files/156_ERP_HEADER_EVIDENCE_ACTUAL_RESULTS.md	/data/data/com.termux/files/home/02.ERP-system/90.transition-triage/00.root-files/900.meta/912.transition-unclassified/unclassified-files/156_ERP_HEADER_EVIDENCE_ACTUAL_RESULTS.md	moved_unclassified	file name has no canonical mapping
/data/data/com.termux/files/home/02.ERP-system/90.transition-triage/00.root-files	legacy_file	/data/data/com.termux/files/home/02.ERP-system/90.transition-triage/00.root-files/900.meta/910.transition-inbox/legacy-root-files/157_ERP_RUNTIME_AND_HEADER_EVIDENCE_INTERPRETATION.md	/data/data/com.termux/files/home/02.ERP-system/90.transition-triage/00.root-files/900.meta/912.transition-unclassified/unclassified-files/157_ERP_RUNTIME_AND_HEADER_EVIDENCE_INTERPRETATION.md	moved_unclassified	file name has no canonical mapping
/data/data/com.termux/files/home/02.ERP-system/90.transition-triage/00.root-files	legacy_file	/data/data/com.termux/files/home/02.ERP-system/90.transition-triage/00.root-files/900.meta/910.transition-inbox/legacy-root-files/158_ERP_PROVISIONAL_AUTHORITY_DECISIONS_HARDENED.md	/data/data/com.termux/files/home/02.ERP-system/90.transition-triage/00.root-files/100.security/158_ERP_PROVISIONAL_AUTHORITY_DECISIONS_HARDENED.md	distributed	moved into canonical layer
/data/data/com.termux/files/home/02.ERP-system/90.transition-triage/00.root-files	legacy_file	/data/data/com.termux/files/home/02.ERP-system/90.transition-triage/00.root-files/900.meta/910.transition-inbox/legacy-root-files/159_ERP_EVIDENCE_CAPTURE_FIRST_PASS_SUMMARY.md	/data/data/com.termux/files/home/02.ERP-system/90.transition-triage/00.root-files/900.meta/912.transition-unclassified/unclassified-files/159_ERP_EVIDENCE_CAPTURE_FIRST_PASS_SUMMARY.md	moved_unclassified	file name has no canonical mapping
/data/data/com.termux/files/home/02.ERP-system/90.transition-triage/00.root-files	legacy_file	/data/data/com.termux/files/home/02.ERP-system/90.transition-triage/00.root-files/900.meta/910.transition-inbox/legacy-root-files/160_ERP_PUBLIC_HEADER_STRUCTURE_EVIDENCE_RESULTS.md	/data/data/com.termux/files/home/02.ERP-system/90.transition-triage/00.root-files/900.meta/912.transition-unclassified/unclassified-files/160_ERP_PUBLIC_HEADER_STRUCTURE_EVIDENCE_RESULTS.md	moved_unclassified	file name has no canonical mapping
/data/data/com.termux/files/home/02.ERP-system/90.transition-triage/00.root-files	legacy_file	/data/data/com.termux/files/home/02.ERP-system/90.transition-triage/00.root-files/900.meta/910.transition-inbox/legacy-root-files/161_ERP_PUBLIC_HEADER_MIRROR_JUDGMENT.md	/data/data/com.termux/files/home/02.ERP-system/90.transition-triage/00.root-files/900.meta/912.transition-unclassified/unclassified-files/161_ERP_PUBLIC_HEADER_MIRROR_JUDGMENT.md	moved_unclassified	file name has no canonical mapping
/data/data/com.termux/files/home/02.ERP-system/90.transition-triage/00.root-files	legacy_file	/data/data/com.termux/files/home/02.ERP-system/90.transition-triage/00.root-files/900.meta/910.transition-inbox/legacy-root-files/162_ERP_PUBLIC_HEADER_ACTIVE_WRITE_RISK_REVIEW.md	/data/data/com.termux/files/home/02.ERP-system/90.transition-triage/00.root-files/120.implementation/162_ERP_PUBLIC_HEADER_ACTIVE_WRITE_RISK_REVIEW.md	distributed	moved into canonical layer
/data/data/com.termux/files/home/02.ERP-system/90.transition-triage/00.root-files	legacy_file	/data/data/com.termux/files/home/02.ERP-system/90.transition-triage/00.root-files/900.meta/910.transition-inbox/legacy-root-files/163_ERP_PUBLIC_HEADER_FINAL_FIRST_PASS_SUMMARY.md	/data/data/com.termux/files/home/02.ERP-system/90.transition-triage/00.root-files/900.meta/912.transition-unclassified/unclassified-files/163_ERP_PUBLIC_HEADER_FINAL_FIRST_PASS_SUMMARY.md	moved_unclassified	file name has no canonical mapping
/data/data/com.termux/files/home/02.ERP-system/90.transition-triage/00.root-files	legacy_file	/data/data/com.termux/files/home/02.ERP-system/90.transition-triage/00.root-files/900.meta/910.transition-inbox/legacy-root-files/164_ERP_SETTLEMENT_EVIDENCE_ACTUAL_RESULTS.md	/data/data/com.termux/files/home/02.ERP-system/90.transition-triage/00.root-files/900.meta/912.transition-unclassified/unclassified-files/164_ERP_SETTLEMENT_EVIDENCE_ACTUAL_RESULTS.md	moved_unclassified	file name has no canonical mapping
/data/data/com.termux/files/home/02.ERP-system/90.transition-triage/00.root-files	legacy_file	/data/data/com.termux/files/home/02.ERP-system/90.transition-triage/00.root-files/900.meta/910.transition-inbox/legacy-root-files/165_ERP_AR_AP_EVIDENCE_ACTUAL_RESULTS.md	/data/data/com.termux/files/home/02.ERP-system/90.transition-triage/00.root-files/900.meta/912.transition-unclassified/unclassified-files/165_ERP_AR_AP_EVIDENCE_ACTUAL_RESULTS.md	moved_unclassified	file name has no canonical mapping
/data/data/com.termux/files/home/02.ERP-system/90.transition-triage/00.root-files	legacy_file	/data/data/com.termux/files/home/02.ERP-system/90.transition-triage/00.root-files/900.meta/910.transition-inbox/legacy-root-files/166_ERP_SETTLEMENT_AND_AR_AP_EVIDENCE_INTERPRETATION.md	/data/data/com.termux/files/home/02.ERP-system/90.transition-triage/00.root-files/900.meta/912.transition-unclassified/unclassified-files/166_ERP_SETTLEMENT_AND_AR_AP_EVIDENCE_INTERPRETATION.md	moved_unclassified	file name has no canonical mapping
/data/data/com.termux/files/home/02.ERP-system/90.transition-triage/00.root-files	legacy_file	/data/data/com.termux/files/home/02.ERP-system/90.transition-triage/00.root-files/900.meta/910.transition-inbox/legacy-root-files/167_ERP_SETTLEMENT_AND_AR_AP_FIRST_PASS_SUMMARY.md	/data/data/com.termux/files/home/02.ERP-system/90.transition-triage/00.root-files/900.meta/912.transition-unclassified/unclassified-files/167_ERP_SETTLEMENT_AND_AR_AP_FIRST_PASS_SUMMARY.md	moved_unclassified	file name has no canonical mapping
/data/data/com.termux/files/home/02.ERP-system/90.transition-triage/00.root-files	legacy_file	/data/data/com.termux/files/home/02.ERP-system/90.transition-triage/00.root-files/900.meta/910.transition-inbox/legacy-root-files/168_ERP_APPROVAL_REQUEST_SUBFAMILY_EVIDENCE_ACTUAL_RESULTS.md	/data/data/com.termux/files/home/02.ERP-system/90.transition-triage/00.root-files/900.meta/912.transition-unclassified/unclassified-files/168_ERP_APPROVAL_REQUEST_SUBFAMILY_EVIDENCE_ACTUAL_RESULTS.md	moved_unclassified	file name has no canonical mapping
/data/data/com.termux/files/home/02.ERP-system/90.transition-triage/00.root-files	legacy_file	/data/data/com.termux/files/home/02.ERP-system/90.transition-triage/00.root-files/900.meta/910.transition-inbox/legacy-root-files/169_ERP_APPROVAL_REQUEST_SUBFAMILY_EVIDENCE_INTERPRETATION.md	/data/data/com.termux/files/home/02.ERP-system/90.transition-triage/00.root-files/900.meta/912.transition-unclassified/unclassified-files/169_ERP_APPROVAL_REQUEST_SUBFAMILY_EVIDENCE_INTERPRETATION.md	moved_unclassified	file name has no canonical mapping
/data/data/com.termux/files/home/02.ERP-system/90.transition-triage/00.root-files	legacy_file	/data/data/com.termux/files/home/02.ERP-system/90.transition-triage/00.root-files/900.meta/910.transition-inbox/legacy-root-files/170_ERP_APPROVAL_REQUEST_TRUE_AUTHORITY_CANDIDATE_REVIEW.md	/data/data/com.termux/files/home/02.ERP-system/90.transition-triage/00.root-files/100.security/170_ERP_APPROVAL_REQUEST_TRUE_AUTHORITY_CANDIDATE_REVIEW.md	distributed	moved into canonical layer
/data/data/com.termux/files/home/02.ERP-system/90.transition-triage/00.root-files	legacy_file	/data/data/com.termux/files/home/02.ERP-system/90.transition-triage/00.root-files/900.meta/910.transition-inbox/legacy-root-files/171_ERP_APPROVAL_REQUEST_FIRST_PASS_SUMMARY.md	/data/data/com.termux/files/home/02.ERP-system/90.transition-triage/00.root-files/900.meta/912.transition-unclassified/unclassified-files/171_ERP_APPROVAL_REQUEST_FIRST_PASS_SUMMARY.md	moved_unclassified	file name has no canonical mapping
/data/data/com.termux/files/home/02.ERP-system/90.transition-triage/00.root-files	legacy_file	/data/data/com.termux/files/home/02.ERP-system/90.transition-triage/00.root-files/900.meta/910.transition-inbox/legacy-root-files/172_ERP_AUTHORITY_REGISTRY_DRAFT_OVERVIEW.md	/data/data/com.termux/files/home/02.ERP-system/90.transition-triage/00.root-files/100.security/172_ERP_AUTHORITY_REGISTRY_DRAFT_OVERVIEW.md	distributed	moved into canonical layer
/data/data/com.termux/files/home/02.ERP-system/90.transition-triage/00.root-files	legacy_file	/data/data/com.termux/files/home/02.ERP-system/90.transition-triage/00.root-files/900.meta/910.transition-inbox/legacy-root-files/173_ERP_AUTHORITY_REGISTRY_DRAFT_RUNTIME.md	/data/data/com.termux/files/home/02.ERP-system/90.transition-triage/00.root-files/100.security/173_ERP_AUTHORITY_REGISTRY_DRAFT_RUNTIME.md	distributed	moved into canonical layer
/data/data/com.termux/files/home/02.ERP-system/90.transition-triage/00.root-files	legacy_file	/data/data/com.termux/files/home/02.ERP-system/90.transition-triage/00.root-files/900.meta/910.transition-inbox/legacy-root-files/174_ERP_AUTHORITY_REGISTRY_DRAFT_HEADERS.md	/data/data/com.termux/files/home/02.ERP-system/90.transition-triage/00.root-files/100.security/174_ERP_AUTHORITY_REGISTRY_DRAFT_HEADERS.md	distributed	moved into canonical layer
/data/data/com.termux/files/home/02.ERP-system/90.transition-triage/00.root-files	legacy_file	/data/data/com.termux/files/home/02.ERP-system/90.transition-triage/00.root-files/900.meta/910.transition-inbox/legacy-root-files/175_ERP_AUTHORITY_REGISTRY_DRAFT_SETTLEMENT_AR_AP_APPROVAL.md	/data/data/com.termux/files/home/02.ERP-system/90.transition-triage/00.root-files/100.security/175_ERP_AUTHORITY_REGISTRY_DRAFT_SETTLEMENT_AR_AP_APPROVAL.md	distributed	moved into canonical layer
/data/data/com.termux/files/home/02.ERP-system/90.transition-triage/00.root-files	legacy_file	/data/data/com.termux/files/home/02.ERP-system/90.transition-triage/00.root-files/900.meta/910.transition-inbox/legacy-root-files/176_ERP_AUTHORITY_REGISTRY_DRAFT_SUMMARY.md	/data/data/com.termux/files/home/02.ERP-system/90.transition-triage/00.root-files/100.security/176_ERP_AUTHORITY_REGISTRY_DRAFT_SUMMARY.md	distributed	moved into canonical layer
/data/data/com.termux/files/home/02.ERP-system/90.transition-triage/00.root-files	legacy_file	/data/data/com.termux/files/home/02.ERP-system/90.transition-triage/00.root-files/900.meta/910.transition-inbox/legacy-root-files/177_ERP_AUTHORITY_REGISTRY_NAVIGATION_NOTE.md	/data/data/com.termux/files/home/02.ERP-system/90.transition-triage/00.root-files/100.security/177_ERP_AUTHORITY_REGISTRY_NAVIGATION_NOTE.md	distributed	moved into canonical layer
/data/data/com.termux/files/home/02.ERP-system/90.transition-triage/00.root-files	legacy_file	/data/data/com.termux/files/home/02.ERP-system/90.transition-triage/00.root-files/900.meta/910.transition-inbox/legacy-root-files/178_ERP_AUTHORITY_REGISTRY_ROOT_PATCH.md	/data/data/com.termux/files/home/02.ERP-system/90.transition-triage/00.root-files/100.security/178_ERP_AUTHORITY_REGISTRY_ROOT_PATCH.md	distributed	moved into canonical layer
/data/data/com.termux/files/home/02.ERP-system/90.transition-triage/00.root-files	legacy_file	/data/data/com.termux/files/home/02.ERP-system/90.transition-triage/00.root-files/900.meta/910.transition-inbox/legacy-root-files/179_DESIGN_MASTER_INDEX_AUTHORITY_REGISTRY_PATCH.md	/data/data/com.termux/files/home/02.ERP-system/90.transition-triage/00.root-files/100.security/179_DESIGN_MASTER_INDEX_AUTHORITY_REGISTRY_PATCH.md	distributed	moved into canonical layer
/data/data/com.termux/files/home/02.ERP-system/90.transition-triage/00.root-files	legacy_file	/data/data/com.termux/files/home/02.ERP-system/90.transition-triage/00.root-files/900.meta/910.transition-inbox/legacy-root-files/180_ERP_SYSTEM_MASTER_INDEX_AUTHORITY_REGISTRY_PATCH.md	/data/data/com.termux/files/home/02.ERP-system/90.transition-triage/00.root-files/100.security/180_ERP_SYSTEM_MASTER_INDEX_AUTHORITY_REGISTRY_PATCH.md	distributed	moved into canonical layer
/data/data/com.termux/files/home/02.ERP-system/90.transition-triage/00.root-files	legacy_file	/data/data/com.termux/files/home/02.ERP-system/90.transition-triage/00.root-files/900.meta/910.transition-inbox/legacy-root-files/181_ERP_AUTHORITY_REGISTRY_ROOT_NAVIGATION_RULE.md	/data/data/com.termux/files/home/02.ERP-system/90.transition-triage/00.root-files/080.policy/181_ERP_AUTHORITY_REGISTRY_ROOT_NAVIGATION_RULE.md	distributed	moved into canonical layer
/data/data/com.termux/files/home/02.ERP-system/90.transition-triage/00.root-files	legacy_file	/data/data/com.termux/files/home/02.ERP-system/90.transition-triage/00.root-files/900.meta/910.transition-inbox/legacy-root-files/182_ERP_FROZEN_AUTHORITY_CRITERIA.md	/data/data/com.termux/files/home/02.ERP-system/90.transition-triage/00.root-files/100.security/182_ERP_FROZEN_AUTHORITY_CRITERIA.md	distributed	moved into canonical layer
/data/data/com.termux/files/home/02.ERP-system/90.transition-triage/00.root-files	legacy_file	/data/data/com.termux/files/home/02.ERP-system/90.transition-triage/00.root-files/900.meta/910.transition-inbox/legacy-root-files/183_ERP_AUTHORITY_MATURITY_MODEL.md	/data/data/com.termux/files/home/02.ERP-system/90.transition-triage/00.root-files/030.model/183_ERP_AUTHORITY_MATURITY_MODEL.md	distributed	moved into canonical layer
/data/data/com.termux/files/home/02.ERP-system/90.transition-triage/00.root-files	legacy_file	/data/data/com.termux/files/home/02.ERP-system/90.transition-triage/00.root-files/900.meta/910.transition-inbox/legacy-root-files/184_ERP_AUTHORITY_REGISTRY_FREEZE_CHECKLIST.md	/data/data/com.termux/files/home/02.ERP-system/90.transition-triage/00.root-files/100.security/184_ERP_AUTHORITY_REGISTRY_FREEZE_CHECKLIST.md	distributed	moved into canonical layer
/data/data/com.termux/files/home/02.ERP-system/90.transition-triage/00.root-files	legacy_file	/data/data/com.termux/files/home/02.ERP-system/90.transition-triage/00.root-files/900.meta/910.transition-inbox/legacy-root-files/185_ERP_FROZEN_AUTHORITY_CANDIDATE_GATE.md	/data/data/com.termux/files/home/02.ERP-system/90.transition-triage/00.root-files/100.security/185_ERP_FROZEN_AUTHORITY_CANDIDATE_GATE.md	distributed	moved into canonical layer
/data/data/com.termux/files/home/02.ERP-system/90.transition-triage/00.root-files	legacy_file	/data/data/com.termux/files/home/02.ERP-system/90.transition-triage/00.root-files/900.meta/910.transition-inbox/legacy-root-files/186_ERP_AUTHORITY_REGISTRY_MATURITY_ASSIGNMENT_RUNTIME.md	/data/data/com.termux/files/home/02.ERP-system/90.transition-triage/00.root-files/100.security/186_ERP_AUTHORITY_REGISTRY_MATURITY_ASSIGNMENT_RUNTIME.md	distributed	moved into canonical layer
/data/data/com.termux/files/home/02.ERP-system/90.transition-triage/00.root-files	legacy_file	/data/data/com.termux/files/home/02.ERP-system/90.transition-triage/00.root-files/900.meta/910.transition-inbox/legacy-root-files/187_ERP_AUTHORITY_REGISTRY_MATURITY_ASSIGNMENT_HEADERS.md	/data/data/com.termux/files/home/02.ERP-system/90.transition-triage/00.root-files/100.security/187_ERP_AUTHORITY_REGISTRY_MATURITY_ASSIGNMENT_HEADERS.md	distributed	moved into canonical layer
/data/data/com.termux/files/home/02.ERP-system/90.transition-triage/00.root-files	legacy_file	/data/data/com.termux/files/home/02.ERP-system/90.transition-triage/00.root-files/900.meta/910.transition-inbox/legacy-root-files/188_ERP_AUTHORITY_REGISTRY_MATURITY_ASSIGNMENT_SETTLEMENT_AR_AP_APPROVAL.md	/data/data/com.termux/files/home/02.ERP-system/90.transition-triage/00.root-files/100.security/188_ERP_AUTHORITY_REGISTRY_MATURITY_ASSIGNMENT_SETTLEMENT_AR_AP_APPROVAL.md	distributed	moved into canonical layer
/data/data/com.termux/files/home/02.ERP-system/90.transition-triage/00.root-files	legacy_file	/data/data/com.termux/files/home/02.ERP-system/90.transition-triage/00.root-files/900.meta/910.transition-inbox/legacy-root-files/189_ERP_FROZEN_AUTHORITY_CANDIDATE_SHORTLIST.md	/data/data/com.termux/files/home/02.ERP-system/90.transition-triage/00.root-files/100.security/189_ERP_FROZEN_AUTHORITY_CANDIDATE_SHORTLIST.md	distributed	moved into canonical layer
/data/data/com.termux/files/home/02.ERP-system/90.transition-triage/00.root-files	legacy_file	/data/data/com.termux/files/home/02.ERP-system/90.transition-triage/00.root-files/900.meta/910.transition-inbox/legacy-root-files/190_ERP_NON_FROZEN_AUTHORITY_REVIEW_QUEUE.md	/data/data/com.termux/files/home/02.ERP-system/90.transition-triage/00.root-files/100.security/190_ERP_NON_FROZEN_AUTHORITY_REVIEW_QUEUE.md	distributed	moved into canonical layer
/data/data/com.termux/files/home/02.ERP-system/90.transition-triage/00.root-files	legacy_file	/data/data/com.termux/files/home/02.ERP-system/90.transition-triage/00.root-files/900.meta/910.transition-inbox/legacy-root-files/191_ERP_AUTHORITY_UNRESOLVED_QUESTIONS.md	/data/data/com.termux/files/home/02.ERP-system/90.transition-triage/00.root-files/100.security/191_ERP_AUTHORITY_UNRESOLVED_QUESTIONS.md	distributed	moved into canonical layer
/data/data/com.termux/files/home/02.ERP-system/90.transition-triage/00.root-files	legacy_file	/data/data/com.termux/files/home/02.ERP-system/90.transition-triage/00.root-files/900.meta/910.transition-inbox/legacy-root-files/192_ERP_AUTHORITY_NEXT_VERIFICATION_QUEUE.md	/data/data/com.termux/files/home/02.ERP-system/90.transition-triage/00.root-files/100.security/192_ERP_AUTHORITY_NEXT_VERIFICATION_QUEUE.md	distributed	moved into canonical layer
/data/data/com.termux/files/home/02.ERP-system/90.transition-triage/00.root-files	legacy_file	/data/data/com.termux/files/home/02.ERP-system/90.transition-triage/00.root-files/900.meta/910.transition-inbox/legacy-root-files/193_ERP_AUTHORITY_REGISTRY_MATURITY_SUMMARY.md	/data/data/com.termux/files/home/02.ERP-system/90.transition-triage/00.root-files/100.security/193_ERP_AUTHORITY_REGISTRY_MATURITY_SUMMARY.md	distributed	moved into canonical layer
/data/data/com.termux/files/home/02.ERP-system/90.transition-triage/00.root-files	legacy_file	/data/data/com.termux/files/home/02.ERP-system/90.transition-triage/00.root-files/900.meta/910.transition-inbox/legacy-root-files/194_ERP_FROZEN_CANDIDATE_NAVIGATION_NOTE.md	/data/data/com.termux/files/home/02.ERP-system/90.transition-triage/00.root-files/900.meta/912.transition-unclassified/unclassified-files/194_ERP_FROZEN_CANDIDATE_NAVIGATION_NOTE.md	moved_unclassified	file name has no canonical mapping
/data/data/com.termux/files/home/02.ERP-system/90.transition-triage/00.root-files	legacy_file	/data/data/com.termux/files/home/02.ERP-system/90.transition-triage/00.root-files/900.meta/910.transition-inbox/legacy-root-files/195_ERP_FROZEN_CANDIDATE_ROOT_PATCH.md	/data/data/com.termux/files/home/02.ERP-system/90.transition-triage/00.root-files/900.meta/912.transition-unclassified/unclassified-files/195_ERP_FROZEN_CANDIDATE_ROOT_PATCH.md	moved_unclassified	file name has no canonical mapping
/data/data/com.termux/files/home/02.ERP-system/90.transition-triage/00.root-files	legacy_file	/data/data/com.termux/files/home/02.ERP-system/90.transition-triage/00.root-files/900.meta/910.transition-inbox/legacy-root-files/196_DESIGN_MASTER_INDEX_FROZEN_CANDIDATE_PATCH.md	/data/data/com.termux/files/home/02.ERP-system/90.transition-triage/00.root-files/900.meta/912.transition-unclassified/unclassified-files/196_DESIGN_MASTER_INDEX_FROZEN_CANDIDATE_PATCH.md	moved_unclassified	file name has no canonical mapping
/data/data/com.termux/files/home/02.ERP-system/90.transition-triage/00.root-files	legacy_file	/data/data/com.termux/files/home/02.ERP-system/90.transition-triage/00.root-files/900.meta/910.transition-inbox/legacy-root-files/197_ERP_SYSTEM_MASTER_INDEX_FROZEN_CANDIDATE_PATCH.md	/data/data/com.termux/files/home/02.ERP-system/90.transition-triage/00.root-files/900.meta/912.transition-unclassified/unclassified-files/197_ERP_SYSTEM_MASTER_INDEX_FROZEN_CANDIDATE_PATCH.md	moved_unclassified	file name has no canonical mapping
/data/data/com.termux/files/home/02.ERP-system/90.transition-triage/00.root-files	legacy_file	/data/data/com.termux/files/home/02.ERP-system/90.transition-triage/00.root-files/900.meta/910.transition-inbox/legacy-root-files/198_ERP_FROZEN_CANDIDATE_ROOT_NAVIGATION_RULE.md	/data/data/com.termux/files/home/02.ERP-system/90.transition-triage/00.root-files/080.policy/198_ERP_FROZEN_CANDIDATE_ROOT_NAVIGATION_RULE.md	distributed	moved into canonical layer
/data/data/com.termux/files/home/02.ERP-system/90.transition-triage/00.root-files	legacy_file	/data/data/com.termux/files/home/02.ERP-system/90.transition-triage/00.root-files/900.meta/910.transition-inbox/legacy-root-files/199_ERP_AUTHORITY_PROMOTION_CURRENT_STATE.md	/data/data/com.termux/files/home/02.ERP-system/90.transition-triage/00.root-files/100.security/199_ERP_AUTHORITY_PROMOTION_CURRENT_STATE.md	distributed	moved into canonical layer
/data/data/com.termux/files/home/02.ERP-system/90.transition-triage/00.root-files	legacy_file	/data/data/com.termux/files/home/02.ERP-system/90.transition-triage/00.root-files/900.meta/910.transition-inbox/legacy-root-files/200_ERP_AUTHORITY_PROMOTION_ROADMAP.md	/data/data/com.termux/files/home/02.ERP-system/90.transition-triage/00.root-files/100.security/200_ERP_AUTHORITY_PROMOTION_ROADMAP.md	distributed	moved into canonical layer
/data/data/com.termux/files/home/02.ERP-system/90.transition-triage/00.root-files	legacy_file	/data/data/com.termux/files/home/02.ERP-system/90.transition-triage/00.root-files/900.meta/910.transition-inbox/legacy-root-files/201_ERP_AUTHORITY_PROMOTION_NEXT_ACTIONS.md	/data/data/com.termux/files/home/02.ERP-system/90.transition-triage/00.root-files/100.security/201_ERP_AUTHORITY_PROMOTION_NEXT_ACTIONS.md	distributed	moved into canonical layer
/data/data/com.termux/files/home/02.ERP-system/90.transition-triage/00.root-files	legacy_file	/data/data/com.termux/files/home/02.ERP-system/90.transition-triage/00.root-files/900.meta/910.transition-inbox/legacy-root-files/202_ERP_AUTHORITY_PROMOTION_DECISION_LOG.md	/data/data/com.termux/files/home/02.ERP-system/90.transition-triage/00.root-files/100.security/202_ERP_AUTHORITY_PROMOTION_DECISION_LOG.md	distributed	moved into canonical layer
/data/data/com.termux/files/home/02.ERP-system/90.transition-triage/00.root-files	legacy_file	/data/data/com.termux/files/home/02.ERP-system/90.transition-triage/00.root-files/900.meta/910.transition-inbox/legacy-root-files/203_ERP_AUTHORITY_PROMOTION_NAVIGATION_NOTE.md	/data/data/com.termux/files/home/02.ERP-system/90.transition-triage/00.root-files/100.security/203_ERP_AUTHORITY_PROMOTION_NAVIGATION_NOTE.md	distributed	moved into canonical layer
/data/data/com.termux/files/home/02.ERP-system/90.transition-triage/00.root-files	legacy_file	/data/data/com.termux/files/home/02.ERP-system/90.transition-triage/00.root-files/900.meta/910.transition-inbox/legacy-root-files/204_ERP_AUTHORITY_PROMOTION_ROOT_PATCH.md	/data/data/com.termux/files/home/02.ERP-system/90.transition-triage/00.root-files/100.security/204_ERP_AUTHORITY_PROMOTION_ROOT_PATCH.md	distributed	moved into canonical layer
/data/data/com.termux/files/home/02.ERP-system/90.transition-triage/00.root-files	legacy_file	/data/data/com.termux/files/home/02.ERP-system/90.transition-triage/00.root-files/900.meta/910.transition-inbox/legacy-root-files/205_DESIGN_MASTER_INDEX_AUTHORITY_PROMOTION_PATCH.md	/data/data/com.termux/files/home/02.ERP-system/90.transition-triage/00.root-files/100.security/205_DESIGN_MASTER_INDEX_AUTHORITY_PROMOTION_PATCH.md	distributed	moved into canonical layer
/data/data/com.termux/files/home/02.ERP-system/90.transition-triage/00.root-files	legacy_file	/data/data/com.termux/files/home/02.ERP-system/90.transition-triage/00.root-files/900.meta/910.transition-inbox/legacy-root-files/206_ERP_SYSTEM_MASTER_INDEX_AUTHORITY_PROMOTION_PATCH.md	/data/data/com.termux/files/home/02.ERP-system/90.transition-triage/00.root-files/100.security/206_ERP_SYSTEM_MASTER_INDEX_AUTHORITY_PROMOTION_PATCH.md	distributed	moved into canonical layer
/data/data/com.termux/files/home/02.ERP-system/90.transition-triage/00.root-files	legacy_file	/data/data/com.termux/files/home/02.ERP-system/90.transition-triage/00.root-files/900.meta/910.transition-inbox/legacy-root-files/207_ERP_AUTHORITY_PROMOTION_ROOT_NAVIGATION_RULE.md	/data/data/com.termux/files/home/02.ERP-system/90.transition-triage/00.root-files/080.policy/207_ERP_AUTHORITY_PROMOTION_ROOT_NAVIGATION_RULE.md	distributed	moved into canonical layer
/data/data/com.termux/files/home/02.ERP-system/90.transition-triage/00.root-files	legacy_file	/data/data/com.termux/files/home/02.ERP-system/90.transition-triage/00.root-files/900.meta/910.transition-inbox/legacy-root-files/208_ERP_FROZEN_AUTHORITY_REGISTRY_CANDIDATE_OVERVIEW.md	/data/data/com.termux/files/home/02.ERP-system/90.transition-triage/00.root-files/100.security/208_ERP_FROZEN_AUTHORITY_REGISTRY_CANDIDATE_OVERVIEW.md	distributed	moved into canonical layer
/data/data/com.termux/files/home/02.ERP-system/90.transition-triage/00.root-files	legacy_file	/data/data/com.termux/files/home/02.ERP-system/90.transition-triage/00.root-files/900.meta/910.transition-inbox/legacy-root-files/209_ERP_FROZEN_AUTHORITY_REGISTRY_CANDIDATE_RUNTIME_SUPPORT_AND_HISTORY.md	/data/data/com.termux/files/home/02.ERP-system/90.transition-triage/00.root-files/100.security/209_ERP_FROZEN_AUTHORITY_REGISTRY_CANDIDATE_RUNTIME_SUPPORT_AND_HISTORY.md	distributed	moved into canonical layer
/data/data/com.termux/files/home/02.ERP-system/90.transition-triage/00.root-files	legacy_file	/data/data/com.termux/files/home/02.ERP-system/90.transition-triage/00.root-files/900.meta/910.transition-inbox/legacy-root-files/210_ERP_FROZEN_AUTHORITY_REGISTRY_CANDIDATE_HEADERS_AND_PROJECTIONS.md	/data/data/com.termux/files/home/02.ERP-system/90.transition-triage/00.root-files/100.security/210_ERP_FROZEN_AUTHORITY_REGISTRY_CANDIDATE_HEADERS_AND_PROJECTIONS.md	distributed	moved into canonical layer
/data/data/com.termux/files/home/02.ERP-system/90.transition-triage/00.root-files	legacy_file	/data/data/com.termux/files/home/02.ERP-system/90.transition-triage/00.root-files/900.meta/910.transition-inbox/legacy-root-files/211_ERP_FROZEN_AUTHORITY_REGISTRY_CANDIDATE_ACCOUNTING_CORE.md	/data/data/com.termux/files/home/02.ERP-system/90.transition-triage/00.root-files/100.security/211_ERP_FROZEN_AUTHORITY_REGISTRY_CANDIDATE_ACCOUNTING_CORE.md	distributed	moved into canonical layer
/data/data/com.termux/files/home/02.ERP-system/90.transition-triage/00.root-files	legacy_file	/data/data/com.termux/files/home/02.ERP-system/90.transition-triage/00.root-files/900.meta/910.transition-inbox/legacy-root-files/212_ERP_FROZEN_AUTHORITY_REGISTRY_CANDIDATE_SUMMARY.md	/data/data/com.termux/files/home/02.ERP-system/90.transition-triage/00.root-files/100.security/212_ERP_FROZEN_AUTHORITY_REGISTRY_CANDIDATE_SUMMARY.md	distributed	moved into canonical layer
/data/data/com.termux/files/home/02.ERP-system/90.transition-triage/00.root-files	legacy_file	/data/data/com.termux/files/home/02.ERP-system/90.transition-triage/00.root-files/900.meta/910.transition-inbox/legacy-root-files/213_ERP_PRE_FREEZE_LAYER_NAVIGATION_NOTE.md	/data/data/com.termux/files/home/02.ERP-system/90.transition-triage/00.root-files/020.architecture/213_ERP_PRE_FREEZE_LAYER_NAVIGATION_NOTE.md	distributed	moved into canonical layer
/data/data/com.termux/files/home/02.ERP-system/90.transition-triage/00.root-files	legacy_file	/data/data/com.termux/files/home/02.ERP-system/90.transition-triage/00.root-files/900.meta/910.transition-inbox/legacy-root-files/214_ERP_PRE_FREEZE_LAYER_ROOT_PATCH.md	/data/data/com.termux/files/home/02.ERP-system/90.transition-triage/00.root-files/020.architecture/214_ERP_PRE_FREEZE_LAYER_ROOT_PATCH.md	distributed	moved into canonical layer
/data/data/com.termux/files/home/02.ERP-system/90.transition-triage/00.root-files	legacy_file	/data/data/com.termux/files/home/02.ERP-system/90.transition-triage/00.root-files/900.meta/910.transition-inbox/legacy-root-files/215_DESIGN_MASTER_INDEX_PRE_FREEZE_PATCH.md	/data/data/com.termux/files/home/02.ERP-system/90.transition-triage/00.root-files/900.meta/912.transition-unclassified/unclassified-files/215_DESIGN_MASTER_INDEX_PRE_FREEZE_PATCH.md	moved_unclassified	file name has no canonical mapping
/data/data/com.termux/files/home/02.ERP-system/90.transition-triage/00.root-files	legacy_file	/data/data/com.termux/files/home/02.ERP-system/90.transition-triage/00.root-files/900.meta/910.transition-inbox/legacy-root-files/216_ERP_SYSTEM_MASTER_INDEX_PRE_FREEZE_PATCH.md	/data/data/com.termux/files/home/02.ERP-system/90.transition-triage/00.root-files/900.meta/912.transition-unclassified/unclassified-files/216_ERP_SYSTEM_MASTER_INDEX_PRE_FREEZE_PATCH.md	moved_unclassified	file name has no canonical mapping
/data/data/com.termux/files/home/02.ERP-system/90.transition-triage/00.root-files	legacy_file	/data/data/com.termux/files/home/02.ERP-system/90.transition-triage/00.root-files/900.meta/910.transition-inbox/legacy-root-files/217_ERP_PRE_FREEZE_ROOT_NAVIGATION_RULE.md	/data/data/com.termux/files/home/02.ERP-system/90.transition-triage/00.root-files/080.policy/217_ERP_PRE_FREEZE_ROOT_NAVIGATION_RULE.md	distributed	moved into canonical layer
/data/data/com.termux/files/home/02.ERP-system/90.transition-triage/00.root-files	legacy_file	/data/data/com.termux/files/home/02.ERP-system/90.transition-triage/00.root-files/900.meta/910.transition-inbox/legacy-root-files/218_ERP_FREEZE_READY_VERIFICATION_SET_OVERVIEW.md	/data/data/com.termux/files/home/02.ERP-system/90.transition-triage/00.root-files/120.implementation/218_ERP_FREEZE_READY_VERIFICATION_SET_OVERVIEW.md	distributed	moved into canonical layer
/data/data/com.termux/files/home/02.ERP-system/90.transition-triage/00.root-files	legacy_file	/data/data/com.termux/files/home/02.ERP-system/90.transition-triage/00.root-files/900.meta/910.transition-inbox/legacy-root-files/219_ERP_RUNTIME_FINAL_VERIFICATION_PLAN.md	/data/data/com.termux/files/home/02.ERP-system/90.transition-triage/00.root-files/900.meta/912.transition-unclassified/unclassified-files/219_ERP_RUNTIME_FINAL_VERIFICATION_PLAN.md	moved_unclassified	file name has no canonical mapping
/data/data/com.termux/files/home/02.ERP-system/90.transition-triage/00.root-files	legacy_file	/data/data/com.termux/files/home/02.ERP-system/90.transition-triage/00.root-files/900.meta/910.transition-inbox/legacy-root-files/220_ERP_SETTLEMENT_AND_AR_AP_FINAL_VERIFICATION_PLAN.md	/data/data/com.termux/files/home/02.ERP-system/90.transition-triage/00.root-files/900.meta/912.transition-unclassified/unclassified-files/220_ERP_SETTLEMENT_AND_AR_AP_FINAL_VERIFICATION_PLAN.md	moved_unclassified	file name has no canonical mapping
/data/data/com.termux/files/home/02.ERP-system/90.transition-triage/00.root-files	legacy_file	/data/data/com.termux/files/home/02.ERP-system/90.transition-triage/00.root-files/900.meta/910.transition-inbox/legacy-root-files/221_ERP_APPROVAL_FINAL_VERIFICATION_PLAN.md	/data/data/com.termux/files/home/02.ERP-system/90.transition-triage/00.root-files/900.meta/912.transition-unclassified/unclassified-files/221_ERP_APPROVAL_FINAL_VERIFICATION_PLAN.md	moved_unclassified	file name has no canonical mapping
/data/data/com.termux/files/home/02.ERP-system/90.transition-triage/00.root-files	legacy_file	/data/data/com.termux/files/home/02.ERP-system/90.transition-triage/00.root-files/900.meta/910.transition-inbox/legacy-root-files/222_ERP_FREEZE_READY_CANDIDATE_AND_HOLD_SPLIT.md	/data/data/com.termux/files/home/02.ERP-system/90.transition-triage/00.root-files/900.meta/912.transition-unclassified/unclassified-files/222_ERP_FREEZE_READY_CANDIDATE_AND_HOLD_SPLIT.md	moved_unclassified	file name has no canonical mapping
/data/data/com.termux/files/home/02.ERP-system/90.transition-triage/00.root-files	legacy_file	/data/data/com.termux/files/home/02.ERP-system/90.transition-triage/00.root-files/900.meta/910.transition-inbox/legacy-root-files/223_ERP_FROZEN_AUTHORITY_REGISTRY_V1_TEMPLATE.md	/data/data/com.termux/files/home/02.ERP-system/90.transition-triage/00.root-files/100.security/223_ERP_FROZEN_AUTHORITY_REGISTRY_V1_TEMPLATE.md	distributed	moved into canonical layer
/data/data/com.termux/files/home/02.ERP-system/90.transition-triage/00.root-files	legacy_file	/data/data/com.termux/files/home/02.ERP-system/90.transition-triage/00.root-files/900.meta/910.transition-inbox/legacy-root-files/224_ERP_FROZEN_AUTHORITY_REGISTRY_V1_PREPARATION_SUMMARY.md	/data/data/com.termux/files/home/02.ERP-system/90.transition-triage/00.root-files/100.security/224_ERP_FROZEN_AUTHORITY_REGISTRY_V1_PREPARATION_SUMMARY.md	distributed	moved into canonical layer
/data/data/com.termux/files/home/02.ERP-system/90.transition-triage/00.root-files	legacy_file	/data/data/com.termux/files/home/02.ERP-system/90.transition-triage/00.root-files/900.meta/910.transition-inbox/legacy-root-files/225_ERP_FREEZE_READY_NAVIGATION_NOTE.md	/data/data/com.termux/files/home/02.ERP-system/90.transition-triage/00.root-files/900.meta/912.transition-unclassified/unclassified-files/225_ERP_FREEZE_READY_NAVIGATION_NOTE.md	moved_unclassified	file name has no canonical mapping
/data/data/com.termux/files/home/02.ERP-system/90.transition-triage/00.root-files	legacy_file	/data/data/com.termux/files/home/02.ERP-system/90.transition-triage/00.root-files/900.meta/910.transition-inbox/legacy-root-files/226_ERP_FREEZE_READY_ROOT_PATCH.md	/data/data/com.termux/files/home/02.ERP-system/90.transition-triage/00.root-files/900.meta/912.transition-unclassified/unclassified-files/226_ERP_FREEZE_READY_ROOT_PATCH.md	moved_unclassified	file name has no canonical mapping
/data/data/com.termux/files/home/02.ERP-system/90.transition-triage/00.root-files	legacy_file	/data/data/com.termux/files/home/02.ERP-system/90.transition-triage/00.root-files/900.meta/910.transition-inbox/legacy-root-files/227_DESIGN_MASTER_INDEX_FREEZE_READY_PATCH.md	/data/data/com.termux/files/home/02.ERP-system/90.transition-triage/00.root-files/900.meta/912.transition-unclassified/unclassified-files/227_DESIGN_MASTER_INDEX_FREEZE_READY_PATCH.md	moved_unclassified	file name has no canonical mapping
/data/data/com.termux/files/home/02.ERP-system/90.transition-triage/00.root-files	legacy_file	/data/data/com.termux/files/home/02.ERP-system/90.transition-triage/00.root-files/900.meta/910.transition-inbox/legacy-root-files/228_ERP_SYSTEM_MASTER_INDEX_FREEZE_READY_PATCH.md	/data/data/com.termux/files/home/02.ERP-system/90.transition-triage/00.root-files/900.meta/912.transition-unclassified/unclassified-files/228_ERP_SYSTEM_MASTER_INDEX_FREEZE_READY_PATCH.md	moved_unclassified	file name has no canonical mapping
/data/data/com.termux/files/home/02.ERP-system/90.transition-triage/00.root-files	legacy_file	/data/data/com.termux/files/home/02.ERP-system/90.transition-triage/00.root-files/900.meta/910.transition-inbox/legacy-root-files/229_ERP_FREEZE_READY_ROOT_NAVIGATION_RULE.md	/data/data/com.termux/files/home/02.ERP-system/90.transition-triage/00.root-files/080.policy/229_ERP_FREEZE_READY_ROOT_NAVIGATION_RULE.md	distributed	moved into canonical layer
/data/data/com.termux/files/home/02.ERP-system/90.transition-triage/00.root-files	legacy_file	/data/data/com.termux/files/home/02.ERP-system/90.transition-triage/00.root-files/900.meta/910.transition-inbox/legacy-root-files/230_ERP_FROZEN_AUTHORITY_REGISTRY_V1_OVERVIEW.md	/data/data/com.termux/files/home/02.ERP-system/90.transition-triage/00.root-files/100.security/230_ERP_FROZEN_AUTHORITY_REGISTRY_V1_OVERVIEW.md	distributed	moved into canonical layer
/data/data/com.termux/files/home/02.ERP-system/90.transition-triage/00.root-files	legacy_file	/data/data/com.termux/files/home/02.ERP-system/90.transition-triage/00.root-files/900.meta/910.transition-inbox/legacy-root-files/231_ERP_FROZEN_AUTHORITY_REGISTRY_V1_RUNTIME_SUPPORT_AND_HISTORY.md	/data/data/com.termux/files/home/02.ERP-system/90.transition-triage/00.root-files/100.security/231_ERP_FROZEN_AUTHORITY_REGISTRY_V1_RUNTIME_SUPPORT_AND_HISTORY.md	distributed	moved into canonical layer
/data/data/com.termux/files/home/02.ERP-system/90.transition-triage/00.root-files	legacy_file	/data/data/com.termux/files/home/02.ERP-system/90.transition-triage/00.root-files/900.meta/910.transition-inbox/legacy-root-files/232_ERP_FROZEN_AUTHORITY_REGISTRY_V1_HEADERS_AND_PROJECTIONS.md	/data/data/com.termux/files/home/02.ERP-system/90.transition-triage/00.root-files/100.security/232_ERP_FROZEN_AUTHORITY_REGISTRY_V1_HEADERS_AND_PROJECTIONS.md	distributed	moved into canonical layer
/data/data/com.termux/files/home/02.ERP-system/90.transition-triage/00.root-files	legacy_file	/data/data/com.termux/files/home/02.ERP-system/90.transition-triage/00.root-files/900.meta/910.transition-inbox/legacy-root-files/233_ERP_FROZEN_AUTHORITY_REGISTRY_V1_ACCOUNTING_CORE.md	/data/data/com.termux/files/home/02.ERP-system/90.transition-triage/00.root-files/100.security/233_ERP_FROZEN_AUTHORITY_REGISTRY_V1_ACCOUNTING_CORE.md	distributed	moved into canonical layer
/data/data/com.termux/files/home/02.ERP-system/90.transition-triage/00.root-files	legacy_file	/data/data/com.termux/files/home/02.ERP-system/90.transition-triage/00.root-files/900.meta/910.transition-inbox/legacy-root-files/234_ERP_FROZEN_AUTHORITY_REGISTRY_V1_DEFERRED_ENTRIES.md	/data/data/com.termux/files/home/02.ERP-system/90.transition-triage/00.root-files/100.security/234_ERP_FROZEN_AUTHORITY_REGISTRY_V1_DEFERRED_ENTRIES.md	distributed	moved into canonical layer
/data/data/com.termux/files/home/02.ERP-system/90.transition-triage/00.root-files	legacy_file	/data/data/com.termux/files/home/02.ERP-system/90.transition-triage/00.root-files/900.meta/910.transition-inbox/legacy-root-files/235_ERP_FROZEN_AUTHORITY_REGISTRY_V1_SUMMARY.md	/data/data/com.termux/files/home/02.ERP-system/90.transition-triage/00.root-files/100.security/235_ERP_FROZEN_AUTHORITY_REGISTRY_V1_SUMMARY.md	distributed	moved into canonical layer
/data/data/com.termux/files/home/02.ERP-system/90.transition-triage/00.root-files	legacy_file	/data/data/com.termux/files/home/02.ERP-system/90.transition-triage/00.root-files/900.meta/910.transition-inbox/legacy-root-files/236_ERP_FROZEN_AUTHORITY_REGISTRY_V1_NAVIGATION_NOTE.md	/data/data/com.termux/files/home/02.ERP-system/90.transition-triage/00.root-files/100.security/236_ERP_FROZEN_AUTHORITY_REGISTRY_V1_NAVIGATION_NOTE.md	distributed	moved into canonical layer
/data/data/com.termux/files/home/02.ERP-system/90.transition-triage/00.root-files	legacy_file	/data/data/com.termux/files/home/02.ERP-system/90.transition-triage/00.root-files/900.meta/910.transition-inbox/legacy-root-files/237_ERP_FROZEN_AUTHORITY_REGISTRY_V1_ROOT_PATCH.md	/data/data/com.termux/files/home/02.ERP-system/90.transition-triage/00.root-files/100.security/237_ERP_FROZEN_AUTHORITY_REGISTRY_V1_ROOT_PATCH.md	distributed	moved into canonical layer
/data/data/com.termux/files/home/02.ERP-system/90.transition-triage/00.root-files	legacy_file	/data/data/com.termux/files/home/02.ERP-system/90.transition-triage/00.root-files/900.meta/910.transition-inbox/legacy-root-files/238_DESIGN_MASTER_INDEX_FROZEN_REGISTRY_V1_PATCH.md	/data/data/com.termux/files/home/02.ERP-system/90.transition-triage/00.root-files/900.meta/912.transition-unclassified/unclassified-files/238_DESIGN_MASTER_INDEX_FROZEN_REGISTRY_V1_PATCH.md	moved_unclassified	file name has no canonical mapping
/data/data/com.termux/files/home/02.ERP-system/90.transition-triage/00.root-files	legacy_file	/data/data/com.termux/files/home/02.ERP-system/90.transition-triage/00.root-files/900.meta/910.transition-inbox/legacy-root-files/239_ERP_SYSTEM_MASTER_INDEX_FROZEN_REGISTRY_V1_PATCH.md	/data/data/com.termux/files/home/02.ERP-system/90.transition-triage/00.root-files/900.meta/912.transition-unclassified/unclassified-files/239_ERP_SYSTEM_MASTER_INDEX_FROZEN_REGISTRY_V1_PATCH.md	moved_unclassified	file name has no canonical mapping
/data/data/com.termux/files/home/02.ERP-system/90.transition-triage/00.root-files	legacy_file	/data/data/com.termux/files/home/02.ERP-system/90.transition-triage/00.root-files/900.meta/910.transition-inbox/legacy-root-files/240_ERP_FROZEN_REGISTRY_V1_ROOT_NAVIGATION_RULE.md	/data/data/com.termux/files/home/02.ERP-system/90.transition-triage/00.root-files/080.policy/240_ERP_FROZEN_REGISTRY_V1_ROOT_NAVIGATION_RULE.md	distributed	moved into canonical layer
/data/data/com.termux/files/home/02.ERP-system/90.transition-triage/00.root-files	legacy_file	/data/data/com.termux/files/home/02.ERP-system/90.transition-triage/00.root-files/900.meta/910.transition-inbox/legacy-root-files/241_ERP_FROZEN_V1_DEFERRED_NEXT_CYCLE_NOTE.md	/data/data/com.termux/files/home/02.ERP-system/90.transition-triage/00.root-files/900.meta/912.transition-unclassified/unclassified-files/241_ERP_FROZEN_V1_DEFERRED_NEXT_CYCLE_NOTE.md	moved_unclassified	file name has no canonical mapping
/data/data/com.termux/files/home/02.ERP-system/90.transition-triage/00.root-files	legacy_file	/data/data/com.termux/files/home/02.ERP-system/90.transition-triage/00.root-files/900.meta/910.transition-inbox/legacy-root-files/242_ERP_FROZEN_V2_PREPARATION_ROADMAP.md	/data/data/com.termux/files/home/02.ERP-system/90.transition-triage/00.root-files/900.meta/912.transition-unclassified/unclassified-files/242_ERP_FROZEN_V2_PREPARATION_ROADMAP.md	moved_unclassified	file name has no canonical mapping
/data/data/com.termux/files/home/02.ERP-system/90.transition-triage/00.root-files	legacy_file	/data/data/com.termux/files/home/02.ERP-system/90.transition-triage/00.root-files/900.meta/910.transition-inbox/legacy-root-files/243_ERP_DEFERRED_AUTHORITY_REVIEW_ORDER.md	/data/data/com.termux/files/home/02.ERP-system/90.transition-triage/00.root-files/100.security/243_ERP_DEFERRED_AUTHORITY_REVIEW_ORDER.md	distributed	moved into canonical layer
/data/data/com.termux/files/home/02.ERP-system/90.transition-triage/00.root-files	legacy_file	/data/data/com.termux/files/home/02.ERP-system/90.transition-triage/00.root-files/900.meta/910.transition-inbox/legacy-root-files/244_ERP_DEFERRED_AUTHORITY_EVIDENCE_BACKLOG.md	/data/data/com.termux/files/home/02.ERP-system/90.transition-triage/00.root-files/100.security/244_ERP_DEFERRED_AUTHORITY_EVIDENCE_BACKLOG.md	distributed	moved into canonical layer
/data/data/com.termux/files/home/02.ERP-system/90.transition-triage/00.root-files	legacy_file	/data/data/com.termux/files/home/02.ERP-system/90.transition-triage/00.root-files/900.meta/910.transition-inbox/legacy-root-files/245_ERP_FROZEN_V2_ENTRY_CONDITIONS.md	/data/data/com.termux/files/home/02.ERP-system/90.transition-triage/00.root-files/900.meta/912.transition-unclassified/unclassified-files/245_ERP_FROZEN_V2_ENTRY_CONDITIONS.md	moved_unclassified	file name has no canonical mapping
/data/data/com.termux/files/home/02.ERP-system/90.transition-triage/00.root-files	legacy_file	/data/data/com.termux/files/home/02.ERP-system/90.transition-triage/00.root-files/900.meta/910.transition-inbox/legacy-root-files/246_ERP_POST_V1_PROMOTION_SUMMARY.md	/data/data/com.termux/files/home/02.ERP-system/90.transition-triage/00.root-files/900.meta/912.transition-unclassified/unclassified-files/246_ERP_POST_V1_PROMOTION_SUMMARY.md	moved_unclassified	file name has no canonical mapping
/data/data/com.termux/files/home/02.ERP-system/90.transition-triage/00.root-files	legacy_file	/data/data/com.termux/files/home/02.ERP-system/90.transition-triage/00.root-files/900.meta/910.transition-inbox/legacy-root-files/247_ERP_FROZEN_V2_NAVIGATION_NOTE.md	/data/data/com.termux/files/home/02.ERP-system/90.transition-triage/00.root-files/900.meta/912.transition-unclassified/unclassified-files/247_ERP_FROZEN_V2_NAVIGATION_NOTE.md	moved_unclassified	file name has no canonical mapping
/data/data/com.termux/files/home/02.ERP-system/90.transition-triage/00.root-files	legacy_file	/data/data/com.termux/files/home/02.ERP-system/90.transition-triage/00.root-files/900.meta/910.transition-inbox/legacy-root-files/248_ERP_FROZEN_V2_ROOT_PATCH.md	/data/data/com.termux/files/home/02.ERP-system/90.transition-triage/00.root-files/900.meta/912.transition-unclassified/unclassified-files/248_ERP_FROZEN_V2_ROOT_PATCH.md	moved_unclassified	file name has no canonical mapping
/data/data/com.termux/files/home/02.ERP-system/90.transition-triage/00.root-files	legacy_file	/data/data/com.termux/files/home/02.ERP-system/90.transition-triage/00.root-files/900.meta/910.transition-inbox/legacy-root-files/249_DESIGN_MASTER_INDEX_FROZEN_V2_PATCH.md	/data/data/com.termux/files/home/02.ERP-system/90.transition-triage/00.root-files/900.meta/912.transition-unclassified/unclassified-files/249_DESIGN_MASTER_INDEX_FROZEN_V2_PATCH.md	moved_unclassified	file name has no canonical mapping
/data/data/com.termux/files/home/02.ERP-system/90.transition-triage/00.root-files	legacy_file	/data/data/com.termux/files/home/02.ERP-system/90.transition-triage/00.root-files/900.meta/910.transition-inbox/legacy-root-files/249_ERP_DESIGN_COVERAGE_CURRENT_STATE.md	/data/data/com.termux/files/home/02.ERP-system/90.transition-triage/00.root-files/900.meta/912.transition-unclassified/unclassified-files/249_ERP_DESIGN_COVERAGE_CURRENT_STATE.md	moved_unclassified	file name has no canonical mapping
/data/data/com.termux/files/home/02.ERP-system/90.transition-triage/00.root-files	legacy_file	/data/data/com.termux/files/home/02.ERP-system/90.transition-triage/00.root-files/900.meta/910.transition-inbox/legacy-root-files/250_ERP_BUSINESS_DESIGN_ROADMAP.md	/data/data/com.termux/files/home/02.ERP-system/90.transition-triage/00.root-files/900.meta/912.transition-unclassified/unclassified-files/250_ERP_BUSINESS_DESIGN_ROADMAP.md	moved_unclassified	file name has no canonical mapping
/data/data/com.termux/files/home/02.ERP-system/90.transition-triage/00.root-files	legacy_file	/data/data/com.termux/files/home/02.ERP-system/90.transition-triage/00.root-files/900.meta/910.transition-inbox/legacy-root-files/250_ERP_SYSTEM_MASTER_INDEX_FROZEN_V2_PATCH.md	/data/data/com.termux/files/home/02.ERP-system/90.transition-triage/00.root-files/900.meta/912.transition-unclassified/unclassified-files/250_ERP_SYSTEM_MASTER_INDEX_FROZEN_V2_PATCH.md	moved_unclassified	file name has no canonical mapping
/data/data/com.termux/files/home/02.ERP-system/90.transition-triage/00.root-files	legacy_file	/data/data/com.termux/files/home/02.ERP-system/90.transition-triage/00.root-files/900.meta/910.transition-inbox/legacy-root-files/251_ERP_AUDIT_DESIGN_ROADMAP.md	/data/data/com.termux/files/home/02.ERP-system/90.transition-triage/00.root-files/900.meta/912.transition-unclassified/unclassified-files/251_ERP_AUDIT_DESIGN_ROADMAP.md	moved_unclassified	file name has no canonical mapping
/data/data/com.termux/files/home/02.ERP-system/90.transition-triage/00.root-files	legacy_file	/data/data/com.termux/files/home/02.ERP-system/90.transition-triage/00.root-files/900.meta/910.transition-inbox/legacy-root-files/251_ERP_FROZEN_V2_ROOT_NAVIGATION_RULE.md	/data/data/com.termux/files/home/02.ERP-system/90.transition-triage/00.root-files/080.policy/251_ERP_FROZEN_V2_ROOT_NAVIGATION_RULE.md	distributed	moved into canonical layer
/data/data/com.termux/files/home/02.ERP-system/90.transition-triage/00.root-files	legacy_file	/data/data/com.termux/files/home/02.ERP-system/90.transition-triage/00.root-files/900.meta/910.transition-inbox/legacy-root-files/252_ERP_MANAGEMENT_DESIGN_ROADMAP.md	/data/data/com.termux/files/home/02.ERP-system/90.transition-triage/00.root-files/900.meta/912.transition-unclassified/unclassified-files/252_ERP_MANAGEMENT_DESIGN_ROADMAP.md	moved_unclassified	file name has no canonical mapping
/data/data/com.termux/files/home/02.ERP-system/90.transition-triage/00.root-files	legacy_file	/data/data/com.termux/files/home/02.ERP-system/90.transition-triage/00.root-files/900.meta/910.transition-inbox/legacy-root-files/252_ERP_V2_OBJECT_EXISTENCE_RESET_RESULTS.md	/data/data/com.termux/files/home/02.ERP-system/90.transition-triage/00.root-files/900.meta/912.transition-unclassified/unclassified-files/252_ERP_V2_OBJECT_EXISTENCE_RESET_RESULTS.md	moved_unclassified	file name has no canonical mapping
/data/data/com.termux/files/home/02.ERP-system/90.transition-triage/00.root-files	legacy_file	/data/data/com.termux/files/home/02.ERP-system/90.transition-triage/00.root-files/900.meta/910.transition-inbox/legacy-root-files/253_ERP_ANALYTICS_DESIGN_ROADMAP.md	/data/data/com.termux/files/home/02.ERP-system/90.transition-triage/00.root-files/900.meta/912.transition-unclassified/unclassified-files/253_ERP_ANALYTICS_DESIGN_ROADMAP.md	moved_unclassified	file name has no canonical mapping
/data/data/com.termux/files/home/02.ERP-system/90.transition-triage/00.root-files	legacy_file	/data/data/com.termux/files/home/02.ERP-system/90.transition-triage/00.root-files/900.meta/910.transition-inbox/legacy-root-files/253_ERP_V2_RUNTIME_REDISCOVERY_PLAN.md	/data/data/com.termux/files/home/02.ERP-system/90.transition-triage/00.root-files/900.meta/912.transition-unclassified/unclassified-files/253_ERP_V2_RUNTIME_REDISCOVERY_PLAN.md	moved_unclassified	file name has no canonical mapping
/data/data/com.termux/files/home/02.ERP-system/90.transition-triage/00.root-files	legacy_file	/data/data/com.termux/files/home/02.ERP-system/90.transition-triage/00.root-files/900.meta/910.transition-inbox/legacy-root-files/254_ERP_UNCOVERED_DOMAIN_PRIORITY_QUEUE.md	/data/data/com.termux/files/home/02.ERP-system/90.transition-triage/00.root-files/020.architecture/254_ERP_UNCOVERED_DOMAIN_PRIORITY_QUEUE.md	distributed	moved into canonical layer
/data/data/com.termux/files/home/02.ERP-system/90.transition-triage/00.root-files	legacy_file	/data/data/com.termux/files/home/02.ERP-system/90.transition-triage/00.root-files/900.meta/910.transition-inbox/legacy-root-files/254_ERP_V2_SETTLEMENT_ARAP_REDISCOVERY_PLAN.md	/data/data/com.termux/files/home/02.ERP-system/90.transition-triage/00.root-files/900.meta/912.transition-unclassified/unclassified-files/254_ERP_V2_SETTLEMENT_ARAP_REDISCOVERY_PLAN.md	moved_unclassified	file name has no canonical mapping
/data/data/com.termux/files/home/02.ERP-system/90.transition-triage/00.root-files	legacy_file	/data/data/com.termux/files/home/02.ERP-system/90.transition-triage/00.root-files/900.meta/910.transition-inbox/legacy-root-files/255_ERP_V2_APPROVAL_REDISCOVERY_PLAN.md	/data/data/com.termux/files/home/02.ERP-system/90.transition-triage/00.root-files/900.meta/912.transition-unclassified/unclassified-files/255_ERP_V2_APPROVAL_REDISCOVERY_PLAN.md	moved_unclassified	file name has no canonical mapping
/data/data/com.termux/files/home/02.ERP-system/90.transition-triage/00.root-files	legacy_file	/data/data/com.termux/files/home/02.ERP-system/90.transition-triage/00.root-files/900.meta/910.transition-inbox/legacy-root-files/256_ERP_V2_RESET_AND_REDISCOVERY_SUMMARY.md	/data/data/com.termux/files/home/02.ERP-system/90.transition-triage/00.root-files/900.meta/912.transition-unclassified/unclassified-files/256_ERP_V2_RESET_AND_REDISCOVERY_SUMMARY.md	moved_unclassified	file name has no canonical mapping
/data/data/com.termux/files/home/02.ERP-system/90.transition-triage/00.root-files	legacy_file	/data/data/com.termux/files/home/02.ERP-system/90.transition-triage/00.root-files/900.meta/910.transition-inbox/legacy-root-files/257_ERP_V2_RUNTIME_ACTUAL_RESULTS.md	/data/data/com.termux/files/home/02.ERP-system/90.transition-triage/00.root-files/900.meta/912.transition-unclassified/unclassified-files/257_ERP_V2_RUNTIME_ACTUAL_RESULTS.md	moved_unclassified	file name has no canonical mapping
/data/data/com.termux/files/home/02.ERP-system/90.transition-triage/00.root-files	legacy_file	/data/data/com.termux/files/home/02.ERP-system/90.transition-triage/00.root-files/900.meta/910.transition-inbox/legacy-root-files/258_ERP_V2_SETTLEMENT_ACTUAL_RESULTS.md	/data/data/com.termux/files/home/02.ERP-system/90.transition-triage/00.root-files/900.meta/912.transition-unclassified/unclassified-files/258_ERP_V2_SETTLEMENT_ACTUAL_RESULTS.md	moved_unclassified	file name has no canonical mapping
/data/data/com.termux/files/home/02.ERP-system/90.transition-triage/00.root-files	legacy_file	/data/data/com.termux/files/home/02.ERP-system/90.transition-triage/00.root-files/900.meta/910.transition-inbox/legacy-root-files/259_ERP_V2_APPROVAL_ACTUAL_RESULTS.md	/data/data/com.termux/files/home/02.ERP-system/90.transition-triage/00.root-files/900.meta/912.transition-unclassified/unclassified-files/259_ERP_V2_APPROVAL_ACTUAL_RESULTS.md	moved_unclassified	file name has no canonical mapping
/data/data/com.termux/files/home/02.ERP-system/90.transition-triage/00.root-files	legacy_file	/data/data/com.termux/files/home/02.ERP-system/90.transition-triage/00.root-files/900.meta/910.transition-inbox/legacy-root-files/260_ERP_V2_ARAP_NAME_GAP_RESULTS.md	/data/data/com.termux/files/home/02.ERP-system/90.transition-triage/00.root-files/900.meta/912.transition-unclassified/unclassified-files/260_ERP_V2_ARAP_NAME_GAP_RESULTS.md	moved_unclassified	file name has no canonical mapping
/data/data/com.termux/files/home/02.ERP-system/90.transition-triage/00.root-files	legacy_file	/data/data/com.termux/files/home/02.ERP-system/90.transition-triage/00.root-files/900.meta/910.transition-inbox/legacy-root-files/261_ERP_V2_ACTUAL_RESULTS_INTERPRETATION.md	/data/data/com.termux/files/home/02.ERP-system/90.transition-triage/00.root-files/900.meta/912.transition-unclassified/unclassified-files/261_ERP_V2_ACTUAL_RESULTS_INTERPRETATION.md	moved_unclassified	file name has no canonical mapping
/data/data/com.termux/files/home/02.ERP-system/90.transition-triage/00.root-files	legacy_file	/data/data/com.termux/files/home/02.ERP-system/90.transition-triage/00.root-files/900.meta/910.transition-inbox/legacy-root-files/262_ERP_V2_NEXT_ACTIONS_AFTER_ACTUAL_RESULTS.md	/data/data/com.termux/files/home/02.ERP-system/90.transition-triage/00.root-files/900.meta/912.transition-unclassified/unclassified-files/262_ERP_V2_NEXT_ACTIONS_AFTER_ACTUAL_RESULTS.md	moved_unclassified	file name has no canonical mapping
/data/data/com.termux/files/home/02.ERP-system/90.transition-triage/00.root-files	legacy_file	/data/data/com.termux/files/home/02.ERP-system/90.transition-triage/00.root-files/900.meta/910.transition-inbox/legacy-root-files/263_ERP_V2_CANDIDATE_SHORTLIST.md	/data/data/com.termux/files/home/02.ERP-system/90.transition-triage/00.root-files/900.meta/912.transition-unclassified/unclassified-files/263_ERP_V2_CANDIDATE_SHORTLIST.md	moved_unclassified	file name has no canonical mapping
/data/data/com.termux/files/home/02.ERP-system/90.transition-triage/00.root-files	legacy_file	/data/data/com.termux/files/home/02.ERP-system/90.transition-triage/00.root-files/900.meta/910.transition-inbox/legacy-root-files/264_ERP_V2_DEFERRED_QUEUE_REVISED.md	/data/data/com.termux/files/home/02.ERP-system/90.transition-triage/00.root-files/900.meta/912.transition-unclassified/unclassified-files/264_ERP_V2_DEFERRED_QUEUE_REVISED.md	moved_unclassified	file name has no canonical mapping
/data/data/com.termux/files/home/02.ERP-system/90.transition-triage/00.root-files	legacy_file	/data/data/com.termux/files/home/02.ERP-system/90.transition-triage/00.root-files/900.meta/910.transition-inbox/legacy-root-files/265_ERP_V2_APPROVAL_AUTHORITY_REVISION_NOTE.md	/data/data/com.termux/files/home/02.ERP-system/90.transition-triage/00.root-files/100.security/265_ERP_V2_APPROVAL_AUTHORITY_REVISION_NOTE.md	distributed	moved into canonical layer
/data/data/com.termux/files/home/02.ERP-system/90.transition-triage/00.root-files	legacy_file	/data/data/com.termux/files/home/02.ERP-system/90.transition-triage/00.root-files/900.meta/910.transition-inbox/legacy-root-files/266_ERP_V2_RUNTIME_AND_SETTLEMENT_PROMOTION_NOTE.md	/data/data/com.termux/files/home/02.ERP-system/90.transition-triage/00.root-files/900.meta/912.transition-unclassified/unclassified-files/266_ERP_V2_RUNTIME_AND_SETTLEMENT_PROMOTION_NOTE.md	moved_unclassified	file name has no canonical mapping
/data/data/com.termux/files/home/02.ERP-system/90.transition-triage/00.root-files	legacy_file	/data/data/com.termux/files/home/02.ERP-system/90.transition-triage/00.root-files/900.meta/910.transition-inbox/legacy-root-files/267_ERP_V2_ARAP_REDISCOVERY_QUEUE.md	/data/data/com.termux/files/home/02.ERP-system/90.transition-triage/00.root-files/900.meta/912.transition-unclassified/unclassified-files/267_ERP_V2_ARAP_REDISCOVERY_QUEUE.md	moved_unclassified	file name has no canonical mapping
/data/data/com.termux/files/home/02.ERP-system/90.transition-triage/00.root-files	legacy_file	/data/data/com.termux/files/home/02.ERP-system/90.transition-triage/00.root-files/900.meta/910.transition-inbox/legacy-root-files/268_ERP_V2_REVISED_PRIORITY_ORDER.md	/data/data/com.termux/files/home/02.ERP-system/90.transition-triage/00.root-files/900.meta/912.transition-unclassified/unclassified-files/268_ERP_V2_REVISED_PRIORITY_ORDER.md	moved_unclassified	file name has no canonical mapping
/data/data/com.termux/files/home/02.ERP-system/90.transition-triage/00.root-files	legacy_file	/data/data/com.termux/files/home/02.ERP-system/90.transition-triage/00.root-files/900.meta/910.transition-inbox/legacy-root-files/269_ERP_V2_ARAP_REDISCOVERY_ACTUAL_RESULTS.md	/data/data/com.termux/files/home/02.ERP-system/90.transition-triage/00.root-files/900.meta/912.transition-unclassified/unclassified-files/269_ERP_V2_ARAP_REDISCOVERY_ACTUAL_RESULTS.md	moved_unclassified	file name has no canonical mapping
/data/data/com.termux/files/home/02.ERP-system/90.transition-triage/00.root-files	legacy_file	/data/data/com.termux/files/home/02.ERP-system/90.transition-triage/00.root-files/900.meta/910.transition-inbox/legacy-root-files/270_ERP_V2_ARAP_CANDIDATE_REFRAMING_NOTE.md	/data/data/com.termux/files/home/02.ERP-system/90.transition-triage/00.root-files/900.meta/912.transition-unclassified/unclassified-files/270_ERP_V2_ARAP_CANDIDATE_REFRAMING_NOTE.md	moved_unclassified	file name has no canonical mapping
/data/data/com.termux/files/home/02.ERP-system/90.transition-triage/00.root-files	legacy_file	/data/data/com.termux/files/home/02.ERP-system/90.transition-triage/00.root-files/900.meta/910.transition-inbox/legacy-root-files/271_ERP_V2_ARAP_RECEIVABLE_SIDE_WORKING_CANDIDATES.md	/data/data/com.termux/files/home/02.ERP-system/90.transition-triage/00.root-files/900.meta/912.transition-unclassified/unclassified-files/271_ERP_V2_ARAP_RECEIVABLE_SIDE_WORKING_CANDIDATES.md	moved_unclassified	file name has no canonical mapping
/data/data/com.termux/files/home/02.ERP-system/90.transition-triage/00.root-files	legacy_file	/data/data/com.termux/files/home/02.ERP-system/90.transition-triage/00.root-files/900.meta/910.transition-inbox/legacy-root-files/272_ERP_V2_ARAP_PAYABLE_SIDE_WORKING_CANDIDATES.md	/data/data/com.termux/files/home/02.ERP-system/90.transition-triage/00.root-files/900.meta/912.transition-unclassified/unclassified-files/272_ERP_V2_ARAP_PAYABLE_SIDE_WORKING_CANDIDATES.md	moved_unclassified	file name has no canonical mapping
/data/data/com.termux/files/home/02.ERP-system/90.transition-triage/00.root-files	legacy_file	/data/data/com.termux/files/home/02.ERP-system/90.transition-triage/00.root-files/900.meta/910.transition-inbox/legacy-root-files/273_ERP_V2_ARAP_NEXT_DISCOVERY_QUEUE.md	/data/data/com.termux/files/home/02.ERP-system/90.transition-triage/00.root-files/900.meta/912.transition-unclassified/unclassified-files/273_ERP_V2_ARAP_NEXT_DISCOVERY_QUEUE.md	moved_unclassified	file name has no canonical mapping
/data/data/com.termux/files/home/02.ERP-system/90.transition-triage/00.root-files	legacy_file	/data/data/com.termux/files/home/02.ERP-system/90.transition-triage/00.root-files/900.meta/910.transition-inbox/legacy-root-files/274_ERP_V2_ARAP_REDISCOVERY_SUMMARY.md	/data/data/com.termux/files/home/02.ERP-system/90.transition-triage/00.root-files/900.meta/912.transition-unclassified/unclassified-files/274_ERP_V2_ARAP_REDISCOVERY_SUMMARY.md	moved_unclassified	file name has no canonical mapping
/data/data/com.termux/files/home/02.ERP-system/90.transition-triage/00.root-files	legacy_file	/data/data/com.termux/files/home/02.ERP-system/90.transition-triage/00.root-files/900.meta/910.transition-inbox/legacy-root-files/275_ERP_V2_ARAP_CANDIDATE_HIERARCHY_ACTUAL_RESULTS.md	/data/data/com.termux/files/home/02.ERP-system/90.transition-triage/00.root-files/900.meta/912.transition-unclassified/unclassified-files/275_ERP_V2_ARAP_CANDIDATE_HIERARCHY_ACTUAL_RESULTS.md	moved_unclassified	file name has no canonical mapping
/data/data/com.termux/files/home/02.ERP-system/90.transition-triage/00.root-files	legacy_file	/data/data/com.termux/files/home/02.ERP-system/90.transition-triage/00.root-files/900.meta/910.transition-inbox/legacy-root-files/276_ERP_V2_AR_SIDE_WORKING_JUDGMENT.md	/data/data/com.termux/files/home/02.ERP-system/90.transition-triage/00.root-files/900.meta/912.transition-unclassified/unclassified-files/276_ERP_V2_AR_SIDE_WORKING_JUDGMENT.md	moved_unclassified	file name has no canonical mapping
/data/data/com.termux/files/home/02.ERP-system/90.transition-triage/00.root-files	legacy_file	/data/data/com.termux/files/home/02.ERP-system/90.transition-triage/00.root-files/900.meta/910.transition-inbox/legacy-root-files/277_ERP_V2_AP_SIDE_WORKING_JUDGMENT.md	/data/data/com.termux/files/home/02.ERP-system/90.transition-triage/00.root-files/900.meta/912.transition-unclassified/unclassified-files/277_ERP_V2_AP_SIDE_WORKING_JUDGMENT.md	moved_unclassified	file name has no canonical mapping
/data/data/com.termux/files/home/02.ERP-system/90.transition-triage/00.root-files	legacy_file	/data/data/com.termux/files/home/02.ERP-system/90.transition-triage/00.root-files/900.meta/910.transition-inbox/legacy-root-files/278_ERP_V2_ARAP_REVISED_FREEZE_DIRECTION.md	/data/data/com.termux/files/home/02.ERP-system/90.transition-triage/00.root-files/900.meta/912.transition-unclassified/unclassified-files/278_ERP_V2_ARAP_REVISED_FREEZE_DIRECTION.md	moved_unclassified	file name has no canonical mapping
/data/data/com.termux/files/home/02.ERP-system/90.transition-triage/00.root-files	legacy_file	/data/data/com.termux/files/home/02.ERP-system/90.transition-triage/00.root-files/900.meta/910.transition-inbox/legacy-root-files/279_ERP_V2_NEXT_ACTIONS_AFTER_ARAP_HIERARCHY.md	/data/data/com.termux/files/home/02.ERP-system/90.transition-triage/00.root-files/900.meta/912.transition-unclassified/unclassified-files/279_ERP_V2_NEXT_ACTIONS_AFTER_ARAP_HIERARCHY.md	moved_unclassified	file name has no canonical mapping
/data/data/com.termux/files/home/02.ERP-system/90.transition-triage/00.root-files	legacy_file	/data/data/com.termux/files/home/02.ERP-system/90.transition-triage/00.root-files/900.meta/910.transition-inbox/legacy-root-files/280_ERP_V2_ARAP_ROLE_COMPARISON_ACTUAL_RESULTS.md	/data/data/com.termux/files/home/02.ERP-system/90.transition-triage/00.root-files/900.meta/912.transition-unclassified/unclassified-files/280_ERP_V2_ARAP_ROLE_COMPARISON_ACTUAL_RESULTS.md	moved_unclassified	file name has no canonical mapping
/data/data/com.termux/files/home/02.ERP-system/90.transition-triage/00.root-files	legacy_file	/data/data/com.termux/files/home/02.ERP-system/90.transition-triage/00.root-files/900.meta/910.transition-inbox/legacy-root-files/281_ERP_V2_AR_SIDE_ROLE_JUDGMENT_REVISED.md	/data/data/com.termux/files/home/02.ERP-system/90.transition-triage/00.root-files/900.meta/912.transition-unclassified/unclassified-files/281_ERP_V2_AR_SIDE_ROLE_JUDGMENT_REVISED.md	moved_unclassified	file name has no canonical mapping
/data/data/com.termux/files/home/02.ERP-system/90.transition-triage/00.root-files	legacy_file	/data/data/com.termux/files/home/02.ERP-system/90.transition-triage/00.root-files/900.meta/910.transition-inbox/legacy-root-files/282_ERP_V2_AP_SIDE_ROLE_JUDGMENT_REVISED.md	/data/data/com.termux/files/home/02.ERP-system/90.transition-triage/00.root-files/900.meta/912.transition-unclassified/unclassified-files/282_ERP_V2_AP_SIDE_ROLE_JUDGMENT_REVISED.md	moved_unclassified	file name has no canonical mapping
/data/data/com.termux/files/home/02.ERP-system/90.transition-triage/00.root-files	legacy_file	/data/data/com.termux/files/home/02.ERP-system/90.transition-triage/00.root-files/900.meta/910.transition-inbox/legacy-root-files/283_ERP_V2_ARAP_PROMOTION_DIRECTION_REVISED.md	/data/data/com.termux/files/home/02.ERP-system/90.transition-triage/00.root-files/900.meta/912.transition-unclassified/unclassified-files/283_ERP_V2_ARAP_PROMOTION_DIRECTION_REVISED.md	moved_unclassified	file name has no canonical mapping
/data/data/com.termux/files/home/02.ERP-system/90.transition-triage/00.root-files	legacy_file	/data/data/com.termux/files/home/02.ERP-system/90.transition-triage/00.root-files/900.meta/910.transition-inbox/legacy-root-files/284_ERP_V2_SHORTLIST_AND_DEFERRED_UPDATE_NOTE.md	/data/data/com.termux/files/home/02.ERP-system/90.transition-triage/00.root-files/900.meta/912.transition-unclassified/unclassified-files/284_ERP_V2_SHORTLIST_AND_DEFERRED_UPDATE_NOTE.md	moved_unclassified	file name has no canonical mapping
/data/data/com.termux/files/home/02.ERP-system/90.transition-triage/00.root-files	legacy_file	/data/data/com.termux/files/home/02.ERP-system/90.transition-triage/00.root-files/900.meta/910.transition-inbox/legacy-root-files/285_ERP_V2_NEXT_ACTIONS_AFTER_ARAP_ROLE_COMPARE.md	/data/data/com.termux/files/home/02.ERP-system/90.transition-triage/00.root-files/900.meta/912.transition-unclassified/unclassified-files/285_ERP_V2_NEXT_ACTIONS_AFTER_ARAP_ROLE_COMPARE.md	moved_unclassified	file name has no canonical mapping
/data/data/com.termux/files/home/02.ERP-system/90.transition-triage/00.root-files	legacy_file	/data/data/com.termux/files/home/02.ERP-system/90.transition-triage/00.root-files/900.meta/910.transition-inbox/legacy-root-files/286_ERP_V2_CANDIDATE_SHORTLIST_REVISED_AFTER_ARAP.md	/data/data/com.termux/files/home/02.ERP-system/90.transition-triage/00.root-files/900.meta/912.transition-unclassified/unclassified-files/286_ERP_V2_CANDIDATE_SHORTLIST_REVISED_AFTER_ARAP.md	moved_unclassified	file name has no canonical mapping
/data/data/com.termux/files/home/02.ERP-system/90.transition-triage/00.root-files	legacy_file	/data/data/com.termux/files/home/02.ERP-system/90.transition-triage/00.root-files/900.meta/910.transition-inbox/legacy-root-files/287_ERP_V2_DEFERRED_QUEUE_REVISED_AFTER_ARAP.md	/data/data/com.termux/files/home/02.ERP-system/90.transition-triage/00.root-files/900.meta/912.transition-unclassified/unclassified-files/287_ERP_V2_DEFERRED_QUEUE_REVISED_AFTER_ARAP.md	moved_unclassified	file name has no canonical mapping
/data/data/com.termux/files/home/02.ERP-system/90.transition-triage/00.root-files	legacy_file	/data/data/com.termux/files/home/02.ERP-system/90.transition-triage/00.root-files/900.meta/910.transition-inbox/legacy-root-files/288_ERP_V2_PROJECTION_ONLY_SURFACES_NOTE.md	/data/data/com.termux/files/home/02.ERP-system/90.transition-triage/00.root-files/900.meta/912.transition-unclassified/unclassified-files/288_ERP_V2_PROJECTION_ONLY_SURFACES_NOTE.md	moved_unclassified	file name has no canonical mapping
/data/data/com.termux/files/home/02.ERP-system/90.transition-triage/00.root-files	legacy_file	/data/data/com.termux/files/home/02.ERP-system/90.transition-triage/00.root-files/900.meta/910.transition-inbox/legacy-root-files/289_ERP_V2_AR_AP_SCOPE_DECISION_QUEUE.md	/data/data/com.termux/files/home/02.ERP-system/90.transition-triage/00.root-files/900.meta/912.transition-unclassified/unclassified-files/289_ERP_V2_AR_AP_SCOPE_DECISION_QUEUE.md	moved_unclassified	file name has no canonical mapping
/data/data/com.termux/files/home/02.ERP-system/90.transition-triage/00.root-files	legacy_file	/data/data/com.termux/files/home/02.ERP-system/90.transition-triage/00.root-files/900.meta/910.transition-inbox/legacy-root-files/290_ERP_V2_PRIORITY_ORDER_AFTER_ARAP.md	/data/data/com.termux/files/home/02.ERP-system/90.transition-triage/00.root-files/900.meta/912.transition-unclassified/unclassified-files/290_ERP_V2_PRIORITY_ORDER_AFTER_ARAP.md	moved_unclassified	file name has no canonical mapping
/data/data/com.termux/files/home/02.ERP-system/90.transition-triage/00.root-files	legacy_file	/data/data/com.termux/files/home/02.ERP-system/90.transition-triage/00.root-files/900.meta/910.transition-inbox/legacy-root-files/296_ERP_V2_CANDIDATE_SHORTLIST_FINALIZED_PASS.md	/data/data/com.termux/files/home/02.ERP-system/90.transition-triage/00.root-files/900.meta/912.transition-unclassified/unclassified-files/296_ERP_V2_CANDIDATE_SHORTLIST_FINALIZED_PASS.md	moved_unclassified	file name has no canonical mapping
/data/data/com.termux/files/home/02.ERP-system/90.transition-triage/00.root-files	legacy_file	/data/data/com.termux/files/home/02.ERP-system/90.transition-triage/00.root-files/900.meta/910.transition-inbox/legacy-root-files/297_ERP_V2_DEFERRED_QUEUE_FINALIZED_PASS.md	/data/data/com.termux/files/home/02.ERP-system/90.transition-triage/00.root-files/900.meta/912.transition-unclassified/unclassified-files/297_ERP_V2_DEFERRED_QUEUE_FINALIZED_PASS.md	moved_unclassified	file name has no canonical mapping
/data/data/com.termux/files/home/02.ERP-system/90.transition-triage/00.root-files	legacy_file	/data/data/com.termux/files/home/02.ERP-system/90.transition-triage/00.root-files/900.meta/910.transition-inbox/legacy-root-files/298_ERP_V2_APPROVAL_LAYERED_DECISION_NOTE.md	/data/data/com.termux/files/home/02.ERP-system/90.transition-triage/00.root-files/020.architecture/298_ERP_V2_APPROVAL_LAYERED_DECISION_NOTE.md	distributed	moved into canonical layer
/data/data/com.termux/files/home/02.ERP-system/90.transition-triage/00.root-files	legacy_file	/data/data/com.termux/files/home/02.ERP-system/90.transition-triage/00.root-files/900.meta/910.transition-inbox/legacy-root-files/299_ERP_V2_SURFACE_FREEZE_REVIEW_QUEUE.md	/data/data/com.termux/files/home/02.ERP-system/90.transition-triage/00.root-files/120.implementation/299_ERP_V2_SURFACE_FREEZE_REVIEW_QUEUE.md	distributed	moved into canonical layer
/data/data/com.termux/files/home/02.ERP-system/90.transition-triage/00.root-files	legacy_file	/data/data/com.termux/files/home/02.ERP-system/90.transition-triage/00.root-files/900.meta/910.transition-inbox/legacy-root-files/502_ERP_V3_BOUNDARY_DEEPER_PASS_CURRENT_STATE.md	/data/data/com.termux/files/home/02.ERP-system/90.transition-triage/00.root-files/900.meta/912.transition-unclassified/unclassified-files/502_ERP_V3_BOUNDARY_DEEPER_PASS_CURRENT_STATE.md	moved_unclassified	file name has no canonical mapping
/data/data/com.termux/files/home/02.ERP-system/90.transition-triage/00.root-files	legacy_file	/data/data/com.termux/files/home/02.ERP-system/90.transition-triage/00.root-files/900.meta/910.transition-inbox/legacy-root-files/503_ERP_V3_BOUNDARY_ID_CANONICAL_POLICY.md	/data/data/com.termux/files/home/02.ERP-system/90.transition-triage/00.root-files/010.constitution/503_ERP_V3_BOUNDARY_ID_CANONICAL_POLICY.md	distributed	moved into canonical layer
/data/data/com.termux/files/home/02.ERP-system/90.transition-triage/00.root-files	legacy_file	/data/data/com.termux/files/home/02.ERP-system/90.transition-triage/00.root-files/900.meta/910.transition-inbox/legacy-root-files/504_ERP_V3_BUSINESS_TO_AUDIT_LINKED_OBJECT_MATRIX.md	/data/data/com.termux/files/home/02.ERP-system/90.transition-triage/00.root-files/900.meta/912.transition-unclassified/unclassified-files/504_ERP_V3_BUSINESS_TO_AUDIT_LINKED_OBJECT_MATRIX.md	moved_unclassified	file name has no canonical mapping
/data/data/com.termux/files/home/02.ERP-system/90.transition-triage/00.root-files	legacy_file	/data/data/com.termux/files/home/02.ERP-system/90.transition-triage/00.root-files/900.meta/910.transition-inbox/legacy-root-files/505_ERP_V3_MANAGEMENT_TO_AUDIT_LINKED_OBJECT_MATRIX.md	/data/data/com.termux/files/home/02.ERP-system/90.transition-triage/00.root-files/900.meta/912.transition-unclassified/unclassified-files/505_ERP_V3_MANAGEMENT_TO_AUDIT_LINKED_OBJECT_MATRIX.md	moved_unclassified	file name has no canonical mapping
/data/data/com.termux/files/home/02.ERP-system/90.transition-triage/00.root-files	legacy_file	/data/data/com.termux/files/home/02.ERP-system/90.transition-triage/00.root-files/900.meta/910.transition-inbox/legacy-root-files/506_ERP_V3_RULE_CONTROL_TRUTH_VS_AUDIT_TRUTH_DEEPER.md	/data/data/com.termux/files/home/02.ERP-system/90.transition-triage/00.root-files/080.policy/506_ERP_V3_RULE_CONTROL_TRUTH_VS_AUDIT_TRUTH_DEEPER.md	distributed	moved into canonical layer
/data/data/com.termux/files/home/02.ERP-system/90.transition-triage/00.root-files	legacy_file	/data/data/com.termux/files/home/02.ERP-system/90.transition-triage/00.root-files/900.meta/910.transition-inbox/legacy-root-files/507_ERP_V3_HANDOFF_AND_RECONCILIATION_BOUNDARY_RULES.md	/data/data/com.termux/files/home/02.ERP-system/90.transition-triage/00.root-files/080.policy/507_ERP_V3_HANDOFF_AND_RECONCILIATION_BOUNDARY_RULES.md	distributed	moved into canonical layer
/data/data/com.termux/files/home/02.ERP-system/90.transition-triage/00.root-files	legacy_file	/data/data/com.termux/files/home/02.ERP-system/90.transition-triage/00.root-files/900.meta/910.transition-inbox/legacy-root-files/508_ERP_V3_BOUNDARY_DEEPER_PASS_SUMMARY.md	/data/data/com.termux/files/home/02.ERP-system/90.transition-triage/00.root-files/900.meta/912.transition-unclassified/unclassified-files/508_ERP_V3_BOUNDARY_DEEPER_PASS_SUMMARY.md	moved_unclassified	file name has no canonical mapping
/data/data/com.termux/files/home/02.ERP-system/90.transition-triage/00.root-files	legacy_file	/data/data/com.termux/files/home/02.ERP-system/90.transition-triage/00.root-files/900.meta/910.transition-inbox/legacy-root-files/509_ERP_V3_BOUNDARY_DEEPER_PASS_ROOT_PATCH.md	/data/data/com.termux/files/home/02.ERP-system/90.transition-triage/00.root-files/900.meta/912.transition-unclassified/unclassified-files/509_ERP_V3_BOUNDARY_DEEPER_PASS_ROOT_PATCH.md	moved_unclassified	file name has no canonical mapping
/data/data/com.termux/files/home/02.ERP-system/90.transition-triage/00.root-files	legacy_file	/data/data/com.termux/files/home/02.ERP-system/90.transition-triage/00.root-files/900.meta/910.transition-inbox/legacy-root-files/510_DESIGN_MASTER_INDEX_V3_BOUNDARY_DEEPER_PASS_PATCH.md	/data/data/com.termux/files/home/02.ERP-system/90.transition-triage/00.root-files/900.meta/912.transition-unclassified/unclassified-files/510_DESIGN_MASTER_INDEX_V3_BOUNDARY_DEEPER_PASS_PATCH.md	moved_unclassified	file name has no canonical mapping
/data/data/com.termux/files/home/02.ERP-system/90.transition-triage/00.root-files	legacy_file	/data/data/com.termux/files/home/02.ERP-system/90.transition-triage/00.root-files/900.meta/910.transition-inbox/legacy-root-files/511_ERP_SYSTEM_MASTER_INDEX_V3_BOUNDARY_DEEPER_PASS_PATCH.md	/data/data/com.termux/files/home/02.ERP-system/90.transition-triage/00.root-files/900.meta/912.transition-unclassified/unclassified-files/511_ERP_SYSTEM_MASTER_INDEX_V3_BOUNDARY_DEEPER_PASS_PATCH.md	moved_unclassified	file name has no canonical mapping
/data/data/com.termux/files/home/02.ERP-system/90.transition-triage/00.root-files	legacy_file	/data/data/com.termux/files/home/02.ERP-system/90.transition-triage/00.root-files/900.meta/910.transition-inbox/legacy-root-files/512_ERP_V3_BOUNDARY_DEEPER_PASS_ROOT_NAVIGATION_RULE.md	/data/data/com.termux/files/home/02.ERP-system/90.transition-triage/00.root-files/080.policy/512_ERP_V3_BOUNDARY_DEEPER_PASS_ROOT_NAVIGATION_RULE.md	distributed	moved into canonical layer
/data/data/com.termux/files/home/02.ERP-system/90.transition-triage/00.root-files	legacy_file	/data/data/com.termux/files/home/02.ERP-system/90.transition-triage/00.root-files/900.meta/910.transition-inbox/legacy-root-files/DESIGN_DOCUMENT_RULES_CANONICAL.md	/data/data/com.termux/files/home/02.ERP-system/90.transition-triage/00.root-files/010.constitution/DESIGN_DOCUMENT_RULES_CANONICAL.md	distributed	moved into canonical layer
/data/data/com.termux/files/home/02.ERP-system/90.transition-triage/00.root-files	legacy_file	/data/data/com.termux/files/home/02.ERP-system/90.transition-triage/00.root-files/900.meta/910.transition-inbox/legacy-root-files/DESIGN_MASTER_INDEX.md	/data/data/com.termux/files/home/02.ERP-system/90.transition-triage/00.root-files/900.meta/912.transition-unclassified/unclassified-files/DESIGN_MASTER_INDEX.md	moved_unclassified	file name has no canonical mapping
/data/data/com.termux/files/home/02.ERP-system/90.transition-triage/00.root-files	legacy_file	/data/data/com.termux/files/home/02.ERP-system/90.transition-triage/00.root-files/900.meta/910.transition-inbox/legacy-root-files/ERP_DESIGN_BIBLE_FULL.md	/data/data/com.termux/files/home/02.ERP-system/90.transition-triage/00.root-files/900.meta/912.transition-unclassified/unclassified-files/ERP_DESIGN_BIBLE_FULL.md	moved_unclassified	file name has no canonical mapping
/data/data/com.termux/files/home/02.ERP-system/90.transition-triage/00.root-files	legacy_file	/data/data/com.termux/files/home/02.ERP-system/90.transition-triage/00.root-files/900.meta/910.transition-inbox/legacy-root-files/ERP_SYSTEM_FOLDER_STRUCTURE_CANONICAL.md	/data/data/com.termux/files/home/02.ERP-system/90.transition-triage/00.root-files/010.constitution/ERP_SYSTEM_FOLDER_STRUCTURE_CANONICAL.md	distributed	moved into canonical layer
/data/data/com.termux/files/home/02.ERP-system/90.transition-triage/00.root-files	legacy_file	/data/data/com.termux/files/home/02.ERP-system/90.transition-triage/00.root-files/900.meta/910.transition-inbox/legacy-root-files/ERP_SYSTEM_MASTER_INDEX.md	/data/data/com.termux/files/home/02.ERP-system/90.transition-triage/00.root-files/900.meta/912.transition-unclassified/unclassified-files/ERP_SYSTEM_MASTER_INDEX.md	moved_unclassified	file name has no canonical mapping
