op_kind	source_path	target_unit	target_layer	target_path	result	note
left_in_foundation	/data/data/com.termux/files/home/02.ERP-system/00.foundation/010.constitution/000_ERP_NUMBERED_FOLDER_CANON.md	-	010.constitution	-	kept	not classified to priority module
redistribute	/data/data/com.termux/files/home/02.ERP-system/00.foundation/900.meta/913.module-redistribution-archive/20260422_202743/010.constitution/030_ERP_UNNUMBERED_TO_NUMBERED_TRANSITION_LEDGER.md	30.accounting	010.constitution	/data/data/com.termux/files/home/02.ERP-system/30.accounting/010.constitution/030_ERP_UNNUMBERED_TO_NUMBERED_TRANSITION_LEDGER.md	redistributed	copied to module layer and archived source from foundation
redistribute	/data/data/com.termux/files/home/02.ERP-system/00.foundation/900.meta/913.module-redistribution-archive/20260422_202743/010.constitution/031_ERP_UNNUMBERED_TO_NUMBERED_TRANSITION_LEDGER.tsv	30.accounting	010.constitution	/data/data/com.termux/files/home/02.ERP-system/30.accounting/010.constitution/031_ERP_UNNUMBERED_TO_NUMBERED_TRANSITION_LEDGER.tsv	redistributed	copied to module layer and archived source from foundation
redistribute	/data/data/com.termux/files/home/02.ERP-system/00.foundation/900.meta/913.module-redistribution-archive/20260422_202743/010.constitution/503_ERP_V3_BOUNDARY_ID_CANONICAL_POLICY.md	30.accounting	010.constitution	/data/data/com.termux/files/home/02.ERP-system/30.accounting/010.constitution/503_ERP_V3_BOUNDARY_ID_CANONICAL_POLICY.md	redistributed	copied to module layer and archived source from foundation
left_in_foundation	/data/data/com.termux/files/home/02.ERP-system/00.foundation/010.constitution/DESIGN_DOCUMENT_RULES_CANONICAL.md	-	010.constitution	-	kept	not classified to priority module
left_in_foundation	/data/data/com.termux/files/home/02.ERP-system/00.foundation/010.constitution/ERP_SYSTEM_FOLDER_STRUCTURE_CANONICAL.md	-	010.constitution	-	kept	not classified to priority module
redistribute	/data/data/com.termux/files/home/02.ERP-system/00.foundation/900.meta/913.module-redistribution-archive/20260422_202743/020.architecture/000_COMMON_DESIGN_INDEX.md	30.accounting	020.architecture	/data/data/com.termux/files/home/02.ERP-system/30.accounting/020.architecture/000_COMMON_DESIGN_INDEX.md	redistributed	copied to module layer and archived source from foundation
redistribute	/data/data/com.termux/files/home/02.ERP-system/00.foundation/900.meta/913.module-redistribution-archive/20260422_202743/020.architecture/000_COMMON_DESIGN_OVERVIEW.md	30.accounting	020.architecture	/data/data/com.termux/files/home/02.ERP-system/30.accounting/020.architecture/000_COMMON_DESIGN_OVERVIEW.md	redistributed	copied to module layer and archived source from foundation
redistribute	/data/data/com.termux/files/home/02.ERP-system/00.foundation/900.meta/913.module-redistribution-archive/20260422_202743/020.architecture/001_COMMON_DESIGN_SET_INTEGRATION_NOTE.md	30.accounting	020.architecture	/data/data/com.termux/files/home/02.ERP-system/30.accounting/020.architecture/001_COMMON_DESIGN_SET_INTEGRATION_NOTE.md	redistributed	copied to module layer and archived source from foundation
redistribute	/data/data/com.termux/files/home/02.ERP-system/00.foundation/900.meta/913.module-redistribution-archive/20260422_202743/020.architecture/002_COMMON_DESIGN_SET_NAVIGATION_RULE.md	30.accounting	020.architecture	/data/data/com.termux/files/home/02.ERP-system/30.accounting/020.architecture/002_COMMON_DESIGN_SET_NAVIGATION_RULE.md	redistributed	copied to module layer and archived source from foundation
redistribute	/data/data/com.termux/files/home/02.ERP-system/00.foundation/900.meta/913.module-redistribution-archive/20260422_202743/020.architecture/124_ERP_DEEP_REVIEW_SET_INDEX.md	30.accounting	020.architecture	/data/data/com.termux/files/home/02.ERP-system/30.accounting/020.architecture/124_ERP_DEEP_REVIEW_SET_INDEX.md	redistributed	copied to module layer and archived source from foundation
redistribute	/data/data/com.termux/files/home/02.ERP-system/00.foundation/900.meta/913.module-redistribution-archive/20260422_202743/020.architecture/125_ERP_DEEP_REVIEW_SET_OVERVIEW.md	30.accounting	020.architecture	/data/data/com.termux/files/home/02.ERP-system/30.accounting/020.architecture/125_ERP_DEEP_REVIEW_SET_OVERVIEW.md	redistributed	copied to module layer and archived source from foundation
redistribute	/data/data/com.termux/files/home/02.ERP-system/00.foundation/900.meta/913.module-redistribution-archive/20260422_202743/020.architecture/126_ERP_RECONCILIATION_ROADMAP.md	30.accounting	020.architecture	/data/data/com.termux/files/home/02.ERP-system/30.accounting/020.architecture/126_ERP_RECONCILIATION_ROADMAP.md	redistributed	copied to module layer and archived source from foundation
redistribute	/data/data/com.termux/files/home/02.ERP-system/00.foundation/900.meta/913.module-redistribution-archive/20260422_202743/020.architecture/127_ERP_RECONCILIATION_CURRENT_STATE.md	30.accounting	020.architecture	/data/data/com.termux/files/home/02.ERP-system/30.accounting/020.architecture/127_ERP_RECONCILIATION_CURRENT_STATE.md	redistributed	copied to module layer and archived source from foundation
redistribute	/data/data/com.termux/files/home/02.ERP-system/00.foundation/900.meta/913.module-redistribution-archive/20260422_202743/020.architecture/128_ERP_RECONCILIATION_NEXT_ACTIONS.md	30.accounting	020.architecture	/data/data/com.termux/files/home/02.ERP-system/30.accounting/020.architecture/128_ERP_RECONCILIATION_NEXT_ACTIONS.md	redistributed	copied to module layer and archived source from foundation
redistribute	/data/data/com.termux/files/home/02.ERP-system/00.foundation/900.meta/913.module-redistribution-archive/20260422_202743/020.architecture/129_ERP_RECONCILIATION_DECISION_LOG_SUMMARY.md	30.accounting	020.architecture	/data/data/com.termux/files/home/02.ERP-system/30.accounting/020.architecture/129_ERP_RECONCILIATION_DECISION_LOG_SUMMARY.md	redistributed	copied to module layer and archived source from foundation
redistribute	/data/data/com.termux/files/home/02.ERP-system/00.foundation/900.meta/913.module-redistribution-archive/20260422_202743/020.architecture/130_DESIGN_MASTER_INDEX_RECONCILIATION_PATCH.md	30.accounting	020.architecture	/data/data/com.termux/files/home/02.ERP-system/30.accounting/020.architecture/130_DESIGN_MASTER_INDEX_RECONCILIATION_PATCH.md	redistributed	copied to module layer and archived source from foundation
redistribute	/data/data/com.termux/files/home/02.ERP-system/00.foundation/900.meta/913.module-redistribution-archive/20260422_202743/020.architecture/131_ERP_SYSTEM_MASTER_INDEX_RECONCILIATION_PATCH.md	30.accounting	020.architecture	/data/data/com.termux/files/home/02.ERP-system/30.accounting/020.architecture/131_ERP_SYSTEM_MASTER_INDEX_RECONCILIATION_PATCH.md	redistributed	copied to module layer and archived source from foundation
redistribute	/data/data/com.termux/files/home/02.ERP-system/00.foundation/900.meta/913.module-redistribution-archive/20260422_202743/020.architecture/132_ERP_RECONCILIATION_ROOT_NAVIGATION_RULE.md	30.accounting	020.architecture	/data/data/com.termux/files/home/02.ERP-system/30.accounting/020.architecture/132_ERP_RECONCILIATION_ROOT_NAVIGATION_RULE.md	redistributed	copied to module layer and archived source from foundation
redistribute	/data/data/com.termux/files/home/02.ERP-system/00.foundation/900.meta/913.module-redistribution-archive/20260422_202743/020.architecture/133_ERP_DESIGN_BIBLE_RECONCILIATION_PATCH.md	30.accounting	020.architecture	/data/data/com.termux/files/home/02.ERP-system/30.accounting/020.architecture/133_ERP_DESIGN_BIBLE_RECONCILIATION_PATCH.md	redistributed	copied to module layer and archived source from foundation
redistribute	/data/data/com.termux/files/home/02.ERP-system/00.foundation/900.meta/913.module-redistribution-archive/20260422_202743/020.architecture/134_ERP_RUNTIME_WRITE_PATH_EVIDENCE_CAPTURE_RULE.md	30.accounting	020.architecture	/data/data/com.termux/files/home/02.ERP-system/30.accounting/020.architecture/134_ERP_RUNTIME_WRITE_PATH_EVIDENCE_CAPTURE_RULE.md	redistributed	copied to module layer and archived source from foundation
redistribute	/data/data/com.termux/files/home/02.ERP-system/00.foundation/900.meta/913.module-redistribution-archive/20260422_202743/020.architecture/135_ERP_RUNTIME_WRITE_PATH_EVIDENCE_LOG_TEMPLATE.md	30.accounting	020.architecture	/data/data/com.termux/files/home/02.ERP-system/30.accounting/020.architecture/135_ERP_RUNTIME_WRITE_PATH_EVIDENCE_LOG_TEMPLATE.md	redistributed	copied to module layer and archived source from foundation
redistribute	/data/data/com.termux/files/home/02.ERP-system/00.foundation/900.meta/913.module-redistribution-archive/20260422_202743/020.architecture/136_ERP_RUNTIME_WRITE_PATH_TARGET_MATRIX.md	30.accounting	020.architecture	/data/data/com.termux/files/home/02.ERP-system/30.accounting/020.architecture/136_ERP_RUNTIME_WRITE_PATH_TARGET_MATRIX.md	redistributed	copied to module layer and archived source from foundation
redistribute	/data/data/com.termux/files/home/02.ERP-system/00.foundation/900.meta/913.module-redistribution-archive/20260422_202743/020.architecture/137_ERP_RUNTIME_WRITE_PATH_FIRST_CAPTURE_PLAN.md	30.accounting	020.architecture	/data/data/com.termux/files/home/02.ERP-system/30.accounting/020.architecture/137_ERP_RUNTIME_WRITE_PATH_FIRST_CAPTURE_PLAN.md	redistributed	copied to module layer and archived source from foundation
redistribute	/data/data/com.termux/files/home/02.ERP-system/00.foundation/900.meta/913.module-redistribution-archive/20260422_202743/020.architecture/138_ERP_HEADER_WRITE_EVIDENCE_CAPTURE_RULE.md	30.accounting	020.architecture	/data/data/com.termux/files/home/02.ERP-system/30.accounting/020.architecture/138_ERP_HEADER_WRITE_EVIDENCE_CAPTURE_RULE.md	redistributed	copied to module layer and archived source from foundation
redistribute	/data/data/com.termux/files/home/02.ERP-system/00.foundation/900.meta/913.module-redistribution-archive/20260422_202743/020.architecture/139_ERP_HEADER_WRITE_EVIDENCE_LOG_TEMPLATE.md	30.accounting	020.architecture	/data/data/com.termux/files/home/02.ERP-system/30.accounting/020.architecture/139_ERP_HEADER_WRITE_EVIDENCE_LOG_TEMPLATE.md	redistributed	copied to module layer and archived source from foundation
redistribute	/data/data/com.termux/files/home/02.ERP-system/00.foundation/900.meta/913.module-redistribution-archive/20260422_202743/020.architecture/140_ERP_HEADER_WRITE_TARGET_MATRIX.md	30.accounting	020.architecture	/data/data/com.termux/files/home/02.ERP-system/30.accounting/020.architecture/140_ERP_HEADER_WRITE_TARGET_MATRIX.md	redistributed	copied to module layer and archived source from foundation
redistribute	/data/data/com.termux/files/home/02.ERP-system/00.foundation/900.meta/913.module-redistribution-archive/20260422_202743/020.architecture/141_ERP_HEADER_WRITE_FIRST_CAPTURE_PLAN.md	30.accounting	020.architecture	/data/data/com.termux/files/home/02.ERP-system/30.accounting/020.architecture/141_ERP_HEADER_WRITE_FIRST_CAPTURE_PLAN.md	redistributed	copied to module layer and archived source from foundation
redistribute	/data/data/com.termux/files/home/02.ERP-system/00.foundation/900.meta/913.module-redistribution-archive/20260422_202743/020.architecture/142_ERP_SETTLEMENT_EVIDENCE_CAPTURE_RULE.md	30.accounting	020.architecture	/data/data/com.termux/files/home/02.ERP-system/30.accounting/020.architecture/142_ERP_SETTLEMENT_EVIDENCE_CAPTURE_RULE.md	redistributed	copied to module layer and archived source from foundation
redistribute	/data/data/com.termux/files/home/02.ERP-system/00.foundation/900.meta/913.module-redistribution-archive/20260422_202743/020.architecture/143_ERP_AR_AP_EVIDENCE_CAPTURE_RULE.md	30.accounting	020.architecture	/data/data/com.termux/files/home/02.ERP-system/30.accounting/020.architecture/143_ERP_AR_AP_EVIDENCE_CAPTURE_RULE.md	redistributed	copied to module layer and archived source from foundation
redistribute	/data/data/com.termux/files/home/02.ERP-system/00.foundation/900.meta/913.module-redistribution-archive/20260422_202743/020.architecture/144_ERP_SETTLEMENT_AND_AR_AP_EVIDENCE_LOG_TEMPLATE.md	30.accounting	020.architecture	/data/data/com.termux/files/home/02.ERP-system/30.accounting/020.architecture/144_ERP_SETTLEMENT_AND_AR_AP_EVIDENCE_LOG_TEMPLATE.md	redistributed	copied to module layer and archived source from foundation
redistribute	/data/data/com.termux/files/home/02.ERP-system/00.foundation/900.meta/913.module-redistribution-archive/20260422_202743/020.architecture/145_ERP_SETTLEMENT_AND_AR_AP_FIRST_CAPTURE_PLAN.md	30.accounting	020.architecture	/data/data/com.termux/files/home/02.ERP-system/30.accounting/020.architecture/145_ERP_SETTLEMENT_AND_AR_AP_FIRST_CAPTURE_PLAN.md	redistributed	copied to module layer and archived source from foundation
redistribute	/data/data/com.termux/files/home/02.ERP-system/00.foundation/900.meta/913.module-redistribution-archive/20260422_202743/020.architecture/146_ERP_APPROVAL_REQUEST_SUBFAMILY_EVIDENCE_CAPTURE_RULE.md	30.accounting	020.architecture	/data/data/com.termux/files/home/02.ERP-system/30.accounting/020.architecture/146_ERP_APPROVAL_REQUEST_SUBFAMILY_EVIDENCE_CAPTURE_RULE.md	redistributed	copied to module layer and archived source from foundation
redistribute	/data/data/com.termux/files/home/02.ERP-system/00.foundation/900.meta/913.module-redistribution-archive/20260422_202743/020.architecture/147_ERP_APPROVAL_REQUEST_SUBFAMILY_EVIDENCE_LOG_TEMPLATE.md	30.accounting	020.architecture	/data/data/com.termux/files/home/02.ERP-system/30.accounting/020.architecture/147_ERP_APPROVAL_REQUEST_SUBFAMILY_EVIDENCE_LOG_TEMPLATE.md	redistributed	copied to module layer and archived source from foundation
redistribute	/data/data/com.termux/files/home/02.ERP-system/00.foundation/900.meta/913.module-redistribution-archive/20260422_202743/020.architecture/148_ERP_APPROVAL_REQUEST_SUBFAMILY_TARGET_MATRIX.md	30.accounting	020.architecture	/data/data/com.termux/files/home/02.ERP-system/30.accounting/020.architecture/148_ERP_APPROVAL_REQUEST_SUBFAMILY_TARGET_MATRIX.md	redistributed	copied to module layer and archived source from foundation
redistribute	/data/data/com.termux/files/home/02.ERP-system/00.foundation/900.meta/913.module-redistribution-archive/20260422_202743/020.architecture/149_ERP_APPROVAL_REQUEST_SUBFAMILY_FIRST_CAPTURE_PLAN.md	30.accounting	020.architecture	/data/data/com.termux/files/home/02.ERP-system/30.accounting/020.architecture/149_ERP_APPROVAL_REQUEST_SUBFAMILY_FIRST_CAPTURE_PLAN.md	redistributed	copied to module layer and archived source from foundation
redistribute	/data/data/com.termux/files/home/02.ERP-system/00.foundation/900.meta/913.module-redistribution-archive/20260422_202743/020.architecture/150_ERP_EVIDENCE_CAPTURE_SET_INDEX.md	30.accounting	020.architecture	/data/data/com.termux/files/home/02.ERP-system/30.accounting/020.architecture/150_ERP_EVIDENCE_CAPTURE_SET_INDEX.md	redistributed	copied to module layer and archived source from foundation
redistribute	/data/data/com.termux/files/home/02.ERP-system/00.foundation/900.meta/913.module-redistribution-archive/20260422_202743/020.architecture/151_ERP_EVIDENCE_CAPTURE_SET_OVERVIEW.md	30.accounting	020.architecture	/data/data/com.termux/files/home/02.ERP-system/30.accounting/020.architecture/151_ERP_EVIDENCE_CAPTURE_SET_OVERVIEW.md	redistributed	copied to module layer and archived source from foundation
redistribute	/data/data/com.termux/files/home/02.ERP-system/00.foundation/900.meta/913.module-redistribution-archive/20260422_202743/020.architecture/152_DESIGN_MASTER_INDEX_EVIDENCE_CAPTURE_PATCH.md	30.accounting	020.architecture	/data/data/com.termux/files/home/02.ERP-system/30.accounting/020.architecture/152_DESIGN_MASTER_INDEX_EVIDENCE_CAPTURE_PATCH.md	redistributed	copied to module layer and archived source from foundation
redistribute	/data/data/com.termux/files/home/02.ERP-system/00.foundation/900.meta/913.module-redistribution-archive/20260422_202743/020.architecture/153_ERP_SYSTEM_MASTER_INDEX_EVIDENCE_CAPTURE_PATCH.md	30.accounting	020.architecture	/data/data/com.termux/files/home/02.ERP-system/30.accounting/020.architecture/153_ERP_SYSTEM_MASTER_INDEX_EVIDENCE_CAPTURE_PATCH.md	redistributed	copied to module layer and archived source from foundation
redistribute	/data/data/com.termux/files/home/02.ERP-system/00.foundation/900.meta/913.module-redistribution-archive/20260422_202743/020.architecture/154_ERP_EVIDENCE_CAPTURE_ROOT_NAVIGATION_RULE.md	30.accounting	020.architecture	/data/data/com.termux/files/home/02.ERP-system/30.accounting/020.architecture/154_ERP_EVIDENCE_CAPTURE_ROOT_NAVIGATION_RULE.md	redistributed	copied to module layer and archived source from foundation
redistribute	/data/data/com.termux/files/home/02.ERP-system/00.foundation/900.meta/913.module-redistribution-archive/20260422_202743/020.architecture/155_ERP_RUNTIME_EVIDENCE_ACTUAL_RESULTS.md	30.accounting	020.architecture	/data/data/com.termux/files/home/02.ERP-system/30.accounting/020.architecture/155_ERP_RUNTIME_EVIDENCE_ACTUAL_RESULTS.md	redistributed	copied to module layer and archived source from foundation
redistribute	/data/data/com.termux/files/home/02.ERP-system/00.foundation/900.meta/913.module-redistribution-archive/20260422_202743/020.architecture/156_ERP_HEADER_EVIDENCE_ACTUAL_RESULTS.md	30.accounting	020.architecture	/data/data/com.termux/files/home/02.ERP-system/30.accounting/020.architecture/156_ERP_HEADER_EVIDENCE_ACTUAL_RESULTS.md	redistributed	copied to module layer and archived source from foundation
redistribute	/data/data/com.termux/files/home/02.ERP-system/00.foundation/900.meta/913.module-redistribution-archive/20260422_202743/020.architecture/157_ERP_RUNTIME_AND_HEADER_EVIDENCE_INTERPRETATION.md	30.accounting	020.architecture	/data/data/com.termux/files/home/02.ERP-system/30.accounting/020.architecture/157_ERP_RUNTIME_AND_HEADER_EVIDENCE_INTERPRETATION.md	redistributed	copied to module layer and archived source from foundation
redistribute	/data/data/com.termux/files/home/02.ERP-system/00.foundation/900.meta/913.module-redistribution-archive/20260422_202743/020.architecture/158_ERP_PROVISIONAL_AUTHORITY_DECISIONS_HARDENED.md	30.accounting	020.architecture	/data/data/com.termux/files/home/02.ERP-system/30.accounting/020.architecture/158_ERP_PROVISIONAL_AUTHORITY_DECISIONS_HARDENED.md	redistributed	copied to module layer and archived source from foundation
redistribute	/data/data/com.termux/files/home/02.ERP-system/00.foundation/900.meta/913.module-redistribution-archive/20260422_202743/020.architecture/159_ERP_EVIDENCE_CAPTURE_FIRST_PASS_SUMMARY.md	30.accounting	020.architecture	/data/data/com.termux/files/home/02.ERP-system/30.accounting/020.architecture/159_ERP_EVIDENCE_CAPTURE_FIRST_PASS_SUMMARY.md	redistributed	copied to module layer and archived source from foundation
redistribute	/data/data/com.termux/files/home/02.ERP-system/00.foundation/900.meta/913.module-redistribution-archive/20260422_202743/020.architecture/160_ERP_PUBLIC_HEADER_STRUCTURE_EVIDENCE_RESULTS.md	30.accounting	020.architecture	/data/data/com.termux/files/home/02.ERP-system/30.accounting/020.architecture/160_ERP_PUBLIC_HEADER_STRUCTURE_EVIDENCE_RESULTS.md	redistributed	copied to module layer and archived source from foundation
redistribute	/data/data/com.termux/files/home/02.ERP-system/00.foundation/900.meta/913.module-redistribution-archive/20260422_202743/020.architecture/161_ERP_PUBLIC_HEADER_MIRROR_JUDGMENT.md	30.accounting	020.architecture	/data/data/com.termux/files/home/02.ERP-system/30.accounting/020.architecture/161_ERP_PUBLIC_HEADER_MIRROR_JUDGMENT.md	redistributed	copied to module layer and archived source from foundation
redistribute	/data/data/com.termux/files/home/02.ERP-system/00.foundation/900.meta/913.module-redistribution-archive/20260422_202743/020.architecture/162_ERP_PUBLIC_HEADER_ACTIVE_WRITE_RISK_REVIEW.md	30.accounting	020.architecture	/data/data/com.termux/files/home/02.ERP-system/30.accounting/020.architecture/162_ERP_PUBLIC_HEADER_ACTIVE_WRITE_RISK_REVIEW.md	redistributed	copied to module layer and archived source from foundation
redistribute	/data/data/com.termux/files/home/02.ERP-system/00.foundation/900.meta/913.module-redistribution-archive/20260422_202743/020.architecture/163_ERP_PUBLIC_HEADER_FINAL_FIRST_PASS_SUMMARY.md	30.accounting	020.architecture	/data/data/com.termux/files/home/02.ERP-system/30.accounting/020.architecture/163_ERP_PUBLIC_HEADER_FINAL_FIRST_PASS_SUMMARY.md	redistributed	copied to module layer and archived source from foundation
redistribute	/data/data/com.termux/files/home/02.ERP-system/00.foundation/900.meta/913.module-redistribution-archive/20260422_202743/020.architecture/164_ERP_SETTLEMENT_EVIDENCE_ACTUAL_RESULTS.md	30.accounting	020.architecture	/data/data/com.termux/files/home/02.ERP-system/30.accounting/020.architecture/164_ERP_SETTLEMENT_EVIDENCE_ACTUAL_RESULTS.md	redistributed	copied to module layer and archived source from foundation
redistribute	/data/data/com.termux/files/home/02.ERP-system/00.foundation/900.meta/913.module-redistribution-archive/20260422_202743/020.architecture/165_ERP_AR_AP_EVIDENCE_ACTUAL_RESULTS.md	30.accounting	020.architecture	/data/data/com.termux/files/home/02.ERP-system/30.accounting/020.architecture/165_ERP_AR_AP_EVIDENCE_ACTUAL_RESULTS.md	redistributed	copied to module layer and archived source from foundation
redistribute	/data/data/com.termux/files/home/02.ERP-system/00.foundation/900.meta/913.module-redistribution-archive/20260422_202743/020.architecture/166_ERP_SETTLEMENT_AND_AR_AP_EVIDENCE_INTERPRETATION.md	30.accounting	020.architecture	/data/data/com.termux/files/home/02.ERP-system/30.accounting/020.architecture/166_ERP_SETTLEMENT_AND_AR_AP_EVIDENCE_INTERPRETATION.md	redistributed	copied to module layer and archived source from foundation
redistribute	/data/data/com.termux/files/home/02.ERP-system/00.foundation/900.meta/913.module-redistribution-archive/20260422_202743/020.architecture/167_ERP_SETTLEMENT_AND_AR_AP_FIRST_PASS_SUMMARY.md	30.accounting	020.architecture	/data/data/com.termux/files/home/02.ERP-system/30.accounting/020.architecture/167_ERP_SETTLEMENT_AND_AR_AP_FIRST_PASS_SUMMARY.md	redistributed	copied to module layer and archived source from foundation
redistribute	/data/data/com.termux/files/home/02.ERP-system/00.foundation/900.meta/913.module-redistribution-archive/20260422_202743/020.architecture/168_ERP_APPROVAL_REQUEST_SUBFAMILY_EVIDENCE_ACTUAL_RESULTS.md	30.accounting	020.architecture	/data/data/com.termux/files/home/02.ERP-system/30.accounting/020.architecture/168_ERP_APPROVAL_REQUEST_SUBFAMILY_EVIDENCE_ACTUAL_RESULTS.md	redistributed	copied to module layer and archived source from foundation
redistribute	/data/data/com.termux/files/home/02.ERP-system/00.foundation/900.meta/913.module-redistribution-archive/20260422_202743/020.architecture/169_ERP_APPROVAL_REQUEST_SUBFAMILY_EVIDENCE_INTERPRETATION.md	30.accounting	020.architecture	/data/data/com.termux/files/home/02.ERP-system/30.accounting/020.architecture/169_ERP_APPROVAL_REQUEST_SUBFAMILY_EVIDENCE_INTERPRETATION.md	redistributed	copied to module layer and archived source from foundation
redistribute	/data/data/com.termux/files/home/02.ERP-system/00.foundation/900.meta/913.module-redistribution-archive/20260422_202743/020.architecture/170_ERP_APPROVAL_REQUEST_TRUE_AUTHORITY_CANDIDATE_REVIEW.md	30.accounting	020.architecture	/data/data/com.termux/files/home/02.ERP-system/30.accounting/020.architecture/170_ERP_APPROVAL_REQUEST_TRUE_AUTHORITY_CANDIDATE_REVIEW.md	redistributed	copied to module layer and archived source from foundation
redistribute	/data/data/com.termux/files/home/02.ERP-system/00.foundation/900.meta/913.module-redistribution-archive/20260422_202743/020.architecture/171_ERP_APPROVAL_REQUEST_FIRST_PASS_SUMMARY.md	30.accounting	020.architecture	/data/data/com.termux/files/home/02.ERP-system/30.accounting/020.architecture/171_ERP_APPROVAL_REQUEST_FIRST_PASS_SUMMARY.md	redistributed	copied to module layer and archived source from foundation
redistribute	/data/data/com.termux/files/home/02.ERP-system/00.foundation/900.meta/913.module-redistribution-archive/20260422_202743/020.architecture/172_ERP_AUTHORITY_REGISTRY_DRAFT_OVERVIEW.md	30.accounting	020.architecture	/data/data/com.termux/files/home/02.ERP-system/30.accounting/020.architecture/172_ERP_AUTHORITY_REGISTRY_DRAFT_OVERVIEW.md	redistributed	copied to module layer and archived source from foundation
redistribute	/data/data/com.termux/files/home/02.ERP-system/00.foundation/900.meta/913.module-redistribution-archive/20260422_202743/020.architecture/173_ERP_AUTHORITY_REGISTRY_DRAFT_RUNTIME.md	30.accounting	020.architecture	/data/data/com.termux/files/home/02.ERP-system/30.accounting/020.architecture/173_ERP_AUTHORITY_REGISTRY_DRAFT_RUNTIME.md	redistributed	copied to module layer and archived source from foundation
redistribute	/data/data/com.termux/files/home/02.ERP-system/00.foundation/900.meta/913.module-redistribution-archive/20260422_202743/020.architecture/174_ERP_AUTHORITY_REGISTRY_DRAFT_HEADERS.md	30.accounting	020.architecture	/data/data/com.termux/files/home/02.ERP-system/30.accounting/020.architecture/174_ERP_AUTHORITY_REGISTRY_DRAFT_HEADERS.md	redistributed	copied to module layer and archived source from foundation
redistribute	/data/data/com.termux/files/home/02.ERP-system/00.foundation/900.meta/913.module-redistribution-archive/20260422_202743/020.architecture/175_ERP_AUTHORITY_REGISTRY_DRAFT_SETTLEMENT_AR_AP_APPROVAL.md	30.accounting	020.architecture	/data/data/com.termux/files/home/02.ERP-system/30.accounting/020.architecture/175_ERP_AUTHORITY_REGISTRY_DRAFT_SETTLEMENT_AR_AP_APPROVAL.md	redistributed	copied to module layer and archived source from foundation
redistribute	/data/data/com.termux/files/home/02.ERP-system/00.foundation/900.meta/913.module-redistribution-archive/20260422_202743/020.architecture/176_ERP_AUTHORITY_REGISTRY_DRAFT_SUMMARY.md	30.accounting	020.architecture	/data/data/com.termux/files/home/02.ERP-system/30.accounting/020.architecture/176_ERP_AUTHORITY_REGISTRY_DRAFT_SUMMARY.md	redistributed	copied to module layer and archived source from foundation
redistribute	/data/data/com.termux/files/home/02.ERP-system/00.foundation/900.meta/913.module-redistribution-archive/20260422_202743/020.architecture/177_ERP_AUTHORITY_REGISTRY_NAVIGATION_NOTE.md	30.accounting	020.architecture	/data/data/com.termux/files/home/02.ERP-system/30.accounting/020.architecture/177_ERP_AUTHORITY_REGISTRY_NAVIGATION_NOTE.md	redistributed	copied to module layer and archived source from foundation
redistribute	/data/data/com.termux/files/home/02.ERP-system/00.foundation/900.meta/913.module-redistribution-archive/20260422_202743/020.architecture/178_ERP_AUTHORITY_REGISTRY_ROOT_PATCH.md	30.accounting	020.architecture	/data/data/com.termux/files/home/02.ERP-system/30.accounting/020.architecture/178_ERP_AUTHORITY_REGISTRY_ROOT_PATCH.md	redistributed	copied to module layer and archived source from foundation
redistribute	/data/data/com.termux/files/home/02.ERP-system/00.foundation/900.meta/913.module-redistribution-archive/20260422_202743/020.architecture/179_DESIGN_MASTER_INDEX_AUTHORITY_REGISTRY_PATCH.md	30.accounting	020.architecture	/data/data/com.termux/files/home/02.ERP-system/30.accounting/020.architecture/179_DESIGN_MASTER_INDEX_AUTHORITY_REGISTRY_PATCH.md	redistributed	copied to module layer and archived source from foundation
redistribute	/data/data/com.termux/files/home/02.ERP-system/00.foundation/900.meta/913.module-redistribution-archive/20260422_202743/020.architecture/180_ERP_SYSTEM_MASTER_INDEX_AUTHORITY_REGISTRY_PATCH.md	30.accounting	020.architecture	/data/data/com.termux/files/home/02.ERP-system/30.accounting/020.architecture/180_ERP_SYSTEM_MASTER_INDEX_AUTHORITY_REGISTRY_PATCH.md	redistributed	copied to module layer and archived source from foundation
redistribute	/data/data/com.termux/files/home/02.ERP-system/00.foundation/900.meta/913.module-redistribution-archive/20260422_202743/020.architecture/181_ERP_AUTHORITY_REGISTRY_ROOT_NAVIGATION_RULE.md	30.accounting	020.architecture	/data/data/com.termux/files/home/02.ERP-system/30.accounting/020.architecture/181_ERP_AUTHORITY_REGISTRY_ROOT_NAVIGATION_RULE.md	redistributed	copied to module layer and archived source from foundation
redistribute	/data/data/com.termux/files/home/02.ERP-system/00.foundation/900.meta/913.module-redistribution-archive/20260422_202743/020.architecture/182_ERP_FROZEN_AUTHORITY_CRITERIA.md	30.accounting	020.architecture	/data/data/com.termux/files/home/02.ERP-system/30.accounting/020.architecture/182_ERP_FROZEN_AUTHORITY_CRITERIA.md	redistributed	copied to module layer and archived source from foundation
redistribute	/data/data/com.termux/files/home/02.ERP-system/00.foundation/900.meta/913.module-redistribution-archive/20260422_202743/020.architecture/183_ERP_AUTHORITY_MATURITY_MODEL.md	30.accounting	020.architecture	/data/data/com.termux/files/home/02.ERP-system/30.accounting/020.architecture/183_ERP_AUTHORITY_MATURITY_MODEL.md	redistributed	copied to module layer and archived source from foundation
redistribute	/data/data/com.termux/files/home/02.ERP-system/00.foundation/900.meta/913.module-redistribution-archive/20260422_202743/020.architecture/184_ERP_AUTHORITY_REGISTRY_FREEZE_CHECKLIST.md	30.accounting	020.architecture	/data/data/com.termux/files/home/02.ERP-system/30.accounting/020.architecture/184_ERP_AUTHORITY_REGISTRY_FREEZE_CHECKLIST.md	redistributed	copied to module layer and archived source from foundation
redistribute	/data/data/com.termux/files/home/02.ERP-system/00.foundation/900.meta/913.module-redistribution-archive/20260422_202743/020.architecture/185_ERP_FROZEN_AUTHORITY_CANDIDATE_GATE.md	30.accounting	020.architecture	/data/data/com.termux/files/home/02.ERP-system/30.accounting/020.architecture/185_ERP_FROZEN_AUTHORITY_CANDIDATE_GATE.md	redistributed	copied to module layer and archived source from foundation
redistribute	/data/data/com.termux/files/home/02.ERP-system/00.foundation/900.meta/913.module-redistribution-archive/20260422_202743/020.architecture/186_ERP_AUTHORITY_REGISTRY_MATURITY_ASSIGNMENT_RUNTIME.md	30.accounting	020.architecture	/data/data/com.termux/files/home/02.ERP-system/30.accounting/020.architecture/186_ERP_AUTHORITY_REGISTRY_MATURITY_ASSIGNMENT_RUNTIME.md	redistributed	copied to module layer and archived source from foundation
redistribute	/data/data/com.termux/files/home/02.ERP-system/00.foundation/900.meta/913.module-redistribution-archive/20260422_202743/020.architecture/187_ERP_AUTHORITY_REGISTRY_MATURITY_ASSIGNMENT_HEADERS.md	30.accounting	020.architecture	/data/data/com.termux/files/home/02.ERP-system/30.accounting/020.architecture/187_ERP_AUTHORITY_REGISTRY_MATURITY_ASSIGNMENT_HEADERS.md	redistributed	copied to module layer and archived source from foundation
redistribute	/data/data/com.termux/files/home/02.ERP-system/00.foundation/900.meta/913.module-redistribution-archive/20260422_202743/020.architecture/188_ERP_AUTHORITY_REGISTRY_MATURITY_ASSIGNMENT_SETTLEMENT_AR_AP_APPROVAL.md	30.accounting	020.architecture	/data/data/com.termux/files/home/02.ERP-system/30.accounting/020.architecture/188_ERP_AUTHORITY_REGISTRY_MATURITY_ASSIGNMENT_SETTLEMENT_AR_AP_APPROVAL.md	redistributed	copied to module layer and archived source from foundation
redistribute	/data/data/com.termux/files/home/02.ERP-system/00.foundation/900.meta/913.module-redistribution-archive/20260422_202743/020.architecture/189_ERP_FROZEN_AUTHORITY_CANDIDATE_SHORTLIST.md	30.accounting	020.architecture	/data/data/com.termux/files/home/02.ERP-system/30.accounting/020.architecture/189_ERP_FROZEN_AUTHORITY_CANDIDATE_SHORTLIST.md	redistributed	copied to module layer and archived source from foundation
redistribute	/data/data/com.termux/files/home/02.ERP-system/00.foundation/900.meta/913.module-redistribution-archive/20260422_202743/020.architecture/190_ERP_NON_FROZEN_AUTHORITY_REVIEW_QUEUE.md	30.accounting	020.architecture	/data/data/com.termux/files/home/02.ERP-system/30.accounting/020.architecture/190_ERP_NON_FROZEN_AUTHORITY_REVIEW_QUEUE.md	redistributed	copied to module layer and archived source from foundation
redistribute	/data/data/com.termux/files/home/02.ERP-system/00.foundation/900.meta/913.module-redistribution-archive/20260422_202743/020.architecture/191_ERP_AUTHORITY_UNRESOLVED_QUESTIONS.md	30.accounting	020.architecture	/data/data/com.termux/files/home/02.ERP-system/30.accounting/020.architecture/191_ERP_AUTHORITY_UNRESOLVED_QUESTIONS.md	redistributed	copied to module layer and archived source from foundation
redistribute	/data/data/com.termux/files/home/02.ERP-system/00.foundation/900.meta/913.module-redistribution-archive/20260422_202743/020.architecture/192_ERP_AUTHORITY_NEXT_VERIFICATION_QUEUE.md	30.accounting	020.architecture	/data/data/com.termux/files/home/02.ERP-system/30.accounting/020.architecture/192_ERP_AUTHORITY_NEXT_VERIFICATION_QUEUE.md	redistributed	copied to module layer and archived source from foundation
redistribute	/data/data/com.termux/files/home/02.ERP-system/00.foundation/900.meta/913.module-redistribution-archive/20260422_202743/020.architecture/193_ERP_AUTHORITY_REGISTRY_MATURITY_SUMMARY.md	30.accounting	020.architecture	/data/data/com.termux/files/home/02.ERP-system/30.accounting/020.architecture/193_ERP_AUTHORITY_REGISTRY_MATURITY_SUMMARY.md	redistributed	copied to module layer and archived source from foundation
redistribute	/data/data/com.termux/files/home/02.ERP-system/00.foundation/900.meta/913.module-redistribution-archive/20260422_202743/020.architecture/194_ERP_FROZEN_CANDIDATE_NAVIGATION_NOTE.md	30.accounting	020.architecture	/data/data/com.termux/files/home/02.ERP-system/30.accounting/020.architecture/194_ERP_FROZEN_CANDIDATE_NAVIGATION_NOTE.md	redistributed	copied to module layer and archived source from foundation
redistribute	/data/data/com.termux/files/home/02.ERP-system/00.foundation/900.meta/913.module-redistribution-archive/20260422_202743/020.architecture/195_ERP_FROZEN_CANDIDATE_ROOT_PATCH.md	30.accounting	020.architecture	/data/data/com.termux/files/home/02.ERP-system/30.accounting/020.architecture/195_ERP_FROZEN_CANDIDATE_ROOT_PATCH.md	redistributed	copied to module layer and archived source from foundation
redistribute	/data/data/com.termux/files/home/02.ERP-system/00.foundation/900.meta/913.module-redistribution-archive/20260422_202743/020.architecture/196_DESIGN_MASTER_INDEX_FROZEN_CANDIDATE_PATCH.md	30.accounting	020.architecture	/data/data/com.termux/files/home/02.ERP-system/30.accounting/020.architecture/196_DESIGN_MASTER_INDEX_FROZEN_CANDIDATE_PATCH.md	redistributed	copied to module layer and archived source from foundation
redistribute	/data/data/com.termux/files/home/02.ERP-system/00.foundation/900.meta/913.module-redistribution-archive/20260422_202743/020.architecture/197_ERP_SYSTEM_MASTER_INDEX_FROZEN_CANDIDATE_PATCH.md	30.accounting	020.architecture	/data/data/com.termux/files/home/02.ERP-system/30.accounting/020.architecture/197_ERP_SYSTEM_MASTER_INDEX_FROZEN_CANDIDATE_PATCH.md	redistributed	copied to module layer and archived source from foundation
redistribute	/data/data/com.termux/files/home/02.ERP-system/00.foundation/900.meta/913.module-redistribution-archive/20260422_202743/020.architecture/198_ERP_FROZEN_CANDIDATE_ROOT_NAVIGATION_RULE.md	30.accounting	020.architecture	/data/data/com.termux/files/home/02.ERP-system/30.accounting/020.architecture/198_ERP_FROZEN_CANDIDATE_ROOT_NAVIGATION_RULE.md	redistributed	copied to module layer and archived source from foundation
redistribute	/data/data/com.termux/files/home/02.ERP-system/00.foundation/900.meta/913.module-redistribution-archive/20260422_202743/020.architecture/199_ERP_AUTHORITY_PROMOTION_CURRENT_STATE.md	30.accounting	020.architecture	/data/data/com.termux/files/home/02.ERP-system/30.accounting/020.architecture/199_ERP_AUTHORITY_PROMOTION_CURRENT_STATE.md	redistributed	copied to module layer and archived source from foundation
redistribute	/data/data/com.termux/files/home/02.ERP-system/00.foundation/900.meta/913.module-redistribution-archive/20260422_202743/020.architecture/200_ERP_AUTHORITY_PROMOTION_ROADMAP.md	30.accounting	020.architecture	/data/data/com.termux/files/home/02.ERP-system/30.accounting/020.architecture/200_ERP_AUTHORITY_PROMOTION_ROADMAP.md	redistributed	copied to module layer and archived source from foundation
redistribute	/data/data/com.termux/files/home/02.ERP-system/00.foundation/900.meta/913.module-redistribution-archive/20260422_202743/020.architecture/201_ERP_AUTHORITY_PROMOTION_NEXT_ACTIONS.md	30.accounting	020.architecture	/data/data/com.termux/files/home/02.ERP-system/30.accounting/020.architecture/201_ERP_AUTHORITY_PROMOTION_NEXT_ACTIONS.md	redistributed	copied to module layer and archived source from foundation
redistribute	/data/data/com.termux/files/home/02.ERP-system/00.foundation/900.meta/913.module-redistribution-archive/20260422_202743/020.architecture/202_ERP_AUTHORITY_PROMOTION_DECISION_LOG.md	30.accounting	020.architecture	/data/data/com.termux/files/home/02.ERP-system/30.accounting/020.architecture/202_ERP_AUTHORITY_PROMOTION_DECISION_LOG.md	redistributed	copied to module layer and archived source from foundation
redistribute	/data/data/com.termux/files/home/02.ERP-system/00.foundation/900.meta/913.module-redistribution-archive/20260422_202743/020.architecture/203_ERP_AUTHORITY_PROMOTION_NAVIGATION_NOTE.md	30.accounting	020.architecture	/data/data/com.termux/files/home/02.ERP-system/30.accounting/020.architecture/203_ERP_AUTHORITY_PROMOTION_NAVIGATION_NOTE.md	redistributed	copied to module layer and archived source from foundation
redistribute	/data/data/com.termux/files/home/02.ERP-system/00.foundation/900.meta/913.module-redistribution-archive/20260422_202743/020.architecture/204_ERP_AUTHORITY_PROMOTION_ROOT_PATCH.md	30.accounting	020.architecture	/data/data/com.termux/files/home/02.ERP-system/30.accounting/020.architecture/204_ERP_AUTHORITY_PROMOTION_ROOT_PATCH.md	redistributed	copied to module layer and archived source from foundation
redistribute	/data/data/com.termux/files/home/02.ERP-system/00.foundation/900.meta/913.module-redistribution-archive/20260422_202743/020.architecture/205_DESIGN_MASTER_INDEX_AUTHORITY_PROMOTION_PATCH.md	30.accounting	020.architecture	/data/data/com.termux/files/home/02.ERP-system/30.accounting/020.architecture/205_DESIGN_MASTER_INDEX_AUTHORITY_PROMOTION_PATCH.md	redistributed	copied to module layer and archived source from foundation
redistribute	/data/data/com.termux/files/home/02.ERP-system/00.foundation/900.meta/913.module-redistribution-archive/20260422_202743/020.architecture/206_ERP_SYSTEM_MASTER_INDEX_AUTHORITY_PROMOTION_PATCH.md	30.accounting	020.architecture	/data/data/com.termux/files/home/02.ERP-system/30.accounting/020.architecture/206_ERP_SYSTEM_MASTER_INDEX_AUTHORITY_PROMOTION_PATCH.md	redistributed	copied to module layer and archived source from foundation
redistribute	/data/data/com.termux/files/home/02.ERP-system/00.foundation/900.meta/913.module-redistribution-archive/20260422_202743/020.architecture/207_ERP_AUTHORITY_PROMOTION_ROOT_NAVIGATION_RULE.md	30.accounting	020.architecture	/data/data/com.termux/files/home/02.ERP-system/30.accounting/020.architecture/207_ERP_AUTHORITY_PROMOTION_ROOT_NAVIGATION_RULE.md	redistributed	copied to module layer and archived source from foundation
redistribute	/data/data/com.termux/files/home/02.ERP-system/00.foundation/900.meta/913.module-redistribution-archive/20260422_202743/020.architecture/208_ERP_FROZEN_AUTHORITY_REGISTRY_CANDIDATE_OVERVIEW.md	30.accounting	020.architecture	/data/data/com.termux/files/home/02.ERP-system/30.accounting/020.architecture/208_ERP_FROZEN_AUTHORITY_REGISTRY_CANDIDATE_OVERVIEW.md	redistributed	copied to module layer and archived source from foundation
redistribute	/data/data/com.termux/files/home/02.ERP-system/00.foundation/900.meta/913.module-redistribution-archive/20260422_202743/020.architecture/209_ERP_FROZEN_AUTHORITY_REGISTRY_CANDIDATE_RUNTIME_SUPPORT_AND_HISTORY.md	30.accounting	020.architecture	/data/data/com.termux/files/home/02.ERP-system/30.accounting/020.architecture/209_ERP_FROZEN_AUTHORITY_REGISTRY_CANDIDATE_RUNTIME_SUPPORT_AND_HISTORY.md	redistributed	copied to module layer and archived source from foundation
redistribute	/data/data/com.termux/files/home/02.ERP-system/00.foundation/900.meta/913.module-redistribution-archive/20260422_202743/020.architecture/210_ERP_FROZEN_AUTHORITY_REGISTRY_CANDIDATE_HEADERS_AND_PROJECTIONS.md	30.accounting	020.architecture	/data/data/com.termux/files/home/02.ERP-system/30.accounting/020.architecture/210_ERP_FROZEN_AUTHORITY_REGISTRY_CANDIDATE_HEADERS_AND_PROJECTIONS.md	redistributed	copied to module layer and archived source from foundation
redistribute	/data/data/com.termux/files/home/02.ERP-system/00.foundation/900.meta/913.module-redistribution-archive/20260422_202743/020.architecture/212_ERP_FROZEN_AUTHORITY_REGISTRY_CANDIDATE_SUMMARY.md	30.accounting	020.architecture	/data/data/com.termux/files/home/02.ERP-system/30.accounting/020.architecture/212_ERP_FROZEN_AUTHORITY_REGISTRY_CANDIDATE_SUMMARY.md	redistributed	copied to module layer and archived source from foundation
redistribute	/data/data/com.termux/files/home/02.ERP-system/00.foundation/900.meta/913.module-redistribution-archive/20260422_202743/020.architecture/213_ERP_PRE_FREEZE_LAYER_NAVIGATION_NOTE.md	30.accounting	020.architecture	/data/data/com.termux/files/home/02.ERP-system/30.accounting/020.architecture/213_ERP_PRE_FREEZE_LAYER_NAVIGATION_NOTE.md	redistributed	copied to module layer and archived source from foundation
redistribute	/data/data/com.termux/files/home/02.ERP-system/00.foundation/900.meta/913.module-redistribution-archive/20260422_202743/020.architecture/214_ERP_PRE_FREEZE_LAYER_ROOT_PATCH.md	30.accounting	020.architecture	/data/data/com.termux/files/home/02.ERP-system/30.accounting/020.architecture/214_ERP_PRE_FREEZE_LAYER_ROOT_PATCH.md	redistributed	copied to module layer and archived source from foundation
redistribute	/data/data/com.termux/files/home/02.ERP-system/00.foundation/900.meta/913.module-redistribution-archive/20260422_202743/020.architecture/215_DESIGN_MASTER_INDEX_PRE_FREEZE_PATCH.md	30.accounting	020.architecture	/data/data/com.termux/files/home/02.ERP-system/30.accounting/020.architecture/215_DESIGN_MASTER_INDEX_PRE_FREEZE_PATCH.md	redistributed	copied to module layer and archived source from foundation
redistribute	/data/data/com.termux/files/home/02.ERP-system/00.foundation/900.meta/913.module-redistribution-archive/20260422_202743/020.architecture/216_ERP_SYSTEM_MASTER_INDEX_PRE_FREEZE_PATCH.md	30.accounting	020.architecture	/data/data/com.termux/files/home/02.ERP-system/30.accounting/020.architecture/216_ERP_SYSTEM_MASTER_INDEX_PRE_FREEZE_PATCH.md	redistributed	copied to module layer and archived source from foundation
redistribute	/data/data/com.termux/files/home/02.ERP-system/00.foundation/900.meta/913.module-redistribution-archive/20260422_202743/020.architecture/217_ERP_PRE_FREEZE_ROOT_NAVIGATION_RULE.md	30.accounting	020.architecture	/data/data/com.termux/files/home/02.ERP-system/30.accounting/020.architecture/217_ERP_PRE_FREEZE_ROOT_NAVIGATION_RULE.md	redistributed	copied to module layer and archived source from foundation
redistribute	/data/data/com.termux/files/home/02.ERP-system/00.foundation/900.meta/913.module-redistribution-archive/20260422_202743/020.architecture/218_ERP_FREEZE_READY_VERIFICATION_SET_OVERVIEW.md	30.accounting	020.architecture	/data/data/com.termux/files/home/02.ERP-system/30.accounting/020.architecture/218_ERP_FREEZE_READY_VERIFICATION_SET_OVERVIEW.md	redistributed	copied to module layer and archived source from foundation
redistribute	/data/data/com.termux/files/home/02.ERP-system/00.foundation/900.meta/913.module-redistribution-archive/20260422_202743/020.architecture/219_ERP_RUNTIME_FINAL_VERIFICATION_PLAN.md	30.accounting	020.architecture	/data/data/com.termux/files/home/02.ERP-system/30.accounting/020.architecture/219_ERP_RUNTIME_FINAL_VERIFICATION_PLAN.md	redistributed	copied to module layer and archived source from foundation
redistribute	/data/data/com.termux/files/home/02.ERP-system/00.foundation/900.meta/913.module-redistribution-archive/20260422_202743/020.architecture/220_ERP_SETTLEMENT_AND_AR_AP_FINAL_VERIFICATION_PLAN.md	30.accounting	020.architecture	/data/data/com.termux/files/home/02.ERP-system/30.accounting/020.architecture/220_ERP_SETTLEMENT_AND_AR_AP_FINAL_VERIFICATION_PLAN.md	redistributed	copied to module layer and archived source from foundation
redistribute	/data/data/com.termux/files/home/02.ERP-system/00.foundation/900.meta/913.module-redistribution-archive/20260422_202743/020.architecture/221_ERP_APPROVAL_FINAL_VERIFICATION_PLAN.md	30.accounting	020.architecture	/data/data/com.termux/files/home/02.ERP-system/30.accounting/020.architecture/221_ERP_APPROVAL_FINAL_VERIFICATION_PLAN.md	redistributed	copied to module layer and archived source from foundation
redistribute	/data/data/com.termux/files/home/02.ERP-system/00.foundation/900.meta/913.module-redistribution-archive/20260422_202743/020.architecture/222_ERP_FREEZE_READY_CANDIDATE_AND_HOLD_SPLIT.md	30.accounting	020.architecture	/data/data/com.termux/files/home/02.ERP-system/30.accounting/020.architecture/222_ERP_FREEZE_READY_CANDIDATE_AND_HOLD_SPLIT.md	redistributed	copied to module layer and archived source from foundation
redistribute	/data/data/com.termux/files/home/02.ERP-system/00.foundation/900.meta/913.module-redistribution-archive/20260422_202743/020.architecture/223_ERP_FROZEN_AUTHORITY_REGISTRY_V1_TEMPLATE.md	30.accounting	020.architecture	/data/data/com.termux/files/home/02.ERP-system/30.accounting/020.architecture/223_ERP_FROZEN_AUTHORITY_REGISTRY_V1_TEMPLATE.md	redistributed	copied to module layer and archived source from foundation
redistribute	/data/data/com.termux/files/home/02.ERP-system/00.foundation/900.meta/913.module-redistribution-archive/20260422_202743/020.architecture/224_ERP_FROZEN_AUTHORITY_REGISTRY_V1_PREPARATION_SUMMARY.md	30.accounting	020.architecture	/data/data/com.termux/files/home/02.ERP-system/30.accounting/020.architecture/224_ERP_FROZEN_AUTHORITY_REGISTRY_V1_PREPARATION_SUMMARY.md	redistributed	copied to module layer and archived source from foundation
redistribute	/data/data/com.termux/files/home/02.ERP-system/00.foundation/900.meta/913.module-redistribution-archive/20260422_202743/020.architecture/225_ERP_FREEZE_READY_NAVIGATION_NOTE.md	30.accounting	020.architecture	/data/data/com.termux/files/home/02.ERP-system/30.accounting/020.architecture/225_ERP_FREEZE_READY_NAVIGATION_NOTE.md	redistributed	copied to module layer and archived source from foundation
redistribute	/data/data/com.termux/files/home/02.ERP-system/00.foundation/900.meta/913.module-redistribution-archive/20260422_202743/020.architecture/226_ERP_FREEZE_READY_ROOT_PATCH.md	30.accounting	020.architecture	/data/data/com.termux/files/home/02.ERP-system/30.accounting/020.architecture/226_ERP_FREEZE_READY_ROOT_PATCH.md	redistributed	copied to module layer and archived source from foundation
redistribute	/data/data/com.termux/files/home/02.ERP-system/00.foundation/900.meta/913.module-redistribution-archive/20260422_202743/020.architecture/227_DESIGN_MASTER_INDEX_FREEZE_READY_PATCH.md	30.accounting	020.architecture	/data/data/com.termux/files/home/02.ERP-system/30.accounting/020.architecture/227_DESIGN_MASTER_INDEX_FREEZE_READY_PATCH.md	redistributed	copied to module layer and archived source from foundation
redistribute	/data/data/com.termux/files/home/02.ERP-system/00.foundation/900.meta/913.module-redistribution-archive/20260422_202743/020.architecture/228_ERP_SYSTEM_MASTER_INDEX_FREEZE_READY_PATCH.md	30.accounting	020.architecture	/data/data/com.termux/files/home/02.ERP-system/30.accounting/020.architecture/228_ERP_SYSTEM_MASTER_INDEX_FREEZE_READY_PATCH.md	redistributed	copied to module layer and archived source from foundation
redistribute	/data/data/com.termux/files/home/02.ERP-system/00.foundation/900.meta/913.module-redistribution-archive/20260422_202743/020.architecture/229_ERP_FREEZE_READY_ROOT_NAVIGATION_RULE.md	30.accounting	020.architecture	/data/data/com.termux/files/home/02.ERP-system/30.accounting/020.architecture/229_ERP_FREEZE_READY_ROOT_NAVIGATION_RULE.md	redistributed	copied to module layer and archived source from foundation
redistribute	/data/data/com.termux/files/home/02.ERP-system/00.foundation/900.meta/913.module-redistribution-archive/20260422_202743/020.architecture/230_ERP_FROZEN_AUTHORITY_REGISTRY_V1_OVERVIEW.md	30.accounting	020.architecture	/data/data/com.termux/files/home/02.ERP-system/30.accounting/020.architecture/230_ERP_FROZEN_AUTHORITY_REGISTRY_V1_OVERVIEW.md	redistributed	copied to module layer and archived source from foundation
redistribute	/data/data/com.termux/files/home/02.ERP-system/00.foundation/900.meta/913.module-redistribution-archive/20260422_202743/020.architecture/231_ERP_FROZEN_AUTHORITY_REGISTRY_V1_RUNTIME_SUPPORT_AND_HISTORY.md	30.accounting	020.architecture	/data/data/com.termux/files/home/02.ERP-system/30.accounting/020.architecture/231_ERP_FROZEN_AUTHORITY_REGISTRY_V1_RUNTIME_SUPPORT_AND_HISTORY.md	redistributed	copied to module layer and archived source from foundation
redistribute	/data/data/com.termux/files/home/02.ERP-system/00.foundation/900.meta/913.module-redistribution-archive/20260422_202743/020.architecture/232_ERP_FROZEN_AUTHORITY_REGISTRY_V1_HEADERS_AND_PROJECTIONS.md	30.accounting	020.architecture	/data/data/com.termux/files/home/02.ERP-system/30.accounting/020.architecture/232_ERP_FROZEN_AUTHORITY_REGISTRY_V1_HEADERS_AND_PROJECTIONS.md	redistributed	copied to module layer and archived source from foundation
redistribute	/data/data/com.termux/files/home/02.ERP-system/00.foundation/900.meta/913.module-redistribution-archive/20260422_202743/020.architecture/234_ERP_FROZEN_AUTHORITY_REGISTRY_V1_DEFERRED_ENTRIES.md	30.accounting	020.architecture	/data/data/com.termux/files/home/02.ERP-system/30.accounting/020.architecture/234_ERP_FROZEN_AUTHORITY_REGISTRY_V1_DEFERRED_ENTRIES.md	redistributed	copied to module layer and archived source from foundation
redistribute	/data/data/com.termux/files/home/02.ERP-system/00.foundation/900.meta/913.module-redistribution-archive/20260422_202743/020.architecture/235_ERP_FROZEN_AUTHORITY_REGISTRY_V1_SUMMARY.md	30.accounting	020.architecture	/data/data/com.termux/files/home/02.ERP-system/30.accounting/020.architecture/235_ERP_FROZEN_AUTHORITY_REGISTRY_V1_SUMMARY.md	redistributed	copied to module layer and archived source from foundation
redistribute	/data/data/com.termux/files/home/02.ERP-system/00.foundation/900.meta/913.module-redistribution-archive/20260422_202743/020.architecture/236_ERP_FROZEN_AUTHORITY_REGISTRY_V1_NAVIGATION_NOTE.md	30.accounting	020.architecture	/data/data/com.termux/files/home/02.ERP-system/30.accounting/020.architecture/236_ERP_FROZEN_AUTHORITY_REGISTRY_V1_NAVIGATION_NOTE.md	redistributed	copied to module layer and archived source from foundation
redistribute	/data/data/com.termux/files/home/02.ERP-system/00.foundation/900.meta/913.module-redistribution-archive/20260422_202743/020.architecture/237_ERP_FROZEN_AUTHORITY_REGISTRY_V1_ROOT_PATCH.md	30.accounting	020.architecture	/data/data/com.termux/files/home/02.ERP-system/30.accounting/020.architecture/237_ERP_FROZEN_AUTHORITY_REGISTRY_V1_ROOT_PATCH.md	redistributed	copied to module layer and archived source from foundation
redistribute	/data/data/com.termux/files/home/02.ERP-system/00.foundation/900.meta/913.module-redistribution-archive/20260422_202743/020.architecture/238_DESIGN_MASTER_INDEX_FROZEN_REGISTRY_V1_PATCH.md	30.accounting	020.architecture	/data/data/com.termux/files/home/02.ERP-system/30.accounting/020.architecture/238_DESIGN_MASTER_INDEX_FROZEN_REGISTRY_V1_PATCH.md	redistributed	copied to module layer and archived source from foundation
redistribute	/data/data/com.termux/files/home/02.ERP-system/00.foundation/900.meta/913.module-redistribution-archive/20260422_202743/020.architecture/239_ERP_SYSTEM_MASTER_INDEX_FROZEN_REGISTRY_V1_PATCH.md	30.accounting	020.architecture	/data/data/com.termux/files/home/02.ERP-system/30.accounting/020.architecture/239_ERP_SYSTEM_MASTER_INDEX_FROZEN_REGISTRY_V1_PATCH.md	redistributed	copied to module layer and archived source from foundation
redistribute	/data/data/com.termux/files/home/02.ERP-system/00.foundation/900.meta/913.module-redistribution-archive/20260422_202743/020.architecture/240_ERP_FROZEN_REGISTRY_V1_ROOT_NAVIGATION_RULE.md	30.accounting	020.architecture	/data/data/com.termux/files/home/02.ERP-system/30.accounting/020.architecture/240_ERP_FROZEN_REGISTRY_V1_ROOT_NAVIGATION_RULE.md	redistributed	copied to module layer and archived source from foundation
redistribute	/data/data/com.termux/files/home/02.ERP-system/00.foundation/900.meta/913.module-redistribution-archive/20260422_202743/020.architecture/241_ERP_FROZEN_V1_DEFERRED_NEXT_CYCLE_NOTE.md	30.accounting	020.architecture	/data/data/com.termux/files/home/02.ERP-system/30.accounting/020.architecture/241_ERP_FROZEN_V1_DEFERRED_NEXT_CYCLE_NOTE.md	redistributed	copied to module layer and archived source from foundation
redistribute	/data/data/com.termux/files/home/02.ERP-system/00.foundation/900.meta/913.module-redistribution-archive/20260422_202743/020.architecture/242_ERP_FROZEN_V2_PREPARATION_ROADMAP.md	30.accounting	020.architecture	/data/data/com.termux/files/home/02.ERP-system/30.accounting/020.architecture/242_ERP_FROZEN_V2_PREPARATION_ROADMAP.md	redistributed	copied to module layer and archived source from foundation
redistribute	/data/data/com.termux/files/home/02.ERP-system/00.foundation/900.meta/913.module-redistribution-archive/20260422_202743/020.architecture/243_ERP_DEFERRED_AUTHORITY_REVIEW_ORDER.md	30.accounting	020.architecture	/data/data/com.termux/files/home/02.ERP-system/30.accounting/020.architecture/243_ERP_DEFERRED_AUTHORITY_REVIEW_ORDER.md	redistributed	copied to module layer and archived source from foundation
redistribute	/data/data/com.termux/files/home/02.ERP-system/00.foundation/900.meta/913.module-redistribution-archive/20260422_202743/020.architecture/244_ERP_DEFERRED_AUTHORITY_EVIDENCE_BACKLOG.md	30.accounting	020.architecture	/data/data/com.termux/files/home/02.ERP-system/30.accounting/020.architecture/244_ERP_DEFERRED_AUTHORITY_EVIDENCE_BACKLOG.md	redistributed	copied to module layer and archived source from foundation
redistribute	/data/data/com.termux/files/home/02.ERP-system/00.foundation/900.meta/913.module-redistribution-archive/20260422_202743/020.architecture/245_ERP_FROZEN_V2_ENTRY_CONDITIONS.md	30.accounting	020.architecture	/data/data/com.termux/files/home/02.ERP-system/30.accounting/020.architecture/245_ERP_FROZEN_V2_ENTRY_CONDITIONS.md	redistributed	copied to module layer and archived source from foundation
redistribute	/data/data/com.termux/files/home/02.ERP-system/00.foundation/900.meta/913.module-redistribution-archive/20260422_202743/020.architecture/246_ERP_POST_V1_PROMOTION_SUMMARY.md	30.accounting	020.architecture	/data/data/com.termux/files/home/02.ERP-system/30.accounting/020.architecture/246_ERP_POST_V1_PROMOTION_SUMMARY.md	redistributed	copied to module layer and archived source from foundation
redistribute	/data/data/com.termux/files/home/02.ERP-system/00.foundation/900.meta/913.module-redistribution-archive/20260422_202743/020.architecture/247_ERP_FROZEN_V2_NAVIGATION_NOTE.md	30.accounting	020.architecture	/data/data/com.termux/files/home/02.ERP-system/30.accounting/020.architecture/247_ERP_FROZEN_V2_NAVIGATION_NOTE.md	redistributed	copied to module layer and archived source from foundation
redistribute	/data/data/com.termux/files/home/02.ERP-system/00.foundation/900.meta/913.module-redistribution-archive/20260422_202743/020.architecture/248_ERP_FROZEN_V2_ROOT_PATCH.md	30.accounting	020.architecture	/data/data/com.termux/files/home/02.ERP-system/30.accounting/020.architecture/248_ERP_FROZEN_V2_ROOT_PATCH.md	redistributed	copied to module layer and archived source from foundation
redistribute	/data/data/com.termux/files/home/02.ERP-system/00.foundation/900.meta/913.module-redistribution-archive/20260422_202743/020.architecture/249_DESIGN_MASTER_INDEX_FROZEN_V2_PATCH.md	30.accounting	020.architecture	/data/data/com.termux/files/home/02.ERP-system/30.accounting/020.architecture/249_DESIGN_MASTER_INDEX_FROZEN_V2_PATCH.md	redistributed	copied to module layer and archived source from foundation
redistribute	/data/data/com.termux/files/home/02.ERP-system/00.foundation/900.meta/913.module-redistribution-archive/20260422_202743/020.architecture/249_ERP_DESIGN_COVERAGE_CURRENT_STATE.md	30.accounting	020.architecture	/data/data/com.termux/files/home/02.ERP-system/30.accounting/020.architecture/249_ERP_DESIGN_COVERAGE_CURRENT_STATE.md	redistributed	copied to module layer and archived source from foundation
redistribute	/data/data/com.termux/files/home/02.ERP-system/00.foundation/900.meta/913.module-redistribution-archive/20260422_202743/020.architecture/250_ERP_BUSINESS_DESIGN_ROADMAP.md	30.accounting	020.architecture	/data/data/com.termux/files/home/02.ERP-system/30.accounting/020.architecture/250_ERP_BUSINESS_DESIGN_ROADMAP.md	redistributed	copied to module layer and archived source from foundation
redistribute	/data/data/com.termux/files/home/02.ERP-system/00.foundation/900.meta/913.module-redistribution-archive/20260422_202743/020.architecture/250_ERP_SYSTEM_MASTER_INDEX_FROZEN_V2_PATCH.md	30.accounting	020.architecture	/data/data/com.termux/files/home/02.ERP-system/30.accounting/020.architecture/250_ERP_SYSTEM_MASTER_INDEX_FROZEN_V2_PATCH.md	redistributed	copied to module layer and archived source from foundation
redistribute	/data/data/com.termux/files/home/02.ERP-system/00.foundation/900.meta/913.module-redistribution-archive/20260422_202743/020.architecture/251_ERP_AUDIT_DESIGN_ROADMAP.md	30.accounting	020.architecture	/data/data/com.termux/files/home/02.ERP-system/30.accounting/020.architecture/251_ERP_AUDIT_DESIGN_ROADMAP.md	redistributed	copied to module layer and archived source from foundation
redistribute	/data/data/com.termux/files/home/02.ERP-system/00.foundation/900.meta/913.module-redistribution-archive/20260422_202743/020.architecture/251_ERP_FROZEN_V2_ROOT_NAVIGATION_RULE.md	30.accounting	020.architecture	/data/data/com.termux/files/home/02.ERP-system/30.accounting/020.architecture/251_ERP_FROZEN_V2_ROOT_NAVIGATION_RULE.md	redistributed	copied to module layer and archived source from foundation
redistribute	/data/data/com.termux/files/home/02.ERP-system/00.foundation/900.meta/913.module-redistribution-archive/20260422_202743/020.architecture/252_ERP_MANAGEMENT_DESIGN_ROADMAP.md	30.accounting	020.architecture	/data/data/com.termux/files/home/02.ERP-system/30.accounting/020.architecture/252_ERP_MANAGEMENT_DESIGN_ROADMAP.md	redistributed	copied to module layer and archived source from foundation
redistribute	/data/data/com.termux/files/home/02.ERP-system/00.foundation/900.meta/913.module-redistribution-archive/20260422_202743/020.architecture/252_ERP_V2_OBJECT_EXISTENCE_RESET_RESULTS.md	30.accounting	020.architecture	/data/data/com.termux/files/home/02.ERP-system/30.accounting/020.architecture/252_ERP_V2_OBJECT_EXISTENCE_RESET_RESULTS.md	redistributed	copied to module layer and archived source from foundation
redistribute	/data/data/com.termux/files/home/02.ERP-system/00.foundation/900.meta/913.module-redistribution-archive/20260422_202743/020.architecture/253_ERP_ANALYTICS_DESIGN_ROADMAP.md	30.accounting	020.architecture	/data/data/com.termux/files/home/02.ERP-system/30.accounting/020.architecture/253_ERP_ANALYTICS_DESIGN_ROADMAP.md	redistributed	copied to module layer and archived source from foundation
redistribute	/data/data/com.termux/files/home/02.ERP-system/00.foundation/900.meta/913.module-redistribution-archive/20260422_202743/020.architecture/253_ERP_V2_RUNTIME_REDISCOVERY_PLAN.md	30.accounting	020.architecture	/data/data/com.termux/files/home/02.ERP-system/30.accounting/020.architecture/253_ERP_V2_RUNTIME_REDISCOVERY_PLAN.md	redistributed	copied to module layer and archived source from foundation
redistribute	/data/data/com.termux/files/home/02.ERP-system/00.foundation/900.meta/913.module-redistribution-archive/20260422_202743/020.architecture/254_ERP_UNCOVERED_DOMAIN_PRIORITY_QUEUE.md	30.accounting	020.architecture	/data/data/com.termux/files/home/02.ERP-system/30.accounting/020.architecture/254_ERP_UNCOVERED_DOMAIN_PRIORITY_QUEUE.md	redistributed	copied to module layer and archived source from foundation
redistribute	/data/data/com.termux/files/home/02.ERP-system/00.foundation/900.meta/913.module-redistribution-archive/20260422_202743/020.architecture/254_ERP_V2_SETTLEMENT_ARAP_REDISCOVERY_PLAN.md	30.accounting	020.architecture	/data/data/com.termux/files/home/02.ERP-system/30.accounting/020.architecture/254_ERP_V2_SETTLEMENT_ARAP_REDISCOVERY_PLAN.md	redistributed	copied to module layer and archived source from foundation
redistribute	/data/data/com.termux/files/home/02.ERP-system/00.foundation/900.meta/913.module-redistribution-archive/20260422_202743/020.architecture/255_ERP_V2_APPROVAL_REDISCOVERY_PLAN.md	30.accounting	020.architecture	/data/data/com.termux/files/home/02.ERP-system/30.accounting/020.architecture/255_ERP_V2_APPROVAL_REDISCOVERY_PLAN.md	redistributed	copied to module layer and archived source from foundation
redistribute	/data/data/com.termux/files/home/02.ERP-system/00.foundation/900.meta/913.module-redistribution-archive/20260422_202743/020.architecture/256_ERP_V2_RESET_AND_REDISCOVERY_SUMMARY.md	30.accounting	020.architecture	/data/data/com.termux/files/home/02.ERP-system/30.accounting/020.architecture/256_ERP_V2_RESET_AND_REDISCOVERY_SUMMARY.md	redistributed	copied to module layer and archived source from foundation
redistribute	/data/data/com.termux/files/home/02.ERP-system/00.foundation/900.meta/913.module-redistribution-archive/20260422_202743/020.architecture/257_ERP_V2_RUNTIME_ACTUAL_RESULTS.md	30.accounting	020.architecture	/data/data/com.termux/files/home/02.ERP-system/30.accounting/020.architecture/257_ERP_V2_RUNTIME_ACTUAL_RESULTS.md	redistributed	copied to module layer and archived source from foundation
redistribute	/data/data/com.termux/files/home/02.ERP-system/00.foundation/900.meta/913.module-redistribution-archive/20260422_202743/020.architecture/258_ERP_V2_SETTLEMENT_ACTUAL_RESULTS.md	30.accounting	020.architecture	/data/data/com.termux/files/home/02.ERP-system/30.accounting/020.architecture/258_ERP_V2_SETTLEMENT_ACTUAL_RESULTS.md	redistributed	copied to module layer and archived source from foundation
redistribute	/data/data/com.termux/files/home/02.ERP-system/00.foundation/900.meta/913.module-redistribution-archive/20260422_202743/020.architecture/259_ERP_V2_APPROVAL_ACTUAL_RESULTS.md	30.accounting	020.architecture	/data/data/com.termux/files/home/02.ERP-system/30.accounting/020.architecture/259_ERP_V2_APPROVAL_ACTUAL_RESULTS.md	redistributed	copied to module layer and archived source from foundation
redistribute	/data/data/com.termux/files/home/02.ERP-system/00.foundation/900.meta/913.module-redistribution-archive/20260422_202743/020.architecture/260_ERP_V2_ARAP_NAME_GAP_RESULTS.md	30.accounting	020.architecture	/data/data/com.termux/files/home/02.ERP-system/30.accounting/020.architecture/260_ERP_V2_ARAP_NAME_GAP_RESULTS.md	redistributed	copied to module layer and archived source from foundation
redistribute	/data/data/com.termux/files/home/02.ERP-system/00.foundation/900.meta/913.module-redistribution-archive/20260422_202743/020.architecture/261_ERP_V2_ACTUAL_RESULTS_INTERPRETATION.md	30.accounting	020.architecture	/data/data/com.termux/files/home/02.ERP-system/30.accounting/020.architecture/261_ERP_V2_ACTUAL_RESULTS_INTERPRETATION.md	redistributed	copied to module layer and archived source from foundation
redistribute	/data/data/com.termux/files/home/02.ERP-system/00.foundation/900.meta/913.module-redistribution-archive/20260422_202743/020.architecture/262_ERP_V2_NEXT_ACTIONS_AFTER_ACTUAL_RESULTS.md	30.accounting	020.architecture	/data/data/com.termux/files/home/02.ERP-system/30.accounting/020.architecture/262_ERP_V2_NEXT_ACTIONS_AFTER_ACTUAL_RESULTS.md	redistributed	copied to module layer and archived source from foundation
redistribute	/data/data/com.termux/files/home/02.ERP-system/00.foundation/900.meta/913.module-redistribution-archive/20260422_202743/020.architecture/263_ERP_V2_CANDIDATE_SHORTLIST.md	30.accounting	020.architecture	/data/data/com.termux/files/home/02.ERP-system/30.accounting/020.architecture/263_ERP_V2_CANDIDATE_SHORTLIST.md	redistributed	copied to module layer and archived source from foundation
redistribute	/data/data/com.termux/files/home/02.ERP-system/00.foundation/900.meta/913.module-redistribution-archive/20260422_202743/020.architecture/264_ERP_V2_DEFERRED_QUEUE_REVISED.md	30.accounting	020.architecture	/data/data/com.termux/files/home/02.ERP-system/30.accounting/020.architecture/264_ERP_V2_DEFERRED_QUEUE_REVISED.md	redistributed	copied to module layer and archived source from foundation
redistribute	/data/data/com.termux/files/home/02.ERP-system/00.foundation/900.meta/913.module-redistribution-archive/20260422_202743/020.architecture/265_ERP_V2_APPROVAL_AUTHORITY_REVISION_NOTE.md	30.accounting	020.architecture	/data/data/com.termux/files/home/02.ERP-system/30.accounting/020.architecture/265_ERP_V2_APPROVAL_AUTHORITY_REVISION_NOTE.md	redistributed	copied to module layer and archived source from foundation
redistribute	/data/data/com.termux/files/home/02.ERP-system/00.foundation/900.meta/913.module-redistribution-archive/20260422_202743/020.architecture/266_ERP_V2_RUNTIME_AND_SETTLEMENT_PROMOTION_NOTE.md	30.accounting	020.architecture	/data/data/com.termux/files/home/02.ERP-system/30.accounting/020.architecture/266_ERP_V2_RUNTIME_AND_SETTLEMENT_PROMOTION_NOTE.md	redistributed	copied to module layer and archived source from foundation
redistribute	/data/data/com.termux/files/home/02.ERP-system/00.foundation/900.meta/913.module-redistribution-archive/20260422_202743/020.architecture/267_ERP_V2_ARAP_REDISCOVERY_QUEUE.md	30.accounting	020.architecture	/data/data/com.termux/files/home/02.ERP-system/30.accounting/020.architecture/267_ERP_V2_ARAP_REDISCOVERY_QUEUE.md	redistributed	copied to module layer and archived source from foundation
redistribute	/data/data/com.termux/files/home/02.ERP-system/00.foundation/900.meta/913.module-redistribution-archive/20260422_202743/020.architecture/268_ERP_V2_REVISED_PRIORITY_ORDER.md	30.accounting	020.architecture	/data/data/com.termux/files/home/02.ERP-system/30.accounting/020.architecture/268_ERP_V2_REVISED_PRIORITY_ORDER.md	redistributed	copied to module layer and archived source from foundation
redistribute	/data/data/com.termux/files/home/02.ERP-system/00.foundation/900.meta/913.module-redistribution-archive/20260422_202743/020.architecture/269_ERP_V2_ARAP_REDISCOVERY_ACTUAL_RESULTS.md	30.accounting	020.architecture	/data/data/com.termux/files/home/02.ERP-system/30.accounting/020.architecture/269_ERP_V2_ARAP_REDISCOVERY_ACTUAL_RESULTS.md	redistributed	copied to module layer and archived source from foundation
redistribute	/data/data/com.termux/files/home/02.ERP-system/00.foundation/900.meta/913.module-redistribution-archive/20260422_202743/020.architecture/270_ERP_V2_ARAP_CANDIDATE_REFRAMING_NOTE.md	30.accounting	020.architecture	/data/data/com.termux/files/home/02.ERP-system/30.accounting/020.architecture/270_ERP_V2_ARAP_CANDIDATE_REFRAMING_NOTE.md	redistributed	copied to module layer and archived source from foundation
redistribute	/data/data/com.termux/files/home/02.ERP-system/00.foundation/900.meta/913.module-redistribution-archive/20260422_202743/020.architecture/271_ERP_V2_ARAP_RECEIVABLE_SIDE_WORKING_CANDIDATES.md	30.accounting	020.architecture	/data/data/com.termux/files/home/02.ERP-system/30.accounting/020.architecture/271_ERP_V2_ARAP_RECEIVABLE_SIDE_WORKING_CANDIDATES.md	redistributed	copied to module layer and archived source from foundation
redistribute	/data/data/com.termux/files/home/02.ERP-system/00.foundation/900.meta/913.module-redistribution-archive/20260422_202743/020.architecture/272_ERP_V2_ARAP_PAYABLE_SIDE_WORKING_CANDIDATES.md	30.accounting	020.architecture	/data/data/com.termux/files/home/02.ERP-system/30.accounting/020.architecture/272_ERP_V2_ARAP_PAYABLE_SIDE_WORKING_CANDIDATES.md	redistributed	copied to module layer and archived source from foundation
redistribute	/data/data/com.termux/files/home/02.ERP-system/00.foundation/900.meta/913.module-redistribution-archive/20260422_202743/020.architecture/273_ERP_V2_ARAP_NEXT_DISCOVERY_QUEUE.md	30.accounting	020.architecture	/data/data/com.termux/files/home/02.ERP-system/30.accounting/020.architecture/273_ERP_V2_ARAP_NEXT_DISCOVERY_QUEUE.md	redistributed	copied to module layer and archived source from foundation
redistribute	/data/data/com.termux/files/home/02.ERP-system/00.foundation/900.meta/913.module-redistribution-archive/20260422_202743/020.architecture/274_ERP_V2_ARAP_REDISCOVERY_SUMMARY.md	30.accounting	020.architecture	/data/data/com.termux/files/home/02.ERP-system/30.accounting/020.architecture/274_ERP_V2_ARAP_REDISCOVERY_SUMMARY.md	redistributed	copied to module layer and archived source from foundation
redistribute	/data/data/com.termux/files/home/02.ERP-system/00.foundation/900.meta/913.module-redistribution-archive/20260422_202743/020.architecture/275_ERP_V2_ARAP_CANDIDATE_HIERARCHY_ACTUAL_RESULTS.md	30.accounting	020.architecture	/data/data/com.termux/files/home/02.ERP-system/30.accounting/020.architecture/275_ERP_V2_ARAP_CANDIDATE_HIERARCHY_ACTUAL_RESULTS.md	redistributed	copied to module layer and archived source from foundation
redistribute	/data/data/com.termux/files/home/02.ERP-system/00.foundation/900.meta/913.module-redistribution-archive/20260422_202743/020.architecture/276_ERP_V2_AR_SIDE_WORKING_JUDGMENT.md	30.accounting	020.architecture	/data/data/com.termux/files/home/02.ERP-system/30.accounting/020.architecture/276_ERP_V2_AR_SIDE_WORKING_JUDGMENT.md	redistributed	copied to module layer and archived source from foundation
redistribute	/data/data/com.termux/files/home/02.ERP-system/00.foundation/900.meta/913.module-redistribution-archive/20260422_202743/020.architecture/277_ERP_V2_AP_SIDE_WORKING_JUDGMENT.md	30.accounting	020.architecture	/data/data/com.termux/files/home/02.ERP-system/30.accounting/020.architecture/277_ERP_V2_AP_SIDE_WORKING_JUDGMENT.md	redistributed	copied to module layer and archived source from foundation
redistribute	/data/data/com.termux/files/home/02.ERP-system/00.foundation/900.meta/913.module-redistribution-archive/20260422_202743/020.architecture/278_ERP_V2_ARAP_REVISED_FREEZE_DIRECTION.md	30.accounting	020.architecture	/data/data/com.termux/files/home/02.ERP-system/30.accounting/020.architecture/278_ERP_V2_ARAP_REVISED_FREEZE_DIRECTION.md	redistributed	copied to module layer and archived source from foundation
redistribute	/data/data/com.termux/files/home/02.ERP-system/00.foundation/900.meta/913.module-redistribution-archive/20260422_202743/020.architecture/279_ERP_V2_NEXT_ACTIONS_AFTER_ARAP_HIERARCHY.md	30.accounting	020.architecture	/data/data/com.termux/files/home/02.ERP-system/30.accounting/020.architecture/279_ERP_V2_NEXT_ACTIONS_AFTER_ARAP_HIERARCHY.md	redistributed	copied to module layer and archived source from foundation
redistribute	/data/data/com.termux/files/home/02.ERP-system/00.foundation/900.meta/913.module-redistribution-archive/20260422_202743/020.architecture/280_ERP_V2_ARAP_ROLE_COMPARISON_ACTUAL_RESULTS.md	30.accounting	020.architecture	/data/data/com.termux/files/home/02.ERP-system/30.accounting/020.architecture/280_ERP_V2_ARAP_ROLE_COMPARISON_ACTUAL_RESULTS.md	redistributed	copied to module layer and archived source from foundation
redistribute	/data/data/com.termux/files/home/02.ERP-system/00.foundation/900.meta/913.module-redistribution-archive/20260422_202743/020.architecture/281_ERP_V2_AR_SIDE_ROLE_JUDGMENT_REVISED.md	30.accounting	020.architecture	/data/data/com.termux/files/home/02.ERP-system/30.accounting/020.architecture/281_ERP_V2_AR_SIDE_ROLE_JUDGMENT_REVISED.md	redistributed	copied to module layer and archived source from foundation
redistribute	/data/data/com.termux/files/home/02.ERP-system/00.foundation/900.meta/913.module-redistribution-archive/20260422_202743/020.architecture/282_ERP_V2_AP_SIDE_ROLE_JUDGMENT_REVISED.md	30.accounting	020.architecture	/data/data/com.termux/files/home/02.ERP-system/30.accounting/020.architecture/282_ERP_V2_AP_SIDE_ROLE_JUDGMENT_REVISED.md	redistributed	copied to module layer and archived source from foundation
redistribute	/data/data/com.termux/files/home/02.ERP-system/00.foundation/900.meta/913.module-redistribution-archive/20260422_202743/020.architecture/283_ERP_V2_ARAP_PROMOTION_DIRECTION_REVISED.md	30.accounting	020.architecture	/data/data/com.termux/files/home/02.ERP-system/30.accounting/020.architecture/283_ERP_V2_ARAP_PROMOTION_DIRECTION_REVISED.md	redistributed	copied to module layer and archived source from foundation
redistribute	/data/data/com.termux/files/home/02.ERP-system/00.foundation/900.meta/913.module-redistribution-archive/20260422_202743/020.architecture/284_ERP_V2_SHORTLIST_AND_DEFERRED_UPDATE_NOTE.md	30.accounting	020.architecture	/data/data/com.termux/files/home/02.ERP-system/30.accounting/020.architecture/284_ERP_V2_SHORTLIST_AND_DEFERRED_UPDATE_NOTE.md	redistributed	copied to module layer and archived source from foundation
redistribute	/data/data/com.termux/files/home/02.ERP-system/00.foundation/900.meta/913.module-redistribution-archive/20260422_202743/020.architecture/285_ERP_V2_NEXT_ACTIONS_AFTER_ARAP_ROLE_COMPARE.md	30.accounting	020.architecture	/data/data/com.termux/files/home/02.ERP-system/30.accounting/020.architecture/285_ERP_V2_NEXT_ACTIONS_AFTER_ARAP_ROLE_COMPARE.md	redistributed	copied to module layer and archived source from foundation
redistribute	/data/data/com.termux/files/home/02.ERP-system/00.foundation/900.meta/913.module-redistribution-archive/20260422_202743/020.architecture/286_ERP_V2_CANDIDATE_SHORTLIST_REVISED_AFTER_ARAP.md	30.accounting	020.architecture	/data/data/com.termux/files/home/02.ERP-system/30.accounting/020.architecture/286_ERP_V2_CANDIDATE_SHORTLIST_REVISED_AFTER_ARAP.md	redistributed	copied to module layer and archived source from foundation
redistribute	/data/data/com.termux/files/home/02.ERP-system/00.foundation/900.meta/913.module-redistribution-archive/20260422_202743/020.architecture/287_ERP_V2_DEFERRED_QUEUE_REVISED_AFTER_ARAP.md	30.accounting	020.architecture	/data/data/com.termux/files/home/02.ERP-system/30.accounting/020.architecture/287_ERP_V2_DEFERRED_QUEUE_REVISED_AFTER_ARAP.md	redistributed	copied to module layer and archived source from foundation
redistribute	/data/data/com.termux/files/home/02.ERP-system/00.foundation/900.meta/913.module-redistribution-archive/20260422_202743/020.architecture/288_ERP_V2_PROJECTION_ONLY_SURFACES_NOTE.md	30.accounting	020.architecture	/data/data/com.termux/files/home/02.ERP-system/30.accounting/020.architecture/288_ERP_V2_PROJECTION_ONLY_SURFACES_NOTE.md	redistributed	copied to module layer and archived source from foundation
redistribute	/data/data/com.termux/files/home/02.ERP-system/00.foundation/900.meta/913.module-redistribution-archive/20260422_202743/020.architecture/289_ERP_V2_AR_AP_SCOPE_DECISION_QUEUE.md	30.accounting	020.architecture	/data/data/com.termux/files/home/02.ERP-system/30.accounting/020.architecture/289_ERP_V2_AR_AP_SCOPE_DECISION_QUEUE.md	redistributed	copied to module layer and archived source from foundation
redistribute	/data/data/com.termux/files/home/02.ERP-system/00.foundation/900.meta/913.module-redistribution-archive/20260422_202743/020.architecture/290_ERP_V2_PRIORITY_ORDER_AFTER_ARAP.md	30.accounting	020.architecture	/data/data/com.termux/files/home/02.ERP-system/30.accounting/020.architecture/290_ERP_V2_PRIORITY_ORDER_AFTER_ARAP.md	redistributed	copied to module layer and archived source from foundation
redistribute	/data/data/com.termux/files/home/02.ERP-system/00.foundation/900.meta/913.module-redistribution-archive/20260422_202743/020.architecture/296_ERP_V2_CANDIDATE_SHORTLIST_FINALIZED_PASS.md	30.accounting	020.architecture	/data/data/com.termux/files/home/02.ERP-system/30.accounting/020.architecture/296_ERP_V2_CANDIDATE_SHORTLIST_FINALIZED_PASS.md	redistributed	copied to module layer and archived source from foundation
redistribute	/data/data/com.termux/files/home/02.ERP-system/00.foundation/900.meta/913.module-redistribution-archive/20260422_202743/020.architecture/297_ERP_V2_DEFERRED_QUEUE_FINALIZED_PASS.md	30.accounting	020.architecture	/data/data/com.termux/files/home/02.ERP-system/30.accounting/020.architecture/297_ERP_V2_DEFERRED_QUEUE_FINALIZED_PASS.md	redistributed	copied to module layer and archived source from foundation
redistribute	/data/data/com.termux/files/home/02.ERP-system/00.foundation/900.meta/913.module-redistribution-archive/20260422_202743/020.architecture/298_ERP_V2_APPROVAL_LAYERED_DECISION_NOTE.md	30.accounting	020.architecture	/data/data/com.termux/files/home/02.ERP-system/30.accounting/020.architecture/298_ERP_V2_APPROVAL_LAYERED_DECISION_NOTE.md	redistributed	copied to module layer and archived source from foundation
redistribute	/data/data/com.termux/files/home/02.ERP-system/00.foundation/900.meta/913.module-redistribution-archive/20260422_202743/020.architecture/299_ERP_V2_SURFACE_FREEZE_REVIEW_QUEUE.md	30.accounting	020.architecture	/data/data/com.termux/files/home/02.ERP-system/30.accounting/020.architecture/299_ERP_V2_SURFACE_FREEZE_REVIEW_QUEUE.md	redistributed	copied to module layer and archived source from foundation
redistribute	/data/data/com.termux/files/home/02.ERP-system/00.foundation/900.meta/913.module-redistribution-archive/20260422_202743/020.architecture/502_ERP_V3_BOUNDARY_DEEPER_PASS_CURRENT_STATE.md	30.accounting	020.architecture	/data/data/com.termux/files/home/02.ERP-system/30.accounting/020.architecture/502_ERP_V3_BOUNDARY_DEEPER_PASS_CURRENT_STATE.md	redistributed	copied to module layer and archived source from foundation
redistribute	/data/data/com.termux/files/home/02.ERP-system/00.foundation/900.meta/913.module-redistribution-archive/20260422_202743/020.architecture/504_ERP_V3_BUSINESS_TO_AUDIT_LINKED_OBJECT_MATRIX.md	30.accounting	020.architecture	/data/data/com.termux/files/home/02.ERP-system/30.accounting/020.architecture/504_ERP_V3_BUSINESS_TO_AUDIT_LINKED_OBJECT_MATRIX.md	redistributed	copied to module layer and archived source from foundation
redistribute	/data/data/com.termux/files/home/02.ERP-system/00.foundation/900.meta/913.module-redistribution-archive/20260422_202743/020.architecture/505_ERP_V3_MANAGEMENT_TO_AUDIT_LINKED_OBJECT_MATRIX.md	30.accounting	020.architecture	/data/data/com.termux/files/home/02.ERP-system/30.accounting/020.architecture/505_ERP_V3_MANAGEMENT_TO_AUDIT_LINKED_OBJECT_MATRIX.md	redistributed	copied to module layer and archived source from foundation
redistribute	/data/data/com.termux/files/home/02.ERP-system/00.foundation/900.meta/913.module-redistribution-archive/20260422_202743/020.architecture/506_ERP_V3_RULE_CONTROL_TRUTH_VS_AUDIT_TRUTH_DEEPER.md	30.accounting	020.architecture	/data/data/com.termux/files/home/02.ERP-system/30.accounting/020.architecture/506_ERP_V3_RULE_CONTROL_TRUTH_VS_AUDIT_TRUTH_DEEPER.md	redistributed	copied to module layer and archived source from foundation
redistribute	/data/data/com.termux/files/home/02.ERP-system/00.foundation/900.meta/913.module-redistribution-archive/20260422_202743/020.architecture/507_ERP_V3_HANDOFF_AND_RECONCILIATION_BOUNDARY_RULES.md	30.accounting	020.architecture	/data/data/com.termux/files/home/02.ERP-system/30.accounting/020.architecture/507_ERP_V3_HANDOFF_AND_RECONCILIATION_BOUNDARY_RULES.md	redistributed	copied to module layer and archived source from foundation
redistribute	/data/data/com.termux/files/home/02.ERP-system/00.foundation/900.meta/913.module-redistribution-archive/20260422_202743/020.architecture/508_ERP_V3_BOUNDARY_DEEPER_PASS_SUMMARY.md	30.accounting	020.architecture	/data/data/com.termux/files/home/02.ERP-system/30.accounting/020.architecture/508_ERP_V3_BOUNDARY_DEEPER_PASS_SUMMARY.md	redistributed	copied to module layer and archived source from foundation
redistribute	/data/data/com.termux/files/home/02.ERP-system/00.foundation/900.meta/913.module-redistribution-archive/20260422_202743/020.architecture/509_ERP_V3_BOUNDARY_DEEPER_PASS_ROOT_PATCH.md	30.accounting	020.architecture	/data/data/com.termux/files/home/02.ERP-system/30.accounting/020.architecture/509_ERP_V3_BOUNDARY_DEEPER_PASS_ROOT_PATCH.md	redistributed	copied to module layer and archived source from foundation
redistribute	/data/data/com.termux/files/home/02.ERP-system/00.foundation/900.meta/913.module-redistribution-archive/20260422_202743/020.architecture/510_DESIGN_MASTER_INDEX_V3_BOUNDARY_DEEPER_PASS_PATCH.md	30.accounting	020.architecture	/data/data/com.termux/files/home/02.ERP-system/30.accounting/020.architecture/510_DESIGN_MASTER_INDEX_V3_BOUNDARY_DEEPER_PASS_PATCH.md	redistributed	copied to module layer and archived source from foundation
redistribute	/data/data/com.termux/files/home/02.ERP-system/00.foundation/900.meta/913.module-redistribution-archive/20260422_202743/020.architecture/511_ERP_SYSTEM_MASTER_INDEX_V3_BOUNDARY_DEEPER_PASS_PATCH.md	30.accounting	020.architecture	/data/data/com.termux/files/home/02.ERP-system/30.accounting/020.architecture/511_ERP_SYSTEM_MASTER_INDEX_V3_BOUNDARY_DEEPER_PASS_PATCH.md	redistributed	copied to module layer and archived source from foundation
redistribute	/data/data/com.termux/files/home/02.ERP-system/00.foundation/900.meta/913.module-redistribution-archive/20260422_202743/020.architecture/512_ERP_V3_BOUNDARY_DEEPER_PASS_ROOT_NAVIGATION_RULE.md	30.accounting	020.architecture	/data/data/com.termux/files/home/02.ERP-system/30.accounting/020.architecture/512_ERP_V3_BOUNDARY_DEEPER_PASS_ROOT_NAVIGATION_RULE.md	redistributed	copied to module layer and archived source from foundation
redistribute	/data/data/com.termux/files/home/02.ERP-system/00.foundation/900.meta/913.module-redistribution-archive/20260422_202743/020.architecture/DESIGN_MASTER_INDEX.md	30.accounting	020.architecture	/data/data/com.termux/files/home/02.ERP-system/30.accounting/020.architecture/DESIGN_MASTER_INDEX.md	redistributed	copied to module layer and archived source from foundation
redistribute	/data/data/com.termux/files/home/02.ERP-system/00.foundation/900.meta/913.module-redistribution-archive/20260422_202743/020.architecture/ERP_DESIGN_BIBLE_FULL.md	30.accounting	020.architecture	/data/data/com.termux/files/home/02.ERP-system/30.accounting/020.architecture/ERP_DESIGN_BIBLE_FULL.md	redistributed	copied to module layer and archived source from foundation
redistribute	/data/data/com.termux/files/home/02.ERP-system/00.foundation/900.meta/913.module-redistribution-archive/20260422_202743/020.architecture/ERP_SYSTEM_MASTER_INDEX.md	30.accounting	020.architecture	/data/data/com.termux/files/home/02.ERP-system/30.accounting/020.architecture/ERP_SYSTEM_MASTER_INDEX.md	redistributed	copied to module layer and archived source from foundation
redistribute	/data/data/com.termux/files/home/02.ERP-system/00.foundation/900.meta/913.module-redistribution-archive/20260422_202743/020.architecture/INDEX__20260422_192233.md	30.accounting	020.architecture	/data/data/com.termux/files/home/02.ERP-system/30.accounting/020.architecture/INDEX__20260422_192233.md	redistributed	copied to module layer and archived source from foundation
redistribute	/data/data/com.termux/files/home/02.ERP-system/00.foundation/900.meta/913.module-redistribution-archive/20260422_202743/020.architecture/OVERVIEW__20260422_192233.md	30.accounting	020.architecture	/data/data/com.termux/files/home/02.ERP-system/30.accounting/020.architecture/OVERVIEW__20260422_192233.md	redistributed	copied to module layer and archived source from foundation
redistribute	/data/data/com.termux/files/home/02.ERP-system/00.foundation/900.meta/913.module-redistribution-archive/20260422_202743/080.policy/020_ERP_FOLDER_BOUNDARY_AND_TRANSITION_RULE.md	30.accounting	080.policy	/data/data/com.termux/files/home/02.ERP-system/30.accounting/080.policy/020_ERP_FOLDER_BOUNDARY_AND_TRANSITION_RULE.md	redistributed	copied to module layer and archived source from foundation
left_in_foundation	/data/data/com.termux/files/home/02.ERP-system/00.foundation/080.policy/040_ERP_DESIGN_CIVILIZATIONOS_STRUCTURE_AND_DISTRIBUTION_RULE.md	-	080.policy	-	kept	not classified to priority module
redistribute	/data/data/com.termux/files/home/02.ERP-system/00.foundation/900.meta/913.module-redistribution-archive/20260422_202743/120.implementation/032_ERP_UNNUMBERED_TO_NUMBERED_TRANSITION_SUMMARY.txt	30.accounting	120.implementation	/data/data/com.termux/files/home/02.ERP-system/30.accounting/120.implementation/032_ERP_UNNUMBERED_TO_NUMBERED_TRANSITION_SUMMARY.txt	redistributed	copied to module layer and archived source from foundation
empty_dir_archive	/data/data/com.termux/files/home/02.ERP-system/00.foundation/900.meta/910.transition-inbox/legacy-root-dirs	-	-	/data/data/com.termux/files/home/02.ERP-system/99.archive/20260422_202743/empty-transition-holders/00.foundation/900.meta/910.transition-inbox/legacy-root-dirs	archived	archived empty unnecessary folder
empty_dir_archive	/data/data/com.termux/files/home/02.ERP-system/00.foundation/900.meta/910.transition-inbox/legacy-root-files	-	-	/data/data/com.termux/files/home/02.ERP-system/99.archive/20260422_202743/empty-transition-holders/00.foundation/900.meta/910.transition-inbox/legacy-root-files	archived	archived empty unnecessary folder
empty_dir_archive	/data/data/com.termux/files/home/02.ERP-system/01.sales/900.meta/910.transition-inbox/legacy-root-dirs	-	-	/data/data/com.termux/files/home/02.ERP-system/99.archive/20260422_202743/empty-transition-holders/01.sales/900.meta/910.transition-inbox/legacy-root-dirs	archived	archived empty unnecessary folder
empty_dir_archive	/data/data/com.termux/files/home/02.ERP-system/01.sales/900.meta/910.transition-inbox/legacy-root-files	-	-	/data/data/com.termux/files/home/02.ERP-system/99.archive/20260422_202743/empty-transition-holders/01.sales/900.meta/910.transition-inbox/legacy-root-files	archived	archived empty unnecessary folder
empty_dir_archive	/data/data/com.termux/files/home/02.ERP-system/02.sfa/900.meta/910.transition-inbox/legacy-root-dirs	-	-	/data/data/com.termux/files/home/02.ERP-system/99.archive/20260422_202743/empty-transition-holders/02.sfa/900.meta/910.transition-inbox/legacy-root-dirs	archived	archived empty unnecessary folder
empty_dir_archive	/data/data/com.termux/files/home/02.ERP-system/02.sfa/900.meta/910.transition-inbox/legacy-root-files	-	-	/data/data/com.termux/files/home/02.ERP-system/99.archive/20260422_202743/empty-transition-holders/02.sfa/900.meta/910.transition-inbox/legacy-root-files	archived	archived empty unnecessary folder
empty_dir_archive	/data/data/com.termux/files/home/02.ERP-system/03.crm/900.meta/910.transition-inbox/legacy-root-dirs	-	-	/data/data/com.termux/files/home/02.ERP-system/99.archive/20260422_202743/empty-transition-holders/03.crm/900.meta/910.transition-inbox/legacy-root-dirs	archived	archived empty unnecessary folder
empty_dir_archive	/data/data/com.termux/files/home/02.ERP-system/03.crm/900.meta/910.transition-inbox/legacy-root-files	-	-	/data/data/com.termux/files/home/02.ERP-system/99.archive/20260422_202743/empty-transition-holders/03.crm/900.meta/910.transition-inbox/legacy-root-files	archived	archived empty unnecessary folder
empty_dir_archive	/data/data/com.termux/files/home/02.ERP-system/04.order-management/900.meta/910.transition-inbox/legacy-root-dirs	-	-	/data/data/com.termux/files/home/02.ERP-system/99.archive/20260422_202743/empty-transition-holders/04.order-management/900.meta/910.transition-inbox/legacy-root-dirs	archived	archived empty unnecessary folder
empty_dir_archive	/data/data/com.termux/files/home/02.ERP-system/04.order-management/900.meta/910.transition-inbox/legacy-root-files	-	-	/data/data/com.termux/files/home/02.ERP-system/99.archive/20260422_202743/empty-transition-holders/04.order-management/900.meta/910.transition-inbox/legacy-root-files	archived	archived empty unnecessary folder
empty_dir_archive	/data/data/com.termux/files/home/02.ERP-system/05.billing/900.meta/910.transition-inbox/legacy-root-dirs	-	-	/data/data/com.termux/files/home/02.ERP-system/99.archive/20260422_202743/empty-transition-holders/05.billing/900.meta/910.transition-inbox/legacy-root-dirs	archived	archived empty unnecessary folder
empty_dir_archive	/data/data/com.termux/files/home/02.ERP-system/05.billing/900.meta/910.transition-inbox/legacy-root-files	-	-	/data/data/com.termux/files/home/02.ERP-system/99.archive/20260422_202743/empty-transition-holders/05.billing/900.meta/910.transition-inbox/legacy-root-files	archived	archived empty unnecessary folder
empty_dir_archive	/data/data/com.termux/files/home/02.ERP-system/10.purchase/900.meta/910.transition-inbox/legacy-root-dirs	-	-	/data/data/com.termux/files/home/02.ERP-system/99.archive/20260422_202743/empty-transition-holders/10.purchase/900.meta/910.transition-inbox/legacy-root-dirs	archived	archived empty unnecessary folder
empty_dir_archive	/data/data/com.termux/files/home/02.ERP-system/10.purchase/900.meta/910.transition-inbox/legacy-root-files	-	-	/data/data/com.termux/files/home/02.ERP-system/99.archive/20260422_202743/empty-transition-holders/10.purchase/900.meta/910.transition-inbox/legacy-root-files	archived	archived empty unnecessary folder
empty_dir_archive	/data/data/com.termux/files/home/02.ERP-system/11.procurement/900.meta/910.transition-inbox/legacy-root-dirs	-	-	/data/data/com.termux/files/home/02.ERP-system/99.archive/20260422_202743/empty-transition-holders/11.procurement/900.meta/910.transition-inbox/legacy-root-dirs	archived	archived empty unnecessary folder
empty_dir_archive	/data/data/com.termux/files/home/02.ERP-system/11.procurement/900.meta/910.transition-inbox/legacy-root-files	-	-	/data/data/com.termux/files/home/02.ERP-system/99.archive/20260422_202743/empty-transition-holders/11.procurement/900.meta/910.transition-inbox/legacy-root-files	archived	archived empty unnecessary folder
empty_dir_archive	/data/data/com.termux/files/home/02.ERP-system/12.inventory/900.meta/910.transition-inbox/legacy-root-dirs	-	-	/data/data/com.termux/files/home/02.ERP-system/99.archive/20260422_202743/empty-transition-holders/12.inventory/900.meta/910.transition-inbox/legacy-root-dirs	archived	archived empty unnecessary folder
empty_dir_archive	/data/data/com.termux/files/home/02.ERP-system/12.inventory/900.meta/910.transition-inbox/legacy-root-files	-	-	/data/data/com.termux/files/home/02.ERP-system/99.archive/20260422_202743/empty-transition-holders/12.inventory/900.meta/910.transition-inbox/legacy-root-files	archived	archived empty unnecessary folder
empty_dir_archive	/data/data/com.termux/files/home/02.ERP-system/13.warehouse/01.inbound/900.meta/910.transition-inbox/legacy-root-dirs	-	-	/data/data/com.termux/files/home/02.ERP-system/99.archive/20260422_202743/empty-transition-holders/13.warehouse/01.inbound/900.meta/910.transition-inbox/legacy-root-dirs	archived	archived empty unnecessary folder
empty_dir_archive	/data/data/com.termux/files/home/02.ERP-system/13.warehouse/01.inbound/900.meta/910.transition-inbox/legacy-root-files	-	-	/data/data/com.termux/files/home/02.ERP-system/99.archive/20260422_202743/empty-transition-holders/13.warehouse/01.inbound/900.meta/910.transition-inbox/legacy-root-files	archived	archived empty unnecessary folder
empty_dir_archive	/data/data/com.termux/files/home/02.ERP-system/13.warehouse/02.outbound/900.meta/910.transition-inbox/legacy-root-dirs	-	-	/data/data/com.termux/files/home/02.ERP-system/99.archive/20260422_202743/empty-transition-holders/13.warehouse/02.outbound/900.meta/910.transition-inbox/legacy-root-dirs	archived	archived empty unnecessary folder
empty_dir_archive	/data/data/com.termux/files/home/02.ERP-system/13.warehouse/02.outbound/900.meta/910.transition-inbox/legacy-root-files	-	-	/data/data/com.termux/files/home/02.ERP-system/99.archive/20260422_202743/empty-transition-holders/13.warehouse/02.outbound/900.meta/910.transition-inbox/legacy-root-files	archived	archived empty unnecessary folder
empty_dir_archive	/data/data/com.termux/files/home/02.ERP-system/13.warehouse/03.allocation/900.meta/910.transition-inbox/legacy-root-dirs	-	-	/data/data/com.termux/files/home/02.ERP-system/99.archive/20260422_202743/empty-transition-holders/13.warehouse/03.allocation/900.meta/910.transition-inbox/legacy-root-dirs	archived	archived empty unnecessary folder
empty_dir_archive	/data/data/com.termux/files/home/02.ERP-system/13.warehouse/03.allocation/900.meta/910.transition-inbox/legacy-root-files	-	-	/data/data/com.termux/files/home/02.ERP-system/99.archive/20260422_202743/empty-transition-holders/13.warehouse/03.allocation/900.meta/910.transition-inbox/legacy-root-files	archived	archived empty unnecessary folder
empty_dir_archive	/data/data/com.termux/files/home/02.ERP-system/13.warehouse/04.picking/900.meta/910.transition-inbox/legacy-root-dirs	-	-	/data/data/com.termux/files/home/02.ERP-system/99.archive/20260422_202743/empty-transition-holders/13.warehouse/04.picking/900.meta/910.transition-inbox/legacy-root-dirs	archived	archived empty unnecessary folder
empty_dir_archive	/data/data/com.termux/files/home/02.ERP-system/13.warehouse/04.picking/900.meta/910.transition-inbox/legacy-root-files	-	-	/data/data/com.termux/files/home/02.ERP-system/99.archive/20260422_202743/empty-transition-holders/13.warehouse/04.picking/900.meta/910.transition-inbox/legacy-root-files	archived	archived empty unnecessary folder
empty_dir_archive	/data/data/com.termux/files/home/02.ERP-system/13.warehouse/05.shipping/900.meta/910.transition-inbox/legacy-root-dirs	-	-	/data/data/com.termux/files/home/02.ERP-system/99.archive/20260422_202743/empty-transition-holders/13.warehouse/05.shipping/900.meta/910.transition-inbox/legacy-root-dirs	archived	archived empty unnecessary folder
empty_dir_archive	/data/data/com.termux/files/home/02.ERP-system/13.warehouse/05.shipping/900.meta/910.transition-inbox/legacy-root-files	-	-	/data/data/com.termux/files/home/02.ERP-system/99.archive/20260422_202743/empty-transition-holders/13.warehouse/05.shipping/900.meta/910.transition-inbox/legacy-root-files	archived	archived empty unnecessary folder
empty_dir_archive	/data/data/com.termux/files/home/02.ERP-system/13.warehouse/06.receiving/900.meta/910.transition-inbox/legacy-root-dirs	-	-	/data/data/com.termux/files/home/02.ERP-system/99.archive/20260422_202743/empty-transition-holders/13.warehouse/06.receiving/900.meta/910.transition-inbox/legacy-root-dirs	archived	archived empty unnecessary folder
empty_dir_archive	/data/data/com.termux/files/home/02.ERP-system/13.warehouse/06.receiving/900.meta/910.transition-inbox/legacy-root-files	-	-	/data/data/com.termux/files/home/02.ERP-system/99.archive/20260422_202743/empty-transition-holders/13.warehouse/06.receiving/900.meta/910.transition-inbox/legacy-root-files	archived	archived empty unnecessary folder
empty_dir_archive	/data/data/com.termux/files/home/02.ERP-system/13.warehouse/900.meta/910.transition-inbox/legacy-root-dirs	-	-	/data/data/com.termux/files/home/02.ERP-system/99.archive/20260422_202743/empty-transition-holders/13.warehouse/900.meta/910.transition-inbox/legacy-root-dirs	archived	archived empty unnecessary folder
empty_dir_archive	/data/data/com.termux/files/home/02.ERP-system/13.warehouse/900.meta/910.transition-inbox/legacy-root-files	-	-	/data/data/com.termux/files/home/02.ERP-system/99.archive/20260422_202743/empty-transition-holders/13.warehouse/900.meta/910.transition-inbox/legacy-root-files	archived	archived empty unnecessary folder
empty_dir_archive	/data/data/com.termux/files/home/02.ERP-system/14.logistics/01.transportation/900.meta/910.transition-inbox/legacy-root-dirs	-	-	/data/data/com.termux/files/home/02.ERP-system/99.archive/20260422_202743/empty-transition-holders/14.logistics/01.transportation/900.meta/910.transition-inbox/legacy-root-dirs	archived	archived empty unnecessary folder
empty_dir_archive	/data/data/com.termux/files/home/02.ERP-system/14.logistics/01.transportation/900.meta/910.transition-inbox/legacy-root-files	-	-	/data/data/com.termux/files/home/02.ERP-system/99.archive/20260422_202743/empty-transition-holders/14.logistics/01.transportation/900.meta/910.transition-inbox/legacy-root-files	archived	archived empty unnecessary folder
empty_dir_archive	/data/data/com.termux/files/home/02.ERP-system/14.logistics/02.delivery/900.meta/910.transition-inbox/legacy-root-dirs	-	-	/data/data/com.termux/files/home/02.ERP-system/99.archive/20260422_202743/empty-transition-holders/14.logistics/02.delivery/900.meta/910.transition-inbox/legacy-root-dirs	archived	archived empty unnecessary folder
empty_dir_archive	/data/data/com.termux/files/home/02.ERP-system/14.logistics/02.delivery/900.meta/910.transition-inbox/legacy-root-files	-	-	/data/data/com.termux/files/home/02.ERP-system/99.archive/20260422_202743/empty-transition-holders/14.logistics/02.delivery/900.meta/910.transition-inbox/legacy-root-files	archived	archived empty unnecessary folder
empty_dir_archive	/data/data/com.termux/files/home/02.ERP-system/14.logistics/03.route-planning/900.meta/910.transition-inbox/legacy-root-dirs	-	-	/data/data/com.termux/files/home/02.ERP-system/99.archive/20260422_202743/empty-transition-holders/14.logistics/03.route-planning/900.meta/910.transition-inbox/legacy-root-dirs	archived	archived empty unnecessary folder
empty_dir_archive	/data/data/com.termux/files/home/02.ERP-system/14.logistics/03.route-planning/900.meta/910.transition-inbox/legacy-root-files	-	-	/data/data/com.termux/files/home/02.ERP-system/99.archive/20260422_202743/empty-transition-holders/14.logistics/03.route-planning/900.meta/910.transition-inbox/legacy-root-files	archived	archived empty unnecessary folder
empty_dir_archive	/data/data/com.termux/files/home/02.ERP-system/14.logistics/900.meta/910.transition-inbox/legacy-root-dirs	-	-	/data/data/com.termux/files/home/02.ERP-system/99.archive/20260422_202743/empty-transition-holders/14.logistics/900.meta/910.transition-inbox/legacy-root-dirs	archived	archived empty unnecessary folder
empty_dir_archive	/data/data/com.termux/files/home/02.ERP-system/14.logistics/900.meta/910.transition-inbox/legacy-root-files	-	-	/data/data/com.termux/files/home/02.ERP-system/99.archive/20260422_202743/empty-transition-holders/14.logistics/900.meta/910.transition-inbox/legacy-root-files	archived	archived empty unnecessary folder
empty_dir_archive	/data/data/com.termux/files/home/02.ERP-system/15.manufacturing/900.meta/910.transition-inbox/legacy-root-dirs	-	-	/data/data/com.termux/files/home/02.ERP-system/99.archive/20260422_202743/empty-transition-holders/15.manufacturing/900.meta/910.transition-inbox/legacy-root-dirs	archived	archived empty unnecessary folder
empty_dir_archive	/data/data/com.termux/files/home/02.ERP-system/15.manufacturing/900.meta/910.transition-inbox/legacy-root-files	-	-	/data/data/com.termux/files/home/02.ERP-system/99.archive/20260422_202743/empty-transition-holders/15.manufacturing/900.meta/910.transition-inbox/legacy-root-files	archived	archived empty unnecessary folder
empty_dir_archive	/data/data/com.termux/files/home/02.ERP-system/16.production-planning/01.mrp/900.meta/910.transition-inbox/legacy-root-dirs	-	-	/data/data/com.termux/files/home/02.ERP-system/99.archive/20260422_202743/empty-transition-holders/16.production-planning/01.mrp/900.meta/910.transition-inbox/legacy-root-dirs	archived	archived empty unnecessary folder
empty_dir_archive	/data/data/com.termux/files/home/02.ERP-system/16.production-planning/01.mrp/900.meta/910.transition-inbox/legacy-root-files	-	-	/data/data/com.termux/files/home/02.ERP-system/99.archive/20260422_202743/empty-transition-holders/16.production-planning/01.mrp/900.meta/910.transition-inbox/legacy-root-files	archived	archived empty unnecessary folder
empty_dir_archive	/data/data/com.termux/files/home/02.ERP-system/16.production-planning/02.crp/900.meta/910.transition-inbox/legacy-root-dirs	-	-	/data/data/com.termux/files/home/02.ERP-system/99.archive/20260422_202743/empty-transition-holders/16.production-planning/02.crp/900.meta/910.transition-inbox/legacy-root-dirs	archived	archived empty unnecessary folder
empty_dir_archive	/data/data/com.termux/files/home/02.ERP-system/16.production-planning/02.crp/900.meta/910.transition-inbox/legacy-root-files	-	-	/data/data/com.termux/files/home/02.ERP-system/99.archive/20260422_202743/empty-transition-holders/16.production-planning/02.crp/900.meta/910.transition-inbox/legacy-root-files	archived	archived empty unnecessary folder
empty_dir_archive	/data/data/com.termux/files/home/02.ERP-system/16.production-planning/03.scheduling/900.meta/910.transition-inbox/legacy-root-dirs	-	-	/data/data/com.termux/files/home/02.ERP-system/99.archive/20260422_202743/empty-transition-holders/16.production-planning/03.scheduling/900.meta/910.transition-inbox/legacy-root-dirs	archived	archived empty unnecessary folder
empty_dir_archive	/data/data/com.termux/files/home/02.ERP-system/16.production-planning/03.scheduling/900.meta/910.transition-inbox/legacy-root-files	-	-	/data/data/com.termux/files/home/02.ERP-system/99.archive/20260422_202743/empty-transition-holders/16.production-planning/03.scheduling/900.meta/910.transition-inbox/legacy-root-files	archived	archived empty unnecessary folder
empty_dir_archive	/data/data/com.termux/files/home/02.ERP-system/16.production-planning/900.meta/910.transition-inbox/legacy-root-dirs	-	-	/data/data/com.termux/files/home/02.ERP-system/99.archive/20260422_202743/empty-transition-holders/16.production-planning/900.meta/910.transition-inbox/legacy-root-dirs	archived	archived empty unnecessary folder
empty_dir_archive	/data/data/com.termux/files/home/02.ERP-system/16.production-planning/900.meta/910.transition-inbox/legacy-root-files	-	-	/data/data/com.termux/files/home/02.ERP-system/99.archive/20260422_202743/empty-transition-holders/16.production-planning/900.meta/910.transition-inbox/legacy-root-files	archived	archived empty unnecessary folder
empty_dir_archive	/data/data/com.termux/files/home/02.ERP-system/17.quality/900.meta/910.transition-inbox/legacy-root-dirs	-	-	/data/data/com.termux/files/home/02.ERP-system/99.archive/20260422_202743/empty-transition-holders/17.quality/900.meta/910.transition-inbox/legacy-root-dirs	archived	archived empty unnecessary folder
empty_dir_archive	/data/data/com.termux/files/home/02.ERP-system/17.quality/900.meta/910.transition-inbox/legacy-root-files	-	-	/data/data/com.termux/files/home/02.ERP-system/99.archive/20260422_202743/empty-transition-holders/17.quality/900.meta/910.transition-inbox/legacy-root-files	archived	archived empty unnecessary folder
empty_dir_archive	/data/data/com.termux/files/home/02.ERP-system/18.costing/900.meta/910.transition-inbox/legacy-root-dirs	-	-	/data/data/com.termux/files/home/02.ERP-system/99.archive/20260422_202743/empty-transition-holders/18.costing/900.meta/910.transition-inbox/legacy-root-dirs	archived	archived empty unnecessary folder
empty_dir_archive	/data/data/com.termux/files/home/02.ERP-system/18.costing/900.meta/910.transition-inbox/legacy-root-files	-	-	/data/data/com.termux/files/home/02.ERP-system/99.archive/20260422_202743/empty-transition-holders/18.costing/900.meta/910.transition-inbox/legacy-root-files	archived	archived empty unnecessary folder
empty_dir_archive	/data/data/com.termux/files/home/02.ERP-system/19.asset-management/01.asset-register/900.meta/910.transition-inbox/legacy-root-dirs	-	-	/data/data/com.termux/files/home/02.ERP-system/99.archive/20260422_202743/empty-transition-holders/19.asset-management/01.asset-register/900.meta/910.transition-inbox/legacy-root-dirs	archived	archived empty unnecessary folder
empty_dir_archive	/data/data/com.termux/files/home/02.ERP-system/19.asset-management/01.asset-register/900.meta/910.transition-inbox/legacy-root-files	-	-	/data/data/com.termux/files/home/02.ERP-system/99.archive/20260422_202743/empty-transition-holders/19.asset-management/01.asset-register/900.meta/910.transition-inbox/legacy-root-files	archived	archived empty unnecessary folder
empty_dir_archive	/data/data/com.termux/files/home/02.ERP-system/19.asset-management/02.maintenance-planning/900.meta/910.transition-inbox/legacy-root-dirs	-	-	/data/data/com.termux/files/home/02.ERP-system/99.archive/20260422_202743/empty-transition-holders/19.asset-management/02.maintenance-planning/900.meta/910.transition-inbox/legacy-root-dirs	archived	archived empty unnecessary folder
empty_dir_archive	/data/data/com.termux/files/home/02.ERP-system/19.asset-management/02.maintenance-planning/900.meta/910.transition-inbox/legacy-root-files	-	-	/data/data/com.termux/files/home/02.ERP-system/99.archive/20260422_202743/empty-transition-holders/19.asset-management/02.maintenance-planning/900.meta/910.transition-inbox/legacy-root-files	archived	archived empty unnecessary folder
empty_dir_archive	/data/data/com.termux/files/home/02.ERP-system/19.asset-management/03.utilization/900.meta/910.transition-inbox/legacy-root-dirs	-	-	/data/data/com.termux/files/home/02.ERP-system/99.archive/20260422_202743/empty-transition-holders/19.asset-management/03.utilization/900.meta/910.transition-inbox/legacy-root-dirs	archived	archived empty unnecessary folder
empty_dir_archive	/data/data/com.termux/files/home/02.ERP-system/19.asset-management/03.utilization/900.meta/910.transition-inbox/legacy-root-files	-	-	/data/data/com.termux/files/home/02.ERP-system/99.archive/20260422_202743/empty-transition-holders/19.asset-management/03.utilization/900.meta/910.transition-inbox/legacy-root-files	archived	archived empty unnecessary folder
empty_dir_archive	/data/data/com.termux/files/home/02.ERP-system/19.asset-management/900.meta/910.transition-inbox/legacy-root-dirs	-	-	/data/data/com.termux/files/home/02.ERP-system/99.archive/20260422_202743/empty-transition-holders/19.asset-management/900.meta/910.transition-inbox/legacy-root-dirs	archived	archived empty unnecessary folder
empty_dir_archive	/data/data/com.termux/files/home/02.ERP-system/19.asset-management/900.meta/910.transition-inbox/legacy-root-files	-	-	/data/data/com.termux/files/home/02.ERP-system/99.archive/20260422_202743/empty-transition-holders/19.asset-management/900.meta/910.transition-inbox/legacy-root-files	archived	archived empty unnecessary folder
empty_dir_archive	/data/data/com.termux/files/home/02.ERP-system/30.accounting/900.meta/910.transition-inbox/legacy-root-dirs	-	-	/data/data/com.termux/files/home/02.ERP-system/99.archive/20260422_202743/empty-transition-holders/30.accounting/900.meta/910.transition-inbox/legacy-root-dirs	archived	archived empty unnecessary folder
empty_dir_archive	/data/data/com.termux/files/home/02.ERP-system/30.accounting/900.meta/910.transition-inbox/legacy-root-files	-	-	/data/data/com.termux/files/home/02.ERP-system/99.archive/20260422_202743/empty-transition-holders/30.accounting/900.meta/910.transition-inbox/legacy-root-files	archived	archived empty unnecessary folder
empty_dir_archive	/data/data/com.termux/files/home/02.ERP-system/31.management-accounting/900.meta/910.transition-inbox/legacy-root-dirs	-	-	/data/data/com.termux/files/home/02.ERP-system/99.archive/20260422_202743/empty-transition-holders/31.management-accounting/900.meta/910.transition-inbox/legacy-root-dirs	archived	archived empty unnecessary folder
empty_dir_archive	/data/data/com.termux/files/home/02.ERP-system/31.management-accounting/900.meta/910.transition-inbox/legacy-root-files	-	-	/data/data/com.termux/files/home/02.ERP-system/99.archive/20260422_202743/empty-transition-holders/31.management-accounting/900.meta/910.transition-inbox/legacy-root-files	archived	archived empty unnecessary folder
empty_dir_archive	/data/data/com.termux/files/home/02.ERP-system/32.project-accounting/900.meta/910.transition-inbox/legacy-root-dirs	-	-	/data/data/com.termux/files/home/02.ERP-system/99.archive/20260422_202743/empty-transition-holders/32.project-accounting/900.meta/910.transition-inbox/legacy-root-dirs	archived	archived empty unnecessary folder
empty_dir_archive	/data/data/com.termux/files/home/02.ERP-system/32.project-accounting/900.meta/910.transition-inbox/legacy-root-files	-	-	/data/data/com.termux/files/home/02.ERP-system/99.archive/20260422_202743/empty-transition-holders/32.project-accounting/900.meta/910.transition-inbox/legacy-root-files	archived	archived empty unnecessary folder
empty_dir_archive	/data/data/com.termux/files/home/02.ERP-system/33.fixed-assets/900.meta/910.transition-inbox/legacy-root-dirs	-	-	/data/data/com.termux/files/home/02.ERP-system/99.archive/20260422_202743/empty-transition-holders/33.fixed-assets/900.meta/910.transition-inbox/legacy-root-dirs	archived	archived empty unnecessary folder
empty_dir_archive	/data/data/com.termux/files/home/02.ERP-system/33.fixed-assets/900.meta/910.transition-inbox/legacy-root-files	-	-	/data/data/com.termux/files/home/02.ERP-system/99.archive/20260422_202743/empty-transition-holders/33.fixed-assets/900.meta/910.transition-inbox/legacy-root-files	archived	archived empty unnecessary folder
empty_dir_archive	/data/data/com.termux/files/home/02.ERP-system/34.cash-management/900.meta/910.transition-inbox/legacy-root-dirs	-	-	/data/data/com.termux/files/home/02.ERP-system/99.archive/20260422_202743/empty-transition-holders/34.cash-management/900.meta/910.transition-inbox/legacy-root-dirs	archived	archived empty unnecessary folder
empty_dir_archive	/data/data/com.termux/files/home/02.ERP-system/34.cash-management/900.meta/910.transition-inbox/legacy-root-files	-	-	/data/data/com.termux/files/home/02.ERP-system/99.archive/20260422_202743/empty-transition-holders/34.cash-management/900.meta/910.transition-inbox/legacy-root-files	archived	archived empty unnecessary folder
empty_dir_archive	/data/data/com.termux/files/home/02.ERP-system/40.human-resources/900.meta/910.transition-inbox/legacy-root-dirs	-	-	/data/data/com.termux/files/home/02.ERP-system/99.archive/20260422_202743/empty-transition-holders/40.human-resources/900.meta/910.transition-inbox/legacy-root-dirs	archived	archived empty unnecessary folder
empty_dir_archive	/data/data/com.termux/files/home/02.ERP-system/40.human-resources/900.meta/910.transition-inbox/legacy-root-files	-	-	/data/data/com.termux/files/home/02.ERP-system/99.archive/20260422_202743/empty-transition-holders/40.human-resources/900.meta/910.transition-inbox/legacy-root-files	archived	archived empty unnecessary folder
empty_dir_archive	/data/data/com.termux/files/home/02.ERP-system/41.labor-management/01.attendance/900.meta/910.transition-inbox/legacy-root-dirs	-	-	/data/data/com.termux/files/home/02.ERP-system/99.archive/20260422_202743/empty-transition-holders/41.labor-management/01.attendance/900.meta/910.transition-inbox/legacy-root-dirs	archived	archived empty unnecessary folder
empty_dir_archive	/data/data/com.termux/files/home/02.ERP-system/41.labor-management/01.attendance/900.meta/910.transition-inbox/legacy-root-files	-	-	/data/data/com.termux/files/home/02.ERP-system/99.archive/20260422_202743/empty-transition-holders/41.labor-management/01.attendance/900.meta/910.transition-inbox/legacy-root-files	archived	archived empty unnecessary folder
empty_dir_archive	/data/data/com.termux/files/home/02.ERP-system/41.labor-management/02.shift/900.meta/910.transition-inbox/legacy-root-dirs	-	-	/data/data/com.termux/files/home/02.ERP-system/99.archive/20260422_202743/empty-transition-holders/41.labor-management/02.shift/900.meta/910.transition-inbox/legacy-root-dirs	archived	archived empty unnecessary folder
empty_dir_archive	/data/data/com.termux/files/home/02.ERP-system/41.labor-management/02.shift/900.meta/910.transition-inbox/legacy-root-files	-	-	/data/data/com.termux/files/home/02.ERP-system/99.archive/20260422_202743/empty-transition-holders/41.labor-management/02.shift/900.meta/910.transition-inbox/legacy-root-files	archived	archived empty unnecessary folder
empty_dir_archive	/data/data/com.termux/files/home/02.ERP-system/41.labor-management/03.leave/900.meta/910.transition-inbox/legacy-root-dirs	-	-	/data/data/com.termux/files/home/02.ERP-system/99.archive/20260422_202743/empty-transition-holders/41.labor-management/03.leave/900.meta/910.transition-inbox/legacy-root-dirs	archived	archived empty unnecessary folder
empty_dir_archive	/data/data/com.termux/files/home/02.ERP-system/41.labor-management/03.leave/900.meta/910.transition-inbox/legacy-root-files	-	-	/data/data/com.termux/files/home/02.ERP-system/99.archive/20260422_202743/empty-transition-holders/41.labor-management/03.leave/900.meta/910.transition-inbox/legacy-root-files	archived	archived empty unnecessary folder
empty_dir_archive	/data/data/com.termux/files/home/02.ERP-system/41.labor-management/04.overtime/900.meta/910.transition-inbox/legacy-root-dirs	-	-	/data/data/com.termux/files/home/02.ERP-system/99.archive/20260422_202743/empty-transition-holders/41.labor-management/04.overtime/900.meta/910.transition-inbox/legacy-root-dirs	archived	archived empty unnecessary folder
empty_dir_archive	/data/data/com.termux/files/home/02.ERP-system/41.labor-management/04.overtime/900.meta/910.transition-inbox/legacy-root-files	-	-	/data/data/com.termux/files/home/02.ERP-system/99.archive/20260422_202743/empty-transition-holders/41.labor-management/04.overtime/900.meta/910.transition-inbox/legacy-root-files	archived	archived empty unnecessary folder
empty_dir_archive	/data/data/com.termux/files/home/02.ERP-system/41.labor-management/05.work-record/900.meta/910.transition-inbox/legacy-root-dirs	-	-	/data/data/com.termux/files/home/02.ERP-system/99.archive/20260422_202743/empty-transition-holders/41.labor-management/05.work-record/900.meta/910.transition-inbox/legacy-root-dirs	archived	archived empty unnecessary folder
empty_dir_archive	/data/data/com.termux/files/home/02.ERP-system/41.labor-management/05.work-record/900.meta/910.transition-inbox/legacy-root-files	-	-	/data/data/com.termux/files/home/02.ERP-system/99.archive/20260422_202743/empty-transition-holders/41.labor-management/05.work-record/900.meta/910.transition-inbox/legacy-root-files	archived	archived empty unnecessary folder
empty_dir_archive	/data/data/com.termux/files/home/02.ERP-system/41.labor-management/900.meta/910.transition-inbox/legacy-root-dirs	-	-	/data/data/com.termux/files/home/02.ERP-system/99.archive/20260422_202743/empty-transition-holders/41.labor-management/900.meta/910.transition-inbox/legacy-root-dirs	archived	archived empty unnecessary folder
empty_dir_archive	/data/data/com.termux/files/home/02.ERP-system/41.labor-management/900.meta/910.transition-inbox/legacy-root-files	-	-	/data/data/com.termux/files/home/02.ERP-system/99.archive/20260422_202743/empty-transition-holders/41.labor-management/900.meta/910.transition-inbox/legacy-root-files	archived	archived empty unnecessary folder
empty_dir_archive	/data/data/com.termux/files/home/02.ERP-system/42.payroll/900.meta/910.transition-inbox/legacy-root-dirs	-	-	/data/data/com.termux/files/home/02.ERP-system/99.archive/20260422_202743/empty-transition-holders/42.payroll/900.meta/910.transition-inbox/legacy-root-dirs	archived	archived empty unnecessary folder
empty_dir_archive	/data/data/com.termux/files/home/02.ERP-system/42.payroll/900.meta/910.transition-inbox/legacy-root-files	-	-	/data/data/com.termux/files/home/02.ERP-system/99.archive/20260422_202743/empty-transition-holders/42.payroll/900.meta/910.transition-inbox/legacy-root-files	archived	archived empty unnecessary folder
empty_dir_archive	/data/data/com.termux/files/home/02.ERP-system/50.approval/900.meta/910.transition-inbox/legacy-root-dirs	-	-	/data/data/com.termux/files/home/02.ERP-system/99.archive/20260422_202743/empty-transition-holders/50.approval/900.meta/910.transition-inbox/legacy-root-dirs	archived	archived empty unnecessary folder
empty_dir_archive	/data/data/com.termux/files/home/02.ERP-system/50.approval/900.meta/910.transition-inbox/legacy-root-files	-	-	/data/data/com.termux/files/home/02.ERP-system/99.archive/20260422_202743/empty-transition-holders/50.approval/900.meta/910.transition-inbox/legacy-root-files	archived	archived empty unnecessary folder
empty_dir_archive	/data/data/com.termux/files/home/02.ERP-system/51.audit/900.meta/910.transition-inbox/legacy-root-dirs	-	-	/data/data/com.termux/files/home/02.ERP-system/99.archive/20260422_202743/empty-transition-holders/51.audit/900.meta/910.transition-inbox/legacy-root-dirs	archived	archived empty unnecessary folder
empty_dir_archive	/data/data/com.termux/files/home/02.ERP-system/51.audit/900.meta/910.transition-inbox/legacy-root-files	-	-	/data/data/com.termux/files/home/02.ERP-system/99.archive/20260422_202743/empty-transition-holders/51.audit/900.meta/910.transition-inbox/legacy-root-files	archived	archived empty unnecessary folder
empty_dir_archive	/data/data/com.termux/files/home/02.ERP-system/52.master-data/900.meta/910.transition-inbox/legacy-root-dirs	-	-	/data/data/com.termux/files/home/02.ERP-system/99.archive/20260422_202743/empty-transition-holders/52.master-data/900.meta/910.transition-inbox/legacy-root-dirs	archived	archived empty unnecessary folder
empty_dir_archive	/data/data/com.termux/files/home/02.ERP-system/52.master-data/900.meta/910.transition-inbox/legacy-root-files	-	-	/data/data/com.termux/files/home/02.ERP-system/99.archive/20260422_202743/empty-transition-holders/52.master-data/900.meta/910.transition-inbox/legacy-root-files	archived	archived empty unnecessary folder
empty_dir_archive	/data/data/com.termux/files/home/02.ERP-system/90.transition-triage/00.root-files/900.meta/910.transition-inbox/legacy-root-dirs	-	-	/data/data/com.termux/files/home/02.ERP-system/99.archive/20260422_202743/empty-transition-holders/90.transition-triage/00.root-files/900.meta/910.transition-inbox/legacy-root-dirs	archived	archived empty unnecessary folder
empty_dir_archive	/data/data/com.termux/files/home/02.ERP-system/90.transition-triage/00.root-files/900.meta/910.transition-inbox/legacy-root-files	-	-	/data/data/com.termux/files/home/02.ERP-system/99.archive/20260422_202743/empty-transition-holders/90.transition-triage/00.root-files/900.meta/910.transition-inbox/legacy-root-files	archived	archived empty unnecessary folder
empty_dir_archive	/data/data/com.termux/files/home/02.ERP-system/90.transition-triage/900.meta/910.transition-inbox/legacy-root-dirs	-	-	/data/data/com.termux/files/home/02.ERP-system/99.archive/20260422_202743/empty-transition-holders/90.transition-triage/900.meta/910.transition-inbox/legacy-root-dirs	archived	archived empty unnecessary folder
empty_dir_archive	/data/data/com.termux/files/home/02.ERP-system/90.transition-triage/900.meta/910.transition-inbox/legacy-root-files	-	-	/data/data/com.termux/files/home/02.ERP-system/99.archive/20260422_202743/empty-transition-holders/90.transition-triage/900.meta/910.transition-inbox/legacy-root-files	archived	archived empty unnecessary folder
